{"level":"info","logDir":"logs","message":"🚀 Winston logger initialized","nodeVersion":"v24.13.0","platform":"win32","timestamp":"2026-02-13 00:51:36"}
{"errors":["Role 28: Permission undefined not found in REPORT","Role 28: Permission undefined not found in REPORT","Role 38: Permission undefined not found in VAULT"],"level":"warn","message":"Permission validation errors","timestamp":"2026-02-13 00:51:59"}
{"level":"info","message":"Server time initialized (WAT): 2026-02-13T09:52:11.828Z","timestamp":"2026-02-13 00:52:11"}
{"error":"auditLogger.info(...).catch is not a function","level":"warn","message":"Could not log startup audit","timestamp":"2026-02-13 00:52:11"}
{"errors":["Role 28: Permission undefined not found in REPORT","Role 28: Permission undefined not found in REPORT","Role 38: Permission undefined not found in VAULT"],"level":"warn","message":"Permission validation errors","timestamp":"2026-02-13 00:52:12"}
{"date":"Fri Feb 13 2026 00:52:19 GMT-0800 (Pacific Standard Time)","error":{},"level":"error","message":"unhandledRejection: Cannot access 'app' before initialization\nReferenceError: Cannot access 'app' before initialization\n    at file:///F:/WORKON/CODE/PCO_BANKING/EVOLUTION%20BANKING%20BACKEND/src/app.js:26:1\n    at process.processTicksAndRejections (node:internal/process/task_queues:103:5)","os":{"loadavg":[0,0,0],"uptime":303022.828},"process":{"argv":["C:\\Program Files\\nodejs\\node.exe","C:\\Users\\Frederick.A_FNGA0289\\AppData\\Roaming\\npm\\node_modules\\pm2\\lib\\ProcessContainer.js"],"cwd":"F:\\WORKON\\CODE\\PCO_BANKING\\EVOLUTION BANKING BACKEND","execPath":"C:\\Program Files\\nodejs\\node.exe","gid":null,"memoryUsage":{"arrayBuffers":3854522,"external":7770231,"heapTotal":221495296,"heapUsed":99472784,"rss":177549312},"pid":27120,"uid":null,"version":"v24.13.0"},"rejection":true,"stack":"ReferenceError: Cannot access 'app' before initialization\n    at file:///F:/WORKON/CODE/PCO_BANKING/EVOLUTION%20BANKING%20BACKEND/src/app.js:26:1\n    at process.processTicksAndRejections (node:internal/process/task_queues:103:5)","timestamp":"2026-02-13 00:52:19","trace":[{"column":1,"file":"file:///F:/WORKON/CODE/PCO_BANKING/EVOLUTION%20BANKING%20BACKEND/src/app.js","function":null,"line":26,"method":null,"native":false},{"column":5,"file":"node:internal/process/task_queues","function":"process.processTicksAndRejections","line":103,"method":"processTicksAndRejections","native":false}]}
{"level":"info","message":"🔧 Auto-initializing models in development mode...","timestamp":"2026-02-13 00:52:20"}
{"level":"info","message":"🚀 Initializing model loader...","timestamp":"2026-02-13 00:52:20"}
{"level":"info","message":"✅ Models loaded via index.js","timestamp":"2026-02-13 00:52:20"}
{"level":"info","message":"✅ Loaded critical model User on demand","timestamp":"2026-02-13 00:52:20"}
{"level":"info","message":"✅ Loaded critical model Customer on demand","timestamp":"2026-02-13 00:52:20"}
{"level":"info","message":"✅ Loaded critical model CustomerAccount on demand","timestamp":"2026-02-13 00:52:20"}
{"level":"info","message":"✅ Loaded critical model LoanAccount on demand","timestamp":"2026-02-13 00:52:20"}
{"level":"info","message":"✅ Loaded critical model LoanRepayment on demand","timestamp":"2026-02-13 00:52:20"}
{"level":"info","message":"✅ Loaded critical model Deposit on demand","timestamp":"2026-02-13 00:52:20"}
{"level":"info","message":"✅ Loaded critical model Transaction on demand","timestamp":"2026-02-13 00:52:20"}
{"level":"info","message":"✅ Loaded critical model GLAccount on demand","timestamp":"2026-02-13 00:52:20"}
{"level":"info","message":"✅ Loaded critical model AuditTrail on demand","timestamp":"2026-02-13 00:52:20"}
{"level":"info","message":"✅ Model loader initialized successfully","timestamp":"2026-02-13 00:52:20"}
{"level":"info","message":"📊 Loaded models: sequelize, Op, DataTypes, QueryTypes, User, Customer, CustomerAccount, LoanAccount, LoanRepayment, Deposit, Transaction, GLAccount, AuditTrail","timestamp":"2026-02-13 00:52:20"}
{"level":"info","message":"📊 Model Statistics:","timestamp":"2026-02-13 00:52:20"}
{"level":"info","message":"   Total models loaded: 13","timestamp":"2026-02-13 00:52:20"}
{"level":"info","message":"   CUSTOMER: 2 models","timestamp":"2026-02-13 00:52:20"}
{"level":"info","message":"   LOAN: 2 models","timestamp":"2026-02-13 00:52:20"}
{"level":"info","message":"   DEPOSIT: 1 models","timestamp":"2026-02-13 00:52:20"}
{"level":"info","message":"   TRANSACTION: 1 models","timestamp":"2026-02-13 00:52:20"}
{"level":"info","message":"   USER: 1 models","timestamp":"2026-02-13 00:52:20"}
{"level":"info","message":"   ACCOUNTING: 1 models","timestamp":"2026-02-13 00:52:20"}
{"level":"info","message":"   AUDIT: 1 models","timestamp":"2026-02-13 00:52:20"}
{"level":"info","logDir":"logs","message":"🚀 Winston logger initialized","nodeVersion":"v24.13.0","platform":"win32","timestamp":"2026-02-13 00:51:36"}
{"errors":["Role 28: Permission undefined not found in REPORT","Role 28: Permission undefined not found in REPORT","Role 38: Permission undefined not found in VAULT"],"level":"warn","message":"Permission validation errors","timestamp":"2026-02-13 00:51:59"}
{"level":"info","message":"Server time initialized (WAT): 2026-02-13T09:52:11.952Z","timestamp":"2026-02-13 00:52:11"}
{"error":"auditLogger.info(...).catch is not a function","level":"warn","message":"Could not log startup audit","timestamp":"2026-02-13 00:52:11"}
{"errors":["Role 28: Permission undefined not found in REPORT","Role 28: Permission undefined not found in REPORT","Role 38: Permission undefined not found in VAULT"],"level":"warn","message":"Permission validation errors","timestamp":"2026-02-13 00:52:12"}
{"date":"Fri Feb 13 2026 00:52:20 GMT-0800 (Pacific Standard Time)","error":{},"level":"error","message":"unhandledRejection: Cannot access 'app' before initialization\nReferenceError: Cannot access 'app' before initialization\n    at file:///F:/WORKON/CODE/PCO_BANKING/EVOLUTION%20BANKING%20BACKEND/src/app.js:26:1\n    at process.processTicksAndRejections (node:internal/process/task_queues:103:5)","os":{"loadavg":[0,0,0],"uptime":303023.531},"process":{"argv":["C:\\Program Files\\nodejs\\node.exe","C:\\Users\\Frederick.A_FNGA0289\\AppData\\Roaming\\npm\\node_modules\\pm2\\lib\\ProcessContainer.js"],"cwd":"F:\\WORKON\\CODE\\PCO_BANKING\\EVOLUTION BANKING BACKEND","execPath":"C:\\Program Files\\nodejs\\node.exe","gid":null,"memoryUsage":{"arrayBuffers":3854520,"external":7770229,"heapTotal":222543872,"heapUsed":99424224,"rss":167260160},"pid":13288,"uid":null,"version":"v24.13.0"},"rejection":true,"stack":"ReferenceError: Cannot access 'app' before initialization\n    at file:///F:/WORKON/CODE/PCO_BANKING/EVOLUTION%20BANKING%20BACKEND/src/app.js:26:1\n    at process.processTicksAndRejections (node:internal/process/task_queues:103:5)","timestamp":"2026-02-13 00:52:20","trace":[{"column":1,"file":"file:///F:/WORKON/CODE/PCO_BANKING/EVOLUTION%20BANKING%20BACKEND/src/app.js","function":null,"line":26,"method":null,"native":false},{"column":5,"file":"node:internal/process/task_queues","function":"process.processTicksAndRejections","line":103,"method":"processTicksAndRejections","native":false}]}
{"level":"info","message":"🔧 Auto-initializing models in development mode...","timestamp":"2026-02-13 00:52:20"}
{"level":"info","message":"🚀 Initializing model loader...","timestamp":"2026-02-13 00:52:20"}
{"level":"info","message":"✅ Models loaded via index.js","timestamp":"2026-02-13 00:52:20"}
{"level":"info","message":"✅ Loaded critical model User on demand","timestamp":"2026-02-13 00:52:20"}
{"level":"info","message":"✅ Loaded critical model Customer on demand","timestamp":"2026-02-13 00:52:20"}
{"level":"info","message":"✅ Loaded critical model CustomerAccount on demand","timestamp":"2026-02-13 00:52:20"}
{"level":"info","message":"✅ Loaded critical model LoanAccount on demand","timestamp":"2026-02-13 00:52:20"}
{"level":"info","message":"✅ Loaded critical model LoanRepayment on demand","timestamp":"2026-02-13 00:52:20"}
{"level":"info","message":"✅ Loaded critical model Deposit on demand","timestamp":"2026-02-13 00:52:20"}
{"level":"info","message":"✅ Loaded critical model Transaction on demand","timestamp":"2026-02-13 00:52:20"}
{"level":"info","message":"✅ Loaded critical model GLAccount on demand","timestamp":"2026-02-13 00:52:21"}
{"level":"info","message":"✅ Loaded critical model AuditTrail on demand","timestamp":"2026-02-13 00:52:21"}
{"level":"info","message":"✅ Model loader initialized successfully","timestamp":"2026-02-13 00:52:21"}
{"level":"info","message":"📊 Loaded models: sequelize, Op, DataTypes, QueryTypes, User, Customer, CustomerAccount, LoanAccount, LoanRepayment, Deposit, Transaction, GLAccount, AuditTrail","timestamp":"2026-02-13 00:52:21"}
{"level":"info","message":"📊 Model Statistics:","timestamp":"2026-02-13 00:52:21"}
{"level":"info","message":"   Total models loaded: 13","timestamp":"2026-02-13 00:52:21"}
{"level":"info","message":"   CUSTOMER: 2 models","timestamp":"2026-02-13 00:52:21"}
{"level":"info","message":"   LOAN: 2 models","timestamp":"2026-02-13 00:52:21"}
{"level":"info","message":"   DEPOSIT: 1 models","timestamp":"2026-02-13 00:52:21"}
{"level":"info","message":"   TRANSACTION: 1 models","timestamp":"2026-02-13 00:52:21"}
{"level":"info","message":"   USER: 1 models","timestamp":"2026-02-13 00:52:21"}
{"level":"info","message":"   ACCOUNTING: 1 models","timestamp":"2026-02-13 00:52:21"}
{"level":"info","message":"   AUDIT: 1 models","timestamp":"2026-02-13 00:52:21"}
{"level":"info","logDir":"logs","message":"🚀 Winston logger initialized","nodeVersion":"v24.13.0","platform":"win32","timestamp":"2026-02-13 00:51:36"}
{"errors":["Role 28: Permission undefined not found in REPORT","Role 28: Permission undefined not found in REPORT","Role 38: Permission undefined not found in VAULT"],"level":"warn","message":"Permission validation errors","timestamp":"2026-02-13 00:51:59"}
{"level":"info","message":"Server time initialized (WAT): 2026-02-13T09:52:11.835Z","timestamp":"2026-02-13 00:52:11"}
{"error":"auditLogger.info(...).catch is not a function","level":"warn","message":"Could not log startup audit","timestamp":"2026-02-13 00:52:11"}
{"errors":["Role 28: Permission undefined not found in REPORT","Role 28: Permission undefined not found in REPORT","Role 38: Permission undefined not found in VAULT"],"level":"warn","message":"Permission validation errors","timestamp":"2026-02-13 00:52:12"}
{"date":"Fri Feb 13 2026 00:52:20 GMT-0800 (Pacific Standard Time)","error":{},"level":"error","message":"unhandledRejection: Cannot access 'app' before initialization\nReferenceError: Cannot access 'app' before initialization\n    at file:///F:/WORKON/CODE/PCO_BANKING/EVOLUTION%20BANKING%20BACKEND/src/app.js:26:1\n    at process.processTicksAndRejections (node:internal/process/task_queues:103:5)","os":{"loadavg":[0,0,0],"uptime":303023.343},"process":{"argv":["C:\\Program Files\\nodejs\\node.exe","C:\\Users\\Frederick.A_FNGA0289\\AppData\\Roaming\\npm\\node_modules\\pm2\\lib\\ProcessContainer.js"],"cwd":"F:\\WORKON\\CODE\\PCO_BANKING\\EVOLUTION BANKING BACKEND","execPath":"C:\\Program Files\\nodejs\\node.exe","gid":null,"memoryUsage":{"arrayBuffers":3850987,"external":7765699,"heapTotal":221757440,"heapUsed":99458264,"rss":168574976},"pid":12692,"uid":null,"version":"v24.13.0"},"rejection":true,"stack":"ReferenceError: Cannot access 'app' before initialization\n    at file:///F:/WORKON/CODE/PCO_BANKING/EVOLUTION%20BANKING%20BACKEND/src/app.js:26:1\n    at process.processTicksAndRejections (node:internal/process/task_queues:103:5)","timestamp":"2026-02-13 00:52:20","trace":[{"column":1,"file":"file:///F:/WORKON/CODE/PCO_BANKING/EVOLUTION%20BANKING%20BACKEND/src/app.js","function":null,"line":26,"method":null,"native":false},{"column":5,"file":"node:internal/process/task_queues","function":"process.processTicksAndRejections","line":103,"method":"processTicksAndRejections","native":false}]}
{"level":"info","message":"🔧 Auto-initializing models in development mode...","timestamp":"2026-02-13 00:52:20"}
{"level":"info","message":"🚀 Initializing model loader...","timestamp":"2026-02-13 00:52:20"}
{"level":"info","message":"✅ Models loaded via index.js","timestamp":"2026-02-13 00:52:20"}
{"level":"info","message":"✅ Loaded critical model User on demand","timestamp":"2026-02-13 00:52:20"}
{"level":"info","message":"✅ Loaded critical model Customer on demand","timestamp":"2026-02-13 00:52:20"}
{"level":"info","message":"✅ Loaded critical model CustomerAccount on demand","timestamp":"2026-02-13 00:52:20"}
{"level":"info","message":"✅ Loaded critical model LoanAccount on demand","timestamp":"2026-02-13 00:52:20"}
{"level":"info","message":"✅ Loaded critical model LoanRepayment on demand","timestamp":"2026-02-13 00:52:20"}
{"level":"info","message":"✅ Loaded critical model Deposit on demand","timestamp":"2026-02-13 00:52:20"}
{"level":"info","message":"✅ Loaded critical model Transaction on demand","timestamp":"2026-02-13 00:52:20"}
{"level":"info","message":"✅ Loaded critical model GLAccount on demand","timestamp":"2026-02-13 00:52:20"}
{"level":"info","message":"✅ Loaded critical model AuditTrail on demand","timestamp":"2026-02-13 00:52:20"}
{"level":"info","message":"✅ Model loader initialized successfully","timestamp":"2026-02-13 00:52:20"}
{"level":"info","message":"📊 Loaded models: sequelize, Op, DataTypes, QueryTypes, User, Customer, CustomerAccount, LoanAccount, LoanRepayment, Deposit, Transaction, GLAccount, AuditTrail","timestamp":"2026-02-13 00:52:20"}
{"level":"info","message":"📊 Model Statistics:","timestamp":"2026-02-13 00:52:20"}
{"level":"info","message":"   Total models loaded: 13","timestamp":"2026-02-13 00:52:20"}
{"level":"info","message":"   CUSTOMER: 2 models","timestamp":"2026-02-13 00:52:20"}
{"level":"info","message":"   LOAN: 2 models","timestamp":"2026-02-13 00:52:20"}
{"level":"info","message":"   DEPOSIT: 1 models","timestamp":"2026-02-13 00:52:20"}
{"level":"info","message":"   TRANSACTION: 1 models","timestamp":"2026-02-13 00:52:20"}
{"level":"info","message":"   USER: 1 models","timestamp":"2026-02-13 00:52:20"}
{"level":"info","message":"   ACCOUNTING: 1 models","timestamp":"2026-02-13 00:52:20"}
{"level":"info","message":"   AUDIT: 1 models","timestamp":"2026-02-13 00:52:20"}
{"level":"info","logDir":"logs","message":"🚀 Winston logger initialized","nodeVersion":"v24.13.0","platform":"win32","timestamp":"2026-02-13 00:51:36"}
{"errors":["Role 28: Permission undefined not found in REPORT","Role 28: Permission undefined not found in REPORT","Role 38: Permission undefined not found in VAULT"],"level":"warn","message":"Permission validation errors","timestamp":"2026-02-13 00:51:59"}
{"level":"info","message":"Server time initialized (WAT): 2026-02-13T09:52:11.872Z","timestamp":"2026-02-13 00:52:11"}
{"error":"auditLogger.info(...).catch is not a function","level":"warn","message":"Could not log startup audit","timestamp":"2026-02-13 00:52:12"}
{"errors":["Role 28: Permission undefined not found in REPORT","Role 28: Permission undefined not found in REPORT","Role 38: Permission undefined not found in VAULT"],"level":"warn","message":"Permission validation errors","timestamp":"2026-02-13 00:52:12"}
{"date":"Fri Feb 13 2026 00:52:20 GMT-0800 (Pacific Standard Time)","error":{},"level":"error","message":"unhandledRejection: Cannot access 'app' before initialization\nReferenceError: Cannot access 'app' before initialization\n    at file:///F:/WORKON/CODE/PCO_BANKING/EVOLUTION%20BANKING%20BACKEND/src/app.js:26:1\n    at process.processTicksAndRejections (node:internal/process/task_queues:103:5)","os":{"loadavg":[0,0,0],"uptime":303023.312},"process":{"argv":["C:\\Program Files\\nodejs\\node.exe","C:\\Users\\Frederick.A_FNGA0289\\AppData\\Roaming\\npm\\node_modules\\pm2\\lib\\ProcessContainer.js"],"cwd":"F:\\WORKON\\CODE\\PCO_BANKING\\EVOLUTION BANKING BACKEND","execPath":"C:\\Program Files\\nodejs\\node.exe","gid":null,"memoryUsage":{"arrayBuffers":3854520,"external":7770229,"heapTotal":221233152,"heapUsed":99484328,"rss":165400576},"pid":11360,"uid":null,"version":"v24.13.0"},"rejection":true,"stack":"ReferenceError: Cannot access 'app' before initialization\n    at file:///F:/WORKON/CODE/PCO_BANKING/EVOLUTION%20BANKING%20BACKEND/src/app.js:26:1\n    at process.processTicksAndRejections (node:internal/process/task_queues:103:5)","timestamp":"2026-02-13 00:52:20","trace":[{"column":1,"file":"file:///F:/WORKON/CODE/PCO_BANKING/EVOLUTION%20BANKING%20BACKEND/src/app.js","function":null,"line":26,"method":null,"native":false},{"column":5,"file":"node:internal/process/task_queues","function":"process.processTicksAndRejections","line":103,"method":"processTicksAndRejections","native":false}]}
{"level":"info","message":"🔧 Auto-initializing models in development mode...","timestamp":"2026-02-13 00:52:20"}
{"level":"info","message":"🚀 Initializing model loader...","timestamp":"2026-02-13 00:52:20"}
{"level":"info","message":"✅ Models loaded via index.js","timestamp":"2026-02-13 00:52:20"}
{"level":"info","message":"✅ Loaded critical model User on demand","timestamp":"2026-02-13 00:52:20"}
{"level":"info","message":"✅ Loaded critical model Customer on demand","timestamp":"2026-02-13 00:52:20"}
{"level":"info","message":"✅ Loaded critical model CustomerAccount on demand","timestamp":"2026-02-13 00:52:20"}
{"level":"info","message":"✅ Loaded critical model LoanAccount on demand","timestamp":"2026-02-13 00:52:20"}
{"level":"info","message":"✅ Loaded critical model LoanRepayment on demand","timestamp":"2026-02-13 00:52:20"}
{"level":"info","message":"✅ Loaded critical model Deposit on demand","timestamp":"2026-02-13 00:52:20"}
{"level":"info","message":"✅ Loaded critical model Transaction on demand","timestamp":"2026-02-13 00:52:20"}
{"level":"info","message":"✅ Loaded critical model GLAccount on demand","timestamp":"2026-02-13 00:52:20"}
{"level":"info","message":"✅ Loaded critical model AuditTrail on demand","timestamp":"2026-02-13 00:52:20"}
{"level":"info","message":"✅ Model loader initialized successfully","timestamp":"2026-02-13 00:52:20"}
{"level":"info","message":"📊 Loaded models: sequelize, Op, DataTypes, QueryTypes, User, Customer, CustomerAccount, LoanAccount, LoanRepayment, Deposit, Transaction, GLAccount, AuditTrail","timestamp":"2026-02-13 00:52:20"}
{"level":"info","message":"📊 Model Statistics:","timestamp":"2026-02-13 00:52:20"}
{"level":"info","message":"   Total models loaded: 13","timestamp":"2026-02-13 00:52:20"}
{"level":"info","message":"   CUSTOMER: 2 models","timestamp":"2026-02-13 00:52:20"}
{"level":"info","message":"   LOAN: 2 models","timestamp":"2026-02-13 00:52:20"}
{"level":"info","message":"   DEPOSIT: 1 models","timestamp":"2026-02-13 00:52:20"}
{"level":"info","message":"   TRANSACTION: 1 models","timestamp":"2026-02-13 00:52:20"}
{"level":"info","message":"   USER: 1 models","timestamp":"2026-02-13 00:52:20"}
{"level":"info","message":"   ACCOUNTING: 1 models","timestamp":"2026-02-13 00:52:20"}
{"level":"info","message":"   AUDIT: 1 models","timestamp":"2026-02-13 00:52:20"}
{"level":"info","logDir":"logs","message":"🚀 Winston logger initialized","nodeVersion":"v24.13.0","platform":"win32","timestamp":"2026-02-13 01:00:56"}
{"level":"info","logDir":"logs","message":"🚀 Winston logger initialized","nodeVersion":"v24.13.0","platform":"win32","timestamp":"2026-02-13 01:00:56"}
{"errors":["Role 28: Permission undefined not found in REPORT","Role 28: Permission undefined not found in REPORT","Role 38: Permission undefined not found in VAULT"],"level":"warn","message":"Permission validation errors","timestamp":"2026-02-13 01:01:09"}
{"errors":["Role 28: Permission undefined not found in REPORT","Role 28: Permission undefined not found in REPORT","Role 38: Permission undefined not found in VAULT"],"level":"warn","message":"Permission validation errors","timestamp":"2026-02-13 01:01:09"}
{"level":"info","message":"Server time initialized (WAT): 2026-02-13T10:01:15.901Z","timestamp":"2026-02-13 01:01:15"}
{"level":"info","message":"Server time initialized (WAT): 2026-02-13T10:01:15.899Z","timestamp":"2026-02-13 01:01:15"}
{"level":"info","logDir":"logs","message":"🚀 Winston logger initialized","nodeVersion":"v24.13.0","platform":"win32","timestamp":"2026-02-13 01:00:56"}
{"error":"auditLogger.info(...).catch is not a function","level":"warn","message":"Could not log startup audit","timestamp":"2026-02-13 01:01:15"}
{"errors":["Role 28: Permission undefined not found in REPORT","Role 28: Permission undefined not found in REPORT","Role 38: Permission undefined not found in VAULT"],"level":"warn","message":"Permission validation errors","timestamp":"2026-02-13 01:01:09"}
{"error":"auditLogger.info(...).catch is not a function","level":"warn","message":"Could not log startup audit","timestamp":"2026-02-13 01:01:15"}
{"errors":["Role 28: Permission undefined not found in REPORT","Role 28: Permission undefined not found in REPORT","Role 38: Permission undefined not found in VAULT"],"level":"warn","message":"Permission validation errors","timestamp":"2026-02-13 01:01:15"}
{"errors":["Role 28: Permission undefined not found in REPORT","Role 28: Permission undefined not found in REPORT","Role 38: Permission undefined not found in VAULT"],"level":"warn","message":"Permission validation errors","timestamp":"2026-02-13 01:01:15"}
{"date":"Fri Feb 13 2026 01:01:22 GMT-0800 (Pacific Standard Time)","error":{},"level":"error","message":"unhandledRejection: Cannot access 'app' before initialization\nReferenceError: Cannot access 'app' before initialization\n    at file:///F:/WORKON/CODE/PCO_BANKING/EVOLUTION%20BANKING%20BACKEND/src/app.js:26:1\n    at process.processTicksAndRejections (node:internal/process/task_queues:103:5)","os":{"loadavg":[0,0,0],"uptime":303565.312},"process":{"argv":["C:\\Program Files\\nodejs\\node.exe","C:\\Users\\Frederick.A_FNGA0289\\AppData\\Roaming\\npm\\node_modules\\pm2\\lib\\ProcessContainer.js"],"cwd":"F:\\WORKON\\CODE\\PCO_BANKING\\EVOLUTION BANKING BACKEND","execPath":"C:\\Program Files\\nodejs\\node.exe","gid":null,"memoryUsage":{"arrayBuffers":3858469,"external":7774178,"heapTotal":210382848,"heapUsed":141041336,"rss":273612800},"pid":4568,"uid":null,"version":"v24.13.0"},"rejection":true,"stack":"ReferenceError: Cannot access 'app' before initialization\n    at file:///F:/WORKON/CODE/PCO_BANKING/EVOLUTION%20BANKING%20BACKEND/src/app.js:26:1\n    at process.processTicksAndRejections (node:internal/process/task_queues:103:5)","timestamp":"2026-02-13 01:01:22","trace":[{"column":1,"file":"file:///F:/WORKON/CODE/PCO_BANKING/EVOLUTION%20BANKING%20BACKEND/src/app.js","function":null,"line":26,"method":null,"native":false},{"column":5,"file":"node:internal/process/task_queues","function":"process.processTicksAndRejections","line":103,"method":"processTicksAndRejections","native":false}]}
{"level":"info","message":"Server time initialized (WAT): 2026-02-13T10:01:15.903Z","timestamp":"2026-02-13 01:01:15"}
{"date":"Fri Feb 13 2026 01:01:22 GMT-0800 (Pacific Standard Time)","error":{},"level":"error","message":"unhandledRejection: Cannot access 'app' before initialization\nReferenceError: Cannot access 'app' before initialization\n    at file:///F:/WORKON/CODE/PCO_BANKING/EVOLUTION%20BANKING%20BACKEND/src/app.js:26:1\n    at process.processTicksAndRejections (node:internal/process/task_queues:103:5)","os":{"loadavg":[0,0,0],"uptime":303565.312},"process":{"argv":["C:\\Program Files\\nodejs\\node.exe","C:\\Users\\Frederick.A_FNGA0289\\AppData\\Roaming\\npm\\node_modules\\pm2\\lib\\ProcessContainer.js"],"cwd":"F:\\WORKON\\CODE\\PCO_BANKING\\EVOLUTION BANKING BACKEND","execPath":"C:\\Program Files\\nodejs\\node.exe","gid":null,"memoryUsage":{"arrayBuffers":3850987,"external":7765699,"heapTotal":221495296,"heapUsed":99527848,"rss":272130048},"pid":29568,"uid":null,"version":"v24.13.0"},"rejection":true,"stack":"ReferenceError: Cannot access 'app' before initialization\n    at file:///F:/WORKON/CODE/PCO_BANKING/EVOLUTION%20BANKING%20BACKEND/src/app.js:26:1\n    at process.processTicksAndRejections (node:internal/process/task_queues:103:5)","timestamp":"2026-02-13 01:01:22","trace":[{"column":1,"file":"file:///F:/WORKON/CODE/PCO_BANKING/EVOLUTION%20BANKING%20BACKEND/src/app.js","function":null,"line":26,"method":null,"native":false},{"column":5,"file":"node:internal/process/task_queues","function":"process.processTicksAndRejections","line":103,"method":"processTicksAndRejections","native":false}]}
{"error":"auditLogger.info(...).catch is not a function","level":"warn","message":"Could not log startup audit","timestamp":"2026-02-13 01:01:15"}
{"errors":["Role 28: Permission undefined not found in REPORT","Role 28: Permission undefined not found in REPORT","Role 38: Permission undefined not found in VAULT"],"level":"warn","message":"Permission validation errors","timestamp":"2026-02-13 01:01:15"}
{"date":"Fri Feb 13 2026 01:01:22 GMT-0800 (Pacific Standard Time)","error":{},"level":"error","message":"unhandledRejection: Cannot access 'app' before initialization\nReferenceError: Cannot access 'app' before initialization\n    at file:///F:/WORKON/CODE/PCO_BANKING/EVOLUTION%20BANKING%20BACKEND/src/app.js:26:1\n    at process.processTicksAndRejections (node:internal/process/task_queues:103:5)","os":{"loadavg":[0,0,0],"uptime":303565.312},"process":{"argv":["C:\\Program Files\\nodejs\\node.exe","C:\\Users\\Frederick.A_FNGA0289\\AppData\\Roaming\\npm\\node_modules\\pm2\\lib\\ProcessContainer.js"],"cwd":"F:\\WORKON\\CODE\\PCO_BANKING\\EVOLUTION BANKING BACKEND","execPath":"C:\\Program Files\\nodejs\\node.exe","gid":null,"memoryUsage":{"arrayBuffers":3858469,"external":7774178,"heapTotal":210644992,"heapUsed":140994528,"rss":273276928},"pid":27880,"uid":null,"version":"v24.13.0"},"rejection":true,"stack":"ReferenceError: Cannot access 'app' before initialization\n    at file:///F:/WORKON/CODE/PCO_BANKING/EVOLUTION%20BANKING%20BACKEND/src/app.js:26:1\n    at process.processTicksAndRejections (node:internal/process/task_queues:103:5)","timestamp":"2026-02-13 01:01:22","trace":[{"column":1,"file":"file:///F:/WORKON/CODE/PCO_BANKING/EVOLUTION%20BANKING%20BACKEND/src/app.js","function":null,"line":26,"method":null,"native":false},{"column":5,"file":"node:internal/process/task_queues","function":"process.processTicksAndRejections","line":103,"method":"processTicksAndRejections","native":false}]}
{"level":"info","message":"🔧 Auto-initializing models in development mode...","timestamp":"2026-02-13 01:01:22"}
{"level":"info","message":"🚀 Initializing model loader...","timestamp":"2026-02-13 01:01:22"}
{"level":"info","message":"✅ Models loaded via index.js","timestamp":"2026-02-13 01:01:22"}
{"level":"info","message":"🔧 Auto-initializing models in development mode...","timestamp":"2026-02-13 01:01:22"}
{"level":"info","message":"🔧 Auto-initializing models in development mode...","timestamp":"2026-02-13 01:01:22"}
{"level":"info","message":"✅ Loaded critical model User on demand","timestamp":"2026-02-13 01:01:22"}
{"level":"info","message":"🚀 Initializing model loader...","timestamp":"2026-02-13 01:01:22"}
{"level":"info","message":"✅ Models loaded via index.js","timestamp":"2026-02-13 01:01:22"}
{"level":"info","message":"🚀 Initializing model loader...","timestamp":"2026-02-13 01:01:22"}
{"level":"info","message":"✅ Loaded critical model Customer on demand","timestamp":"2026-02-13 01:01:22"}
{"level":"info","message":"✅ Loaded critical model User on demand","timestamp":"2026-02-13 01:01:22"}
{"level":"info","message":"✅ Loaded critical model CustomerAccount on demand","timestamp":"2026-02-13 01:01:22"}
{"level":"info","message":"✅ Loaded critical model Customer on demand","timestamp":"2026-02-13 01:01:22"}
{"level":"info","message":"✅ Loaded critical model LoanAccount on demand","timestamp":"2026-02-13 01:01:22"}
{"level":"info","message":"✅ Loaded critical model CustomerAccount on demand","timestamp":"2026-02-13 01:01:22"}
{"level":"info","message":"✅ Loaded critical model LoanRepayment on demand","timestamp":"2026-02-13 01:01:22"}
{"level":"info","message":"✅ Models loaded via index.js","timestamp":"2026-02-13 01:01:22"}
{"level":"info","message":"✅ Loaded critical model Deposit on demand","timestamp":"2026-02-13 01:01:22"}
{"level":"info","message":"✅ Loaded critical model LoanAccount on demand","timestamp":"2026-02-13 01:01:22"}
{"level":"info","message":"✅ Loaded critical model Transaction on demand","timestamp":"2026-02-13 01:01:22"}
{"level":"info","message":"✅ Loaded critical model GLAccount on demand","timestamp":"2026-02-13 01:01:22"}
{"level":"info","message":"✅ Loaded critical model AuditTrail on demand","timestamp":"2026-02-13 01:01:22"}
{"level":"info","message":"✅ Loaded critical model LoanRepayment on demand","timestamp":"2026-02-13 01:01:22"}
{"level":"info","message":"✅ Loaded critical model User on demand","timestamp":"2026-02-13 01:01:22"}
{"level":"info","message":"✅ Model loader initialized successfully","timestamp":"2026-02-13 01:01:22"}
{"level":"info","message":"✅ Loaded critical model Deposit on demand","timestamp":"2026-02-13 01:01:22"}
{"level":"info","message":"📊 Loaded models: sequelize, Op, DataTypes, QueryTypes, User, Customer, CustomerAccount, LoanAccount, LoanRepayment, Deposit, Transaction, GLAccount, AuditTrail","timestamp":"2026-02-13 01:01:22"}
{"level":"info","message":"✅ Loaded critical model Transaction on demand","timestamp":"2026-02-13 01:01:22"}
{"level":"info","message":"✅ Loaded critical model GLAccount on demand","timestamp":"2026-02-13 01:01:22"}
{"level":"info","message":"✅ Loaded critical model Customer on demand","timestamp":"2026-02-13 01:01:22"}
{"level":"info","message":"📊 Model Statistics:","timestamp":"2026-02-13 01:01:22"}
{"level":"info","message":"✅ Loaded critical model CustomerAccount on demand","timestamp":"2026-02-13 01:01:22"}
{"level":"info","message":"✅ Loaded critical model AuditTrail on demand","timestamp":"2026-02-13 01:01:22"}
{"level":"info","message":"✅ Loaded critical model LoanAccount on demand","timestamp":"2026-02-13 01:01:22"}
{"level":"info","message":"   Total models loaded: 13","timestamp":"2026-02-13 01:01:22"}
{"level":"info","message":"✅ Model loader initialized successfully","timestamp":"2026-02-13 01:01:22"}
{"level":"info","message":"   CUSTOMER: 2 models","timestamp":"2026-02-13 01:01:22"}
{"level":"info","message":"✅ Loaded critical model LoanRepayment on demand","timestamp":"2026-02-13 01:01:22"}
{"level":"info","message":"📊 Loaded models: sequelize, Op, DataTypes, QueryTypes, User, Customer, CustomerAccount, LoanAccount, LoanRepayment, Deposit, Transaction, GLAccount, AuditTrail","timestamp":"2026-02-13 01:01:22"}
{"level":"info","message":"📊 Model Statistics:","timestamp":"2026-02-13 01:01:22"}
{"level":"info","message":"✅ Loaded critical model Deposit on demand","timestamp":"2026-02-13 01:01:22"}
{"level":"info","message":"   LOAN: 2 models","timestamp":"2026-02-13 01:01:22"}
{"level":"info","message":"   Total models loaded: 13","timestamp":"2026-02-13 01:01:22"}
{"level":"info","message":"✅ Loaded critical model Transaction on demand","timestamp":"2026-02-13 01:01:22"}
{"level":"info","message":"   CUSTOMER: 2 models","timestamp":"2026-02-13 01:01:22"}
{"level":"info","message":"   DEPOSIT: 1 models","timestamp":"2026-02-13 01:01:22"}
{"level":"info","message":"✅ Loaded critical model GLAccount on demand","timestamp":"2026-02-13 01:01:22"}
{"level":"info","message":"   LOAN: 2 models","timestamp":"2026-02-13 01:01:22"}
{"level":"info","message":"   TRANSACTION: 1 models","timestamp":"2026-02-13 01:01:22"}
{"level":"info","message":"✅ Loaded critical model AuditTrail on demand","timestamp":"2026-02-13 01:01:22"}
{"level":"info","message":"   USER: 1 models","timestamp":"2026-02-13 01:01:22"}
{"level":"info","message":"   DEPOSIT: 1 models","timestamp":"2026-02-13 01:01:22"}
{"level":"info","message":"   ACCOUNTING: 1 models","timestamp":"2026-02-13 01:01:22"}
{"level":"info","message":"✅ Model loader initialized successfully","timestamp":"2026-02-13 01:01:22"}
{"level":"info","message":"   TRANSACTION: 1 models","timestamp":"2026-02-13 01:01:22"}
{"level":"info","message":"   AUDIT: 1 models","timestamp":"2026-02-13 01:01:22"}
{"level":"info","message":"📊 Loaded models: sequelize, Op, DataTypes, QueryTypes, User, Customer, CustomerAccount, LoanAccount, LoanRepayment, Deposit, Transaction, GLAccount, AuditTrail","timestamp":"2026-02-13 01:01:22"}
{"level":"info","message":"📊 Model Statistics:","timestamp":"2026-02-13 01:01:22"}
{"level":"info","message":"   Total models loaded: 13","timestamp":"2026-02-13 01:01:22"}
{"level":"info","message":"   CUSTOMER: 2 models","timestamp":"2026-02-13 01:01:22"}
{"level":"info","message":"   LOAN: 2 models","timestamp":"2026-02-13 01:01:22"}
{"level":"info","message":"   DEPOSIT: 1 models","timestamp":"2026-02-13 01:01:22"}
{"level":"info","message":"   TRANSACTION: 1 models","timestamp":"2026-02-13 01:01:22"}
{"level":"info","message":"   USER: 1 models","timestamp":"2026-02-13 01:01:22"}
{"level":"info","message":"   ACCOUNTING: 1 models","timestamp":"2026-02-13 01:01:22"}
{"level":"info","message":"   AUDIT: 1 models","timestamp":"2026-02-13 01:01:22"}
{"level":"info","logDir":"logs","message":"🚀 Winston logger initialized","nodeVersion":"v24.13.0","platform":"win32","timestamp":"2026-02-13 01:00:56"}
{"errors":["Role 28: Permission undefined not found in REPORT","Role 28: Permission undefined not found in REPORT","Role 38: Permission undefined not found in VAULT"],"level":"warn","message":"Permission validation errors","timestamp":"2026-02-13 01:01:09"}
{"level":"info","message":"Server time initialized (WAT): 2026-02-13T10:01:15.901Z","timestamp":"2026-02-13 01:01:15"}
{"error":"auditLogger.info(...).catch is not a function","level":"warn","message":"Could not log startup audit","timestamp":"2026-02-13 01:01:15"}
{"errors":["Role 28: Permission undefined not found in REPORT","Role 28: Permission undefined not found in REPORT","Role 38: Permission undefined not found in VAULT"],"level":"warn","message":"Permission validation errors","timestamp":"2026-02-13 01:01:15"}
{"date":"Fri Feb 13 2026 01:01:22 GMT-0800 (Pacific Standard Time)","error":{},"level":"error","message":"unhandledRejection: Cannot access 'app' before initialization\nReferenceError: Cannot access 'app' before initialization\n    at file:///F:/WORKON/CODE/PCO_BANKING/EVOLUTION%20BANKING%20BACKEND/src/app.js:26:1\n    at process.processTicksAndRejections (node:internal/process/task_queues:103:5)","os":{"loadavg":[0,0,0],"uptime":303565.359},"process":{"argv":["C:\\Program Files\\nodejs\\node.exe","C:\\Users\\Frederick.A_FNGA0289\\AppData\\Roaming\\npm\\node_modules\\pm2\\lib\\ProcessContainer.js"],"cwd":"F:\\WORKON\\CODE\\PCO_BANKING\\EVOLUTION BANKING BACKEND","execPath":"C:\\Program Files\\nodejs\\node.exe","gid":null,"memoryUsage":{"arrayBuffers":3475886,"external":7774178,"heapTotal":215859200,"heapUsed":96889080,"rss":277479424},"pid":25800,"uid":null,"version":"v24.13.0"},"rejection":true,"stack":"ReferenceError: Cannot access 'app' before initialization\n    at file:///F:/WORKON/CODE/PCO_BANKING/EVOLUTION%20BANKING%20BACKEND/src/app.js:26:1\n    at process.processTicksAndRejections (node:internal/process/task_queues:103:5)","timestamp":"2026-02-13 01:01:22","trace":[{"column":1,"file":"file:///F:/WORKON/CODE/PCO_BANKING/EVOLUTION%20BANKING%20BACKEND/src/app.js","function":null,"line":26,"method":null,"native":false},{"column":5,"file":"node:internal/process/task_queues","function":"process.processTicksAndRejections","line":103,"method":"processTicksAndRejections","native":false}]}
{"level":"info","message":"🔧 Auto-initializing models in development mode...","timestamp":"2026-02-13 01:01:22"}
{"level":"info","message":"🚀 Initializing model loader...","timestamp":"2026-02-13 01:01:22"}
{"level":"info","message":"✅ Models loaded via index.js","timestamp":"2026-02-13 01:01:22"}
{"level":"info","message":"✅ Loaded critical model User on demand","timestamp":"2026-02-13 01:01:22"}
{"level":"info","message":"✅ Loaded critical model Customer on demand","timestamp":"2026-02-13 01:01:22"}
{"level":"info","message":"✅ Loaded critical model CustomerAccount on demand","timestamp":"2026-02-13 01:01:22"}
{"level":"info","message":"✅ Loaded critical model LoanAccount on demand","timestamp":"2026-02-13 01:01:22"}
{"level":"info","message":"✅ Loaded critical model LoanRepayment on demand","timestamp":"2026-02-13 01:01:22"}
{"level":"info","message":"✅ Loaded critical model Deposit on demand","timestamp":"2026-02-13 01:01:22"}
{"level":"info","message":"✅ Loaded critical model Transaction on demand","timestamp":"2026-02-13 01:01:22"}
{"level":"info","message":"✅ Loaded critical model GLAccount on demand","timestamp":"2026-02-13 01:01:22"}
{"level":"info","message":"✅ Loaded critical model AuditTrail on demand","timestamp":"2026-02-13 01:01:22"}
{"level":"info","message":"✅ Model loader initialized successfully","timestamp":"2026-02-13 01:01:22"}
{"level":"info","message":"📊 Loaded models: sequelize, Op, DataTypes, QueryTypes, User, Customer, CustomerAccount, LoanAccount, LoanRepayment, Deposit, Transaction, GLAccount, AuditTrail","timestamp":"2026-02-13 01:01:22"}
{"level":"info","message":"📊 Model Statistics:","timestamp":"2026-02-13 01:01:22"}
{"level":"info","message":"   Total models loaded: 13","timestamp":"2026-02-13 01:01:22"}
{"level":"info","message":"   CUSTOMER: 2 models","timestamp":"2026-02-13 01:01:22"}
{"level":"info","message":"   LOAN: 2 models","timestamp":"2026-02-13 01:01:22"}
{"level":"info","message":"   DEPOSIT: 1 models","timestamp":"2026-02-13 01:01:22"}
{"level":"info","message":"   TRANSACTION: 1 models","timestamp":"2026-02-13 01:01:22"}
{"level":"info","message":"   USER: 1 models","timestamp":"2026-02-13 01:01:22"}
{"level":"info","message":"   ACCOUNTING: 1 models","timestamp":"2026-02-13 01:01:22"}
{"level":"info","message":"   AUDIT: 1 models","timestamp":"2026-02-13 01:01:22"}
{"level":"info","message":"   USER: 1 models","timestamp":"2026-02-13 01:01:22"}
{"level":"info","message":"   ACCOUNTING: 1 models","timestamp":"2026-02-13 01:01:22"}
{"level":"info","message":"   AUDIT: 1 models","timestamp":"2026-02-13 01:01:22"}
{"level":"info","logDir":"logs","message":"🚀 Winston logger initialized","nodeVersion":"v24.13.0","platform":"win32","timestamp":"2026-02-13 02:44:22"}
{"level":"info","logDir":"logs","message":"🚀 Winston logger initialized","nodeVersion":"v24.13.0","platform":"win32","timestamp":"2026-02-13 02:44:22"}
{"errors":["Role 28: Permission undefined not found in REPORT","Role 28: Permission undefined not found in REPORT","Role 38: Permission undefined not found in VAULT"],"level":"warn","message":"Permission validation errors","timestamp":"2026-02-13 02:45:02"}
{"errors":["Role 28: Permission undefined not found in REPORT","Role 28: Permission undefined not found in REPORT","Role 38: Permission undefined not found in VAULT"],"level":"warn","message":"Permission validation errors","timestamp":"2026-02-13 02:45:02"}
{"level":"info","message":"Server time initialized (WAT): 2026-02-13T11:45:14.350Z","timestamp":"2026-02-13 02:45:14"}
{"level":"info","message":"Server time initialized (WAT): 2026-02-13T11:45:14.418Z","timestamp":"2026-02-13 02:45:14"}
{"error":"auditLogger.info(...).catch is not a function","level":"warn","message":"Could not log startup audit","timestamp":"2026-02-13 02:45:14"}
{"errors":["Role 28: Permission undefined not found in REPORT","Role 28: Permission undefined not found in REPORT","Role 38: Permission undefined not found in VAULT"],"level":"warn","message":"Permission validation errors","timestamp":"2026-02-13 02:45:14"}
{"error":"auditLogger.info(...).catch is not a function","level":"warn","message":"Could not log startup audit","timestamp":"2026-02-13 02:45:14"}
{"date":"Fri Feb 13 2026 02:45:19 GMT-0800 (Pacific Standard Time)","error":{},"level":"error","message":"unhandledRejection: Cannot access 'app' before initialization\nReferenceError: Cannot access 'app' before initialization\n    at file:///F:/WORKON/CODE/PCO_BANKING/EVOLUTION%20BANKING%20BACKEND/src/app.js:26:1\n    at process.processTicksAndRejections (node:internal/process/task_queues:103:5)","os":{"loadavg":[0,0,0],"uptime":309802.656},"process":{"argv":["C:\\Program Files\\nodejs\\node.exe","C:\\Users\\Frederick.A_FNGA0289\\AppData\\Roaming\\npm\\node_modules\\pm2\\lib\\ProcessContainer.js"],"cwd":"F:\\WORKON\\CODE\\PCO_BANKING\\EVOLUTION BANKING BACKEND","execPath":"C:\\Program Files\\nodejs\\node.exe","gid":null,"memoryUsage":{"arrayBuffers":3850277,"external":7765986,"heapTotal":213368832,"heapUsed":129000640,"rss":266997760},"pid":23032,"uid":null,"version":"v24.13.0"},"rejection":true,"stack":"ReferenceError: Cannot access 'app' before initialization\n    at file:///F:/WORKON/CODE/PCO_BANKING/EVOLUTION%20BANKING%20BACKEND/src/app.js:26:1\n    at process.processTicksAndRejections (node:internal/process/task_queues:103:5)","timestamp":"2026-02-13 02:45:19","trace":[{"column":1,"file":"file:///F:/WORKON/CODE/PCO_BANKING/EVOLUTION%20BANKING%20BACKEND/src/app.js","function":null,"line":26,"method":null,"native":false},{"column":5,"file":"node:internal/process/task_queues","function":"process.processTicksAndRejections","line":103,"method":"processTicksAndRejections","native":false}]}
{"level":"info","logDir":"logs","message":"🚀 Winston logger initialized","nodeVersion":"v24.13.0","platform":"win32","timestamp":"2026-02-13 02:44:22"}
{"errors":["Role 28: Permission undefined not found in REPORT","Role 28: Permission undefined not found in REPORT","Role 38: Permission undefined not found in VAULT"],"level":"warn","message":"Permission validation errors","timestamp":"2026-02-13 02:45:14"}
{"level":"info","logDir":"logs","message":"🚀 Winston logger initialized","nodeVersion":"v24.13.0","platform":"win32","timestamp":"2026-02-13 02:44:22"}
{"errors":["Role 28: Permission undefined not found in REPORT","Role 28: Permission undefined not found in REPORT","Role 38: Permission undefined not found in VAULT"],"level":"warn","message":"Permission validation errors","timestamp":"2026-02-13 02:45:02"}
{"date":"Fri Feb 13 2026 02:45:19 GMT-0800 (Pacific Standard Time)","error":{},"level":"error","message":"unhandledRejection: Cannot access 'app' before initialization\nReferenceError: Cannot access 'app' before initialization\n    at file:///F:/WORKON/CODE/PCO_BANKING/EVOLUTION%20BANKING%20BACKEND/src/app.js:26:1\n    at process.processTicksAndRejections (node:internal/process/task_queues:103:5)","os":{"loadavg":[0,0,0],"uptime":309802.703},"process":{"argv":["C:\\Program Files\\nodejs\\node.exe","C:\\Users\\Frederick.A_FNGA0289\\AppData\\Roaming\\npm\\node_modules\\pm2\\lib\\ProcessContainer.js"],"cwd":"F:\\WORKON\\CODE\\PCO_BANKING\\EVOLUTION BANKING BACKEND","execPath":"C:\\Program Files\\nodejs\\node.exe","gid":null,"memoryUsage":{"arrayBuffers":3854522,"external":7770231,"heapTotal":215465984,"heapUsed":110967840,"rss":263462912},"pid":20676,"uid":null,"version":"v24.13.0"},"rejection":true,"stack":"ReferenceError: Cannot access 'app' before initialization\n    at file:///F:/WORKON/CODE/PCO_BANKING/EVOLUTION%20BANKING%20BACKEND/src/app.js:26:1\n    at process.processTicksAndRejections (node:internal/process/task_queues:103:5)","timestamp":"2026-02-13 02:45:19","trace":[{"column":1,"file":"file:///F:/WORKON/CODE/PCO_BANKING/EVOLUTION%20BANKING%20BACKEND/src/app.js","function":null,"line":26,"method":null,"native":false},{"column":5,"file":"node:internal/process/task_queues","function":"process.processTicksAndRejections","line":103,"method":"processTicksAndRejections","native":false}]}
{"errors":["Role 28: Permission undefined not found in REPORT","Role 28: Permission undefined not found in REPORT","Role 38: Permission undefined not found in VAULT"],"level":"warn","message":"Permission validation errors","timestamp":"2026-02-13 02:45:02"}
{"level":"info","message":"🔧 Auto-initializing models in development mode...","timestamp":"2026-02-13 02:45:19"}
{"level":"info","logDir":"logs","message":"🚀 Winston logger initialized","nodeVersion":"v24.13.0","platform":"win32","timestamp":"2026-02-13 02:44:22"}
{"level":"info","message":"🔧 Auto-initializing models in development mode...","timestamp":"2026-02-13 02:45:19"}
{"level":"info","message":"Server time initialized (WAT): 2026-02-13T11:45:14.356Z","timestamp":"2026-02-13 02:45:14"}
{"errors":["Role 28: Permission undefined not found in REPORT","Role 28: Permission undefined not found in REPORT","Role 38: Permission undefined not found in VAULT"],"level":"warn","message":"Permission validation errors","timestamp":"2026-02-13 02:45:02"}
{"level":"info","message":"🚀 Initializing model loader...","timestamp":"2026-02-13 02:45:19"}
{"level":"info","message":"Server time initialized (WAT): 2026-02-13T11:45:14.396Z","timestamp":"2026-02-13 02:45:14"}
{"error":"auditLogger.info(...).catch is not a function","level":"warn","message":"Could not log startup audit","timestamp":"2026-02-13 02:45:14"}
{"level":"info","message":"🚀 Initializing model loader...","timestamp":"2026-02-13 02:45:19"}
{"level":"info","message":"Server time initialized (WAT): 2026-02-13T11:45:14.434Z","timestamp":"2026-02-13 02:45:14"}
{"error":"auditLogger.info(...).catch is not a function","level":"warn","message":"Could not log startup audit","timestamp":"2026-02-13 02:45:14"}
{"errors":["Role 28: Permission undefined not found in REPORT","Role 28: Permission undefined not found in REPORT","Role 38: Permission undefined not found in VAULT"],"level":"warn","message":"Permission validation errors","timestamp":"2026-02-13 02:45:14"}
{"level":"info","message":"✅ Models loaded via index.js","timestamp":"2026-02-13 02:45:19"}
{"error":"auditLogger.info(...).catch is not a function","level":"warn","message":"Could not log startup audit","timestamp":"2026-02-13 02:45:14"}
{"date":"Fri Feb 13 2026 02:45:19 GMT-0800 (Pacific Standard Time)","error":{},"level":"error","message":"unhandledRejection: Cannot access 'app' before initialization\nReferenceError: Cannot access 'app' before initialization\n    at file:///F:/WORKON/CODE/PCO_BANKING/EVOLUTION%20BANKING%20BACKEND/src/app.js:26:1\n    at process.processTicksAndRejections (node:internal/process/task_queues:103:5)","os":{"loadavg":[0,0,0],"uptime":309802.796},"process":{"argv":["C:\\Program Files\\nodejs\\node.exe","C:\\Users\\Frederick.A_FNGA0289\\AppData\\Roaming\\npm\\node_modules\\pm2\\lib\\ProcessContainer.js"],"cwd":"F:\\WORKON\\CODE\\PCO_BANKING\\EVOLUTION BANKING BACKEND","execPath":"C:\\Program Files\\nodejs\\node.exe","gid":null,"memoryUsage":{"arrayBuffers":3849990,"external":7765699,"heapTotal":215203840,"heapUsed":113724424,"rss":264458240},"pid":23936,"uid":null,"version":"v24.13.0"},"rejection":true,"stack":"ReferenceError: Cannot access 'app' before initialization\n    at file:///F:/WORKON/CODE/PCO_BANKING/EVOLUTION%20BANKING%20BACKEND/src/app.js:26:1\n    at process.processTicksAndRejections (node:internal/process/task_queues:103:5)","timestamp":"2026-02-13 02:45:19","trace":[{"column":1,"file":"file:///F:/WORKON/CODE/PCO_BANKING/EVOLUTION%20BANKING%20BACKEND/src/app.js","function":null,"line":26,"method":null,"native":false},{"column":5,"file":"node:internal/process/task_queues","function":"process.processTicksAndRejections","line":103,"method":"processTicksAndRejections","native":false}]}
{"level":"info","message":"✅ Loaded critical model User on demand","timestamp":"2026-02-13 02:45:19"}
{"errors":["Role 28: Permission undefined not found in REPORT","Role 28: Permission undefined not found in REPORT","Role 38: Permission undefined not found in VAULT"],"level":"warn","message":"Permission validation errors","timestamp":"2026-02-13 02:45:14"}
{"level":"info","message":"✅ Models loaded via index.js","timestamp":"2026-02-13 02:45:19"}
{"errors":["Role 28: Permission undefined not found in REPORT","Role 28: Permission undefined not found in REPORT","Role 38: Permission undefined not found in VAULT"],"level":"warn","message":"Permission validation errors","timestamp":"2026-02-13 02:45:14"}
{"level":"info","message":"✅ Loaded critical model Customer on demand","timestamp":"2026-02-13 02:45:19"}
{"level":"info","message":"🔧 Auto-initializing models in development mode...","timestamp":"2026-02-13 02:45:19"}
{"date":"Fri Feb 13 2026 02:45:19 GMT-0800 (Pacific Standard Time)","error":{},"level":"error","message":"unhandledRejection: Cannot access 'app' before initialization\nReferenceError: Cannot access 'app' before initialization\n    at file:///F:/WORKON/CODE/PCO_BANKING/EVOLUTION%20BANKING%20BACKEND/src/app.js:26:1\n    at process.processTicksAndRejections (node:internal/process/task_queues:103:5)","os":{"loadavg":[0,0,0],"uptime":309802.75},"process":{"argv":["C:\\Program Files\\nodejs\\node.exe","C:\\Users\\Frederick.A_FNGA0289\\AppData\\Roaming\\npm\\node_modules\\pm2\\lib\\ProcessContainer.js"],"cwd":"F:\\WORKON\\CODE\\PCO_BANKING\\EVOLUTION BANKING BACKEND","execPath":"C:\\Program Files\\nodejs\\node.exe","gid":null,"memoryUsage":{"arrayBuffers":3850987,"external":7765699,"heapTotal":217038848,"heapUsed":112995048,"rss":263872512},"pid":1508,"uid":null,"version":"v24.13.0"},"rejection":true,"stack":"ReferenceError: Cannot access 'app' before initialization\n    at file:///F:/WORKON/CODE/PCO_BANKING/EVOLUTION%20BANKING%20BACKEND/src/app.js:26:1\n    at process.processTicksAndRejections (node:internal/process/task_queues:103:5)","timestamp":"2026-02-13 02:45:19","trace":[{"column":1,"file":"file:///F:/WORKON/CODE/PCO_BANKING/EVOLUTION%20BANKING%20BACKEND/src/app.js","function":null,"line":26,"method":null,"native":false},{"column":5,"file":"node:internal/process/task_queues","function":"process.processTicksAndRejections","line":103,"method":"processTicksAndRejections","native":false}]}
{"level":"info","message":"🔧 Auto-initializing models in development mode...","timestamp":"2026-02-13 02:45:19"}
{"level":"info","message":"✅ Loaded critical model User on demand","timestamp":"2026-02-13 02:45:19"}
{"level":"info","message":"✅ Loaded critical model CustomerAccount on demand","timestamp":"2026-02-13 02:45:19"}
{"level":"info","message":"🔧 Auto-initializing models in development mode...","timestamp":"2026-02-13 02:45:19"}
{"level":"info","message":"🚀 Initializing model loader...","timestamp":"2026-02-13 02:45:19"}
{"level":"info","message":"✅ Loaded critical model Customer on demand","timestamp":"2026-02-13 02:45:19"}
{"level":"info","message":"✅ Loaded critical model LoanAccount on demand","timestamp":"2026-02-13 02:45:19"}
{"level":"info","message":"🚀 Initializing model loader...","timestamp":"2026-02-13 02:45:19"}
{"level":"info","message":"🚀 Initializing model loader...","timestamp":"2026-02-13 02:45:19"}
{"level":"info","message":"✅ Loaded critical model CustomerAccount on demand","timestamp":"2026-02-13 02:45:19"}
{"level":"info","message":"✅ Models loaded via index.js","timestamp":"2026-02-13 02:45:19"}
{"level":"info","message":"✅ Loaded critical model LoanRepayment on demand","timestamp":"2026-02-13 02:45:19"}
{"level":"info","message":"✅ Models loaded via index.js","timestamp":"2026-02-13 02:45:19"}
{"level":"info","message":"✅ Loaded critical model LoanAccount on demand","timestamp":"2026-02-13 02:45:19"}
{"level":"info","message":"✅ Loaded critical model User on demand","timestamp":"2026-02-13 02:45:19"}
{"level":"info","message":"✅ Loaded critical model Deposit on demand","timestamp":"2026-02-13 02:45:19"}
{"level":"info","message":"✅ Models loaded via index.js","timestamp":"2026-02-13 02:45:19"}
{"level":"info","message":"✅ Loaded critical model LoanRepayment on demand","timestamp":"2026-02-13 02:45:19"}
{"level":"info","message":"✅ Loaded critical model Transaction on demand","timestamp":"2026-02-13 02:45:19"}
{"level":"info","message":"✅ Loaded critical model User on demand","timestamp":"2026-02-13 02:45:19"}
{"level":"info","message":"✅ Loaded critical model Deposit on demand","timestamp":"2026-02-13 02:45:19"}
{"level":"info","message":"✅ Loaded critical model GLAccount on demand","timestamp":"2026-02-13 02:45:19"}
{"level":"info","message":"✅ Loaded critical model Customer on demand","timestamp":"2026-02-13 02:45:19"}
{"level":"info","message":"✅ Loaded critical model Transaction on demand","timestamp":"2026-02-13 02:45:19"}
{"level":"info","message":"✅ Loaded critical model User on demand","timestamp":"2026-02-13 02:45:19"}
{"level":"info","message":"✅ Loaded critical model Customer on demand","timestamp":"2026-02-13 02:45:19"}
{"level":"info","message":"✅ Loaded critical model CustomerAccount on demand","timestamp":"2026-02-13 02:45:19"}
{"level":"info","message":"✅ Loaded critical model AuditTrail on demand","timestamp":"2026-02-13 02:45:19"}
{"level":"info","message":"✅ Loaded critical model Customer on demand","timestamp":"2026-02-13 02:45:19"}
{"level":"info","message":"✅ Loaded critical model GLAccount on demand","timestamp":"2026-02-13 02:45:19"}
{"level":"info","message":"✅ Loaded critical model CustomerAccount on demand","timestamp":"2026-02-13 02:45:19"}
{"level":"info","message":"✅ Model loader initialized successfully","timestamp":"2026-02-13 02:45:19"}
{"level":"info","message":"✅ Loaded critical model LoanAccount on demand","timestamp":"2026-02-13 02:45:19"}
{"level":"info","message":"✅ Loaded critical model CustomerAccount on demand","timestamp":"2026-02-13 02:45:19"}
{"level":"info","message":"✅ Loaded critical model AuditTrail on demand","timestamp":"2026-02-13 02:45:19"}
{"level":"info","message":"✅ Loaded critical model LoanAccount on demand","timestamp":"2026-02-13 02:45:19"}
{"level":"info","message":"📊 Loaded models: sequelize, Op, DataTypes, QueryTypes, User, Customer, CustomerAccount, LoanAccount, LoanRepayment, Deposit, Transaction, GLAccount, AuditTrail","timestamp":"2026-02-13 02:45:19"}
{"level":"info","message":"✅ Loaded critical model LoanAccount on demand","timestamp":"2026-02-13 02:45:19"}
{"level":"info","message":"✅ Loaded critical model LoanRepayment on demand","timestamp":"2026-02-13 02:45:19"}
{"level":"info","message":"📊 Model Statistics:","timestamp":"2026-02-13 02:45:19"}
{"level":"info","message":"✅ Model loader initialized successfully","timestamp":"2026-02-13 02:45:19"}
{"level":"info","message":"✅ Loaded critical model LoanRepayment on demand","timestamp":"2026-02-13 02:45:19"}
{"level":"info","message":"✅ Loaded critical model LoanRepayment on demand","timestamp":"2026-02-13 02:45:19"}
{"level":"info","message":"📊 Loaded models: sequelize, Op, DataTypes, QueryTypes, User, Customer, CustomerAccount, LoanAccount, LoanRepayment, Deposit, Transaction, GLAccount, AuditTrail","timestamp":"2026-02-13 02:45:19"}
{"level":"info","message":"✅ Loaded critical model Deposit on demand","timestamp":"2026-02-13 02:45:19"}
{"level":"info","message":"   Total models loaded: 13","timestamp":"2026-02-13 02:45:19"}
{"level":"info","message":"✅ Loaded critical model Deposit on demand","timestamp":"2026-02-13 02:45:19"}
{"level":"info","message":"📊 Model Statistics:","timestamp":"2026-02-13 02:45:19"}
{"level":"info","message":"✅ Loaded critical model Deposit on demand","timestamp":"2026-02-13 02:45:19"}
{"level":"info","message":"✅ Loaded critical model Transaction on demand","timestamp":"2026-02-13 02:45:19"}
{"level":"info","message":"   CUSTOMER: 2 models","timestamp":"2026-02-13 02:45:19"}
{"level":"info","message":"✅ Loaded critical model Transaction on demand","timestamp":"2026-02-13 02:45:19"}
{"level":"info","message":"   Total models loaded: 13","timestamp":"2026-02-13 02:45:19"}
{"level":"info","message":"✅ Loaded critical model Transaction on demand","timestamp":"2026-02-13 02:45:19"}
{"level":"info","message":"✅ Loaded critical model GLAccount on demand","timestamp":"2026-02-13 02:45:19"}
{"level":"info","message":"   CUSTOMER: 2 models","timestamp":"2026-02-13 02:45:19"}
{"level":"info","message":"✅ Loaded critical model GLAccount on demand","timestamp":"2026-02-13 02:45:19"}
{"level":"info","message":"   LOAN: 2 models","timestamp":"2026-02-13 02:45:19"}
{"level":"info","message":"✅ Loaded critical model GLAccount on demand","timestamp":"2026-02-13 02:45:19"}
{"level":"info","message":"✅ Loaded critical model AuditTrail on demand","timestamp":"2026-02-13 02:45:19"}
{"level":"info","message":"   LOAN: 2 models","timestamp":"2026-02-13 02:45:19"}
{"level":"info","message":"✅ Loaded critical model AuditTrail on demand","timestamp":"2026-02-13 02:45:19"}
{"level":"info","message":"   DEPOSIT: 1 models","timestamp":"2026-02-13 02:45:19"}
{"level":"info","message":"✅ Loaded critical model AuditTrail on demand","timestamp":"2026-02-13 02:45:19"}
{"level":"info","message":"✅ Model loader initialized successfully","timestamp":"2026-02-13 02:45:19"}
{"level":"info","message":"   TRANSACTION: 1 models","timestamp":"2026-02-13 02:45:19"}
{"level":"info","message":"✅ Model loader initialized successfully","timestamp":"2026-02-13 02:45:19"}
{"level":"info","message":"   DEPOSIT: 1 models","timestamp":"2026-02-13 02:45:19"}
{"level":"info","message":"✅ Model loader initialized successfully","timestamp":"2026-02-13 02:45:19"}
{"level":"info","message":"📊 Loaded models: sequelize, Op, DataTypes, QueryTypes, User, Customer, CustomerAccount, LoanAccount, LoanRepayment, Deposit, Transaction, GLAccount, AuditTrail","timestamp":"2026-02-13 02:45:19"}
{"level":"info","message":"   USER: 1 models","timestamp":"2026-02-13 02:45:19"}
{"level":"info","message":"📊 Loaded models: sequelize, Op, DataTypes, QueryTypes, User, Customer, CustomerAccount, LoanAccount, LoanRepayment, Deposit, Transaction, GLAccount, AuditTrail","timestamp":"2026-02-13 02:45:19"}
{"level":"info","message":"   TRANSACTION: 1 models","timestamp":"2026-02-13 02:45:19"}
{"level":"info","message":"📊 Loaded models: sequelize, Op, DataTypes, QueryTypes, User, Customer, CustomerAccount, LoanAccount, LoanRepayment, Deposit, Transaction, GLAccount, AuditTrail","timestamp":"2026-02-13 02:45:19"}
{"level":"info","message":"   ACCOUNTING: 1 models","timestamp":"2026-02-13 02:45:19"}
{"level":"info","message":"📊 Model Statistics:","timestamp":"2026-02-13 02:45:19"}
{"level":"info","message":"📊 Model Statistics:","timestamp":"2026-02-13 02:45:19"}
{"level":"info","message":"   AUDIT: 1 models","timestamp":"2026-02-13 02:45:19"}
{"level":"info","message":"   USER: 1 models","timestamp":"2026-02-13 02:45:19"}
{"level":"info","message":"📊 Model Statistics:","timestamp":"2026-02-13 02:45:19"}
{"level":"info","message":"   Total models loaded: 13","timestamp":"2026-02-13 02:45:19"}
{"level":"info","message":"   Total models loaded: 13","timestamp":"2026-02-13 02:45:19"}
{"level":"info","message":"   ACCOUNTING: 1 models","timestamp":"2026-02-13 02:45:19"}
{"level":"info","message":"   Total models loaded: 13","timestamp":"2026-02-13 02:45:19"}
{"level":"info","message":"   CUSTOMER: 2 models","timestamp":"2026-02-13 02:45:19"}
{"level":"info","message":"   AUDIT: 1 models","timestamp":"2026-02-13 02:45:19"}
{"level":"info","message":"   CUSTOMER: 2 models","timestamp":"2026-02-13 02:45:19"}
{"level":"info","message":"   CUSTOMER: 2 models","timestamp":"2026-02-13 02:45:19"}
{"level":"info","message":"   LOAN: 2 models","timestamp":"2026-02-13 02:45:19"}
{"level":"info","message":"   LOAN: 2 models","timestamp":"2026-02-13 02:45:19"}
{"level":"info","message":"   LOAN: 2 models","timestamp":"2026-02-13 02:45:19"}
{"level":"info","message":"   DEPOSIT: 1 models","timestamp":"2026-02-13 02:45:19"}
{"level":"info","message":"   DEPOSIT: 1 models","timestamp":"2026-02-13 02:45:19"}
{"level":"info","message":"   TRANSACTION: 1 models","timestamp":"2026-02-13 02:45:19"}
{"level":"info","message":"   TRANSACTION: 1 models","timestamp":"2026-02-13 02:45:19"}
{"level":"info","message":"   DEPOSIT: 1 models","timestamp":"2026-02-13 02:45:19"}
{"level":"info","message":"   USER: 1 models","timestamp":"2026-02-13 02:45:19"}
{"level":"info","message":"   USER: 1 models","timestamp":"2026-02-13 02:45:19"}
{"level":"info","message":"   TRANSACTION: 1 models","timestamp":"2026-02-13 02:45:19"}
{"level":"info","message":"   ACCOUNTING: 1 models","timestamp":"2026-02-13 02:45:19"}
{"level":"info","message":"   ACCOUNTING: 1 models","timestamp":"2026-02-13 02:45:19"}
{"level":"info","message":"   USER: 1 models","timestamp":"2026-02-13 02:45:19"}
{"level":"info","message":"   AUDIT: 1 models","timestamp":"2026-02-13 02:45:19"}
{"level":"info","message":"   ACCOUNTING: 1 models","timestamp":"2026-02-13 02:45:19"}
{"level":"info","message":"   AUDIT: 1 models","timestamp":"2026-02-13 02:45:19"}
{"level":"info","message":"   AUDIT: 1 models","timestamp":"2026-02-13 02:45:19"}
{"level":"info","logDir":"logs","message":"🚀 Winston logger initialized","nodeVersion":"v24.13.0","platform":"win32","timestamp":"2026-02-13 02:55:41"}
{"errors":["Role 28: Permission undefined not found in REPORT","Role 28: Permission undefined not found in REPORT","Role 38: Permission undefined not found in VAULT"],"level":"warn","message":"Permission validation errors","timestamp":"2026-02-13 02:56:04"}
{"level":"info","message":"Server time initialized (WAT): 2026-02-13T11:56:14.641Z","timestamp":"2026-02-13 02:56:14"}
{"error":"auditLogger.info(...).catch is not a function","level":"warn","message":"Could not log startup audit","timestamp":"2026-02-13 02:56:14"}
{"errors":["Role 28: Permission undefined not found in REPORT","Role 28: Permission undefined not found in REPORT","Role 38: Permission undefined not found in VAULT"],"level":"warn","message":"Permission validation errors","timestamp":"2026-02-13 02:56:14"}
{"level":"info","message":"🔧 Auto-initializing models in development mode...","timestamp":"2026-02-13 02:56:18"}
{"level":"info","message":"🚀 Initializing model loader...","timestamp":"2026-02-13 02:56:18"}
{"level":"info","message":"✅ Models loaded via index.js","timestamp":"2026-02-13 02:56:18"}
{"level":"info","message":"✅ Loaded critical model User on demand","timestamp":"2026-02-13 02:56:18"}
{"level":"info","message":"✅ Loaded critical model Customer on demand","timestamp":"2026-02-13 02:56:18"}
{"level":"info","message":"✅ Loaded critical model CustomerAccount on demand","timestamp":"2026-02-13 02:56:18"}
{"level":"info","message":"✅ Loaded critical model LoanAccount on demand","timestamp":"2026-02-13 02:56:18"}
{"level":"info","message":"✅ Loaded critical model LoanRepayment on demand","timestamp":"2026-02-13 02:56:18"}
{"level":"info","message":"✅ Loaded critical model Deposit on demand","timestamp":"2026-02-13 02:56:18"}
{"level":"info","message":"✅ Loaded critical model Transaction on demand","timestamp":"2026-02-13 02:56:18"}
{"level":"info","message":"✅ Loaded critical model GLAccount on demand","timestamp":"2026-02-13 02:56:18"}
{"level":"info","message":"✅ Loaded critical model AuditTrail on demand","timestamp":"2026-02-13 02:56:18"}
{"level":"info","message":"✅ Model loader initialized successfully","timestamp":"2026-02-13 02:56:18"}
{"level":"info","message":"📊 Loaded models: sequelize, Op, DataTypes, QueryTypes, User, Customer, CustomerAccount, LoanAccount, LoanRepayment, Deposit, Transaction, GLAccount, AuditTrail","timestamp":"2026-02-13 02:56:18"}
{"level":"info","message":"📊 Model Statistics:","timestamp":"2026-02-13 02:56:18"}
{"level":"info","message":"   Total models loaded: 13","timestamp":"2026-02-13 02:56:18"}
{"level":"info","message":"   CUSTOMER: 2 models","timestamp":"2026-02-13 02:56:18"}
{"level":"info","message":"   LOAN: 2 models","timestamp":"2026-02-13 02:56:18"}
{"level":"info","message":"   DEPOSIT: 1 models","timestamp":"2026-02-13 02:56:18"}
{"level":"info","message":"   TRANSACTION: 1 models","timestamp":"2026-02-13 02:56:18"}
{"level":"info","message":"   USER: 1 models","timestamp":"2026-02-13 02:56:18"}
{"level":"info","message":"   ACCOUNTING: 1 models","timestamp":"2026-02-13 02:56:18"}
{"level":"info","message":"   AUDIT: 1 models","timestamp":"2026-02-13 02:56:18"}
{"level":"info","logDir":"logs","message":"🚀 Winston logger initialized","nodeVersion":"v24.13.0","platform":"win32","timestamp":"2026-02-13 04:54:21"}
{"errors":["Role 28: Permission undefined not found in REPORT","Role 28: Permission undefined not found in REPORT","Role 38: Permission undefined not found in VAULT"],"level":"warn","message":"Permission validation errors","timestamp":"2026-02-13 04:55:05"}
{"level":"info","message":"Server time initialized (WAT): 2026-02-13T13:55:36.889Z","timestamp":"2026-02-13 04:55:36"}
{"error":"auditLogger.info(...).catch is not a function","level":"warn","message":"Could not log startup audit","timestamp":"2026-02-13 04:55:36"}
{"errors":["Role 28: Permission undefined not found in REPORT","Role 28: Permission undefined not found in REPORT","Role 38: Permission undefined not found in VAULT"],"level":"warn","message":"Permission validation errors","timestamp":"2026-02-13 04:55:37"}
{"level":"info","message":"🔧 Auto-initializing models in development mode...","timestamp":"2026-02-13 04:55:47"}
{"level":"info","message":"🚀 Initializing model loader...","timestamp":"2026-02-13 04:55:47"}
{"level":"info","message":"✅ Models loaded via index.js","timestamp":"2026-02-13 04:55:47"}
{"level":"info","message":"✅ Loaded critical model User on demand","timestamp":"2026-02-13 04:55:47"}
{"level":"info","message":"✅ Loaded critical model Customer on demand","timestamp":"2026-02-13 04:55:47"}
{"level":"info","message":"✅ Loaded critical model CustomerAccount on demand","timestamp":"2026-02-13 04:55:47"}
{"level":"info","message":"✅ Loaded critical model LoanAccount on demand","timestamp":"2026-02-13 04:55:47"}
{"level":"info","message":"✅ Loaded critical model LoanRepayment on demand","timestamp":"2026-02-13 04:55:47"}
{"level":"info","message":"✅ Loaded critical model Deposit on demand","timestamp":"2026-02-13 04:55:47"}
{"level":"info","message":"✅ Loaded critical model Transaction on demand","timestamp":"2026-02-13 04:55:47"}
{"level":"info","message":"✅ Loaded critical model GLAccount on demand","timestamp":"2026-02-13 04:55:47"}
{"level":"info","message":"✅ Loaded critical model AuditTrail on demand","timestamp":"2026-02-13 04:55:47"}
{"level":"info","message":"✅ Model loader initialized successfully","timestamp":"2026-02-13 04:55:47"}
{"level":"info","message":"📊 Loaded models: sequelize, Op, DataTypes, QueryTypes, User, Customer, CustomerAccount, LoanAccount, LoanRepayment, Deposit, Transaction, GLAccount, AuditTrail","timestamp":"2026-02-13 04:55:47"}
{"level":"info","message":"📊 Model Statistics:","timestamp":"2026-02-13 04:55:47"}
{"level":"info","message":"   Total models loaded: 13","timestamp":"2026-02-13 04:55:47"}
{"level":"info","message":"   CUSTOMER: 2 models","timestamp":"2026-02-13 04:55:47"}
{"level":"info","message":"   LOAN: 2 models","timestamp":"2026-02-13 04:55:47"}
{"level":"info","message":"   DEPOSIT: 1 models","timestamp":"2026-02-13 04:55:47"}
{"level":"info","message":"   TRANSACTION: 1 models","timestamp":"2026-02-13 04:55:47"}
{"level":"info","message":"   USER: 1 models","timestamp":"2026-02-13 04:55:47"}
{"level":"info","message":"   ACCOUNTING: 1 models","timestamp":"2026-02-13 04:55:47"}
{"level":"info","message":"   AUDIT: 1 models","timestamp":"2026-02-13 04:55:47"}
{"level":"info","logDir":"logs","message":"🚀 Winston logger initialized","nodeVersion":"v24.13.0","platform":"win32","timestamp":"2026-02-13 05:16:50"}
{"errors":["Role 28: Permission undefined not found in REPORT","Role 28: Permission undefined not found in REPORT","Role 38: Permission undefined not found in VAULT"],"level":"warn","message":"Permission validation errors","timestamp":"2026-02-13 05:17:09"}
{"level":"info","message":"Server time initialized (WAT): 2026-02-13T14:17:16.674Z","timestamp":"2026-02-13 05:17:16"}
{"error":"auditLogger.info(...).catch is not a function","level":"warn","message":"Could not log startup audit","timestamp":"2026-02-13 05:17:16"}
{"errors":["Role 28: Permission undefined not found in REPORT","Role 28: Permission undefined not found in REPORT","Role 38: Permission undefined not found in VAULT"],"level":"warn","message":"Permission validation errors","timestamp":"2026-02-13 05:17:16"}
{"level":"info","message":"🔧 Auto-initializing models in development mode...","timestamp":"2026-02-13 05:17:24"}
{"level":"info","message":"🚀 Initializing model loader...","timestamp":"2026-02-13 05:17:24"}
{"level":"info","message":"✅ Models loaded via index.js","timestamp":"2026-02-13 05:17:24"}
{"level":"info","message":"✅ Loaded critical model User on demand","timestamp":"2026-02-13 05:17:24"}
{"level":"info","message":"✅ Loaded critical model Customer on demand","timestamp":"2026-02-13 05:17:24"}
{"level":"info","message":"✅ Loaded critical model CustomerAccount on demand","timestamp":"2026-02-13 05:17:24"}
{"level":"info","message":"✅ Loaded critical model LoanAccount on demand","timestamp":"2026-02-13 05:17:24"}
{"level":"info","message":"✅ Loaded critical model LoanRepayment on demand","timestamp":"2026-02-13 05:17:24"}
{"level":"info","message":"✅ Loaded critical model Deposit on demand","timestamp":"2026-02-13 05:17:24"}
{"level":"info","message":"✅ Loaded critical model Transaction on demand","timestamp":"2026-02-13 05:17:24"}
{"level":"info","message":"✅ Loaded critical model GLAccount on demand","timestamp":"2026-02-13 05:17:24"}
{"level":"info","message":"✅ Loaded critical model AuditTrail on demand","timestamp":"2026-02-13 05:17:24"}
{"level":"info","message":"✅ Model loader initialized successfully","timestamp":"2026-02-13 05:17:24"}
{"level":"info","message":"📊 Loaded models: sequelize, Op, DataTypes, QueryTypes, User, Customer, CustomerAccount, LoanAccount, LoanRepayment, Deposit, Transaction, GLAccount, AuditTrail","timestamp":"2026-02-13 05:17:24"}
{"level":"info","message":"📊 Model Statistics:","timestamp":"2026-02-13 05:17:24"}
{"level":"info","message":"   Total models loaded: 13","timestamp":"2026-02-13 05:17:24"}
{"level":"info","message":"   CUSTOMER: 2 models","timestamp":"2026-02-13 05:17:24"}
{"level":"info","message":"   LOAN: 2 models","timestamp":"2026-02-13 05:17:24"}
{"level":"info","message":"   DEPOSIT: 1 models","timestamp":"2026-02-13 05:17:24"}
{"level":"info","message":"   TRANSACTION: 1 models","timestamp":"2026-02-13 05:17:24"}
{"level":"info","message":"   USER: 1 models","timestamp":"2026-02-13 05:17:24"}
{"level":"info","message":"   ACCOUNTING: 1 models","timestamp":"2026-02-13 05:17:24"}
{"level":"info","message":"   AUDIT: 1 models","timestamp":"2026-02-13 05:17:24"}
{"level":"info","logDir":"logs","message":"🚀 Winston logger initialized","nodeVersion":"v24.13.0","platform":"win32","timestamp":"2026-02-13 06:12:59"}
{"level":"info","logDir":"logs","message":"🚀 Winston logger initialized","nodeVersion":"v24.13.0","platform":"win32","timestamp":"2026-02-13 06:12:59"}
{"level":"info","logDir":"logs","message":"🚀 Winston logger initialized","nodeVersion":"v24.13.0","platform":"win32","timestamp":"2026-02-13 06:12:59"}
{"level":"info","logDir":"logs","message":"🚀 Winston logger initialized","nodeVersion":"v24.13.0","platform":"win32","timestamp":"2026-02-13 06:12:59"}
{"errors":["Role 28: Permission undefined not found in REPORT","Role 28: Permission undefined not found in REPORT","Role 38: Permission undefined not found in VAULT"],"level":"warn","message":"Permission validation errors","timestamp":"2026-02-13 06:13:11"}
{"errors":["Role 28: Permission undefined not found in REPORT","Role 28: Permission undefined not found in REPORT","Role 38: Permission undefined not found in VAULT"],"level":"warn","message":"Permission validation errors","timestamp":"2026-02-13 06:13:11"}
{"errors":["Role 28: Permission undefined not found in REPORT","Role 28: Permission undefined not found in REPORT","Role 38: Permission undefined not found in VAULT"],"level":"warn","message":"Permission validation errors","timestamp":"2026-02-13 06:13:11"}
{"level":"info","message":"Server time initialized (WAT): 2026-02-13T15:13:17.844Z","timestamp":"2026-02-13 06:13:17"}
{"errors":["Role 28: Permission undefined not found in REPORT","Role 28: Permission undefined not found in REPORT","Role 38: Permission undefined not found in VAULT"],"level":"warn","message":"Permission validation errors","timestamp":"2026-02-13 06:13:11"}
{"level":"info","message":"Server time initialized (WAT): 2026-02-13T15:13:17.835Z","timestamp":"2026-02-13 06:13:17"}
{"error":"auditLogger.info(...).catch is not a function","level":"warn","message":"Could not log startup audit","timestamp":"2026-02-13 06:13:17"}
{"level":"info","message":"Server time initialized (WAT): 2026-02-13T15:13:17.872Z","timestamp":"2026-02-13 06:13:17"}
{"error":"auditLogger.info(...).catch is not a function","level":"warn","message":"Could not log startup audit","timestamp":"2026-02-13 06:13:17"}
{"errors":["Role 28: Permission undefined not found in REPORT","Role 28: Permission undefined not found in REPORT","Role 38: Permission undefined not found in VAULT"],"level":"warn","message":"Permission validation errors","timestamp":"2026-02-13 06:13:17"}
{"level":"info","message":"Server time initialized (WAT): 2026-02-13T15:13:17.831Z","timestamp":"2026-02-13 06:13:17"}
{"error":"auditLogger.info(...).catch is not a function","level":"warn","message":"Could not log startup audit","timestamp":"2026-02-13 06:13:17"}
{"errors":["Role 28: Permission undefined not found in REPORT","Role 28: Permission undefined not found in REPORT","Role 38: Permission undefined not found in VAULT"],"level":"warn","message":"Permission validation errors","timestamp":"2026-02-13 06:13:17"}
{"date":"Fri Feb 13 2026 06:13:21 GMT-0800 (Pacific Standard Time)","error":{},"level":"error","message":"unhandledRejection: Cannot access 'app' before initialization\nReferenceError: Cannot access 'app' before initialization\n    at file:///F:/WORKON/CODE/PCO_BANKING/EVOLUTION%20BANKING%20BACKEND/src/app.js:26:1\n    at process.processTicksAndRejections (node:internal/process/task_queues:103:5)","os":{"loadavg":[0,0,0],"uptime":322284.75},"process":{"argv":["C:\\Program Files\\nodejs\\node.exe","C:\\Users\\Frederick.A_FNGA0289\\AppData\\Roaming\\npm\\node_modules\\pm2\\lib\\ProcessContainer.js"],"cwd":"F:\\WORKON\\CODE\\PCO_BANKING\\EVOLUTION BANKING BACKEND","execPath":"C:\\Program Files\\nodejs\\node.exe","gid":null,"memoryUsage":{"arrayBuffers":3850197,"external":7765699,"heapTotal":221233152,"heapUsed":99501960,"rss":235327488},"pid":4488,"uid":null,"version":"v24.13.0"},"rejection":true,"stack":"ReferenceError: Cannot access 'app' before initialization\n    at file:///F:/WORKON/CODE/PCO_BANKING/EVOLUTION%20BANKING%20BACKEND/src/app.js:26:1\n    at process.processTicksAndRejections (node:internal/process/task_queues:103:5)","timestamp":"2026-02-13 06:13:21","trace":[{"column":1,"file":"file:///F:/WORKON/CODE/PCO_BANKING/EVOLUTION%20BANKING%20BACKEND/src/app.js","function":null,"line":26,"method":null,"native":false},{"column":5,"file":"node:internal/process/task_queues","function":"process.processTicksAndRejections","line":103,"method":"processTicksAndRejections","native":false}]}
{"error":"auditLogger.info(...).catch is not a function","level":"warn","message":"Could not log startup audit","timestamp":"2026-02-13 06:13:17"}
{"errors":["Role 28: Permission undefined not found in REPORT","Role 28: Permission undefined not found in REPORT","Role 38: Permission undefined not found in VAULT"],"level":"warn","message":"Permission validation errors","timestamp":"2026-02-13 06:13:18"}
{"date":"Fri Feb 13 2026 06:13:21 GMT-0800 (Pacific Standard Time)","error":{},"level":"error","message":"unhandledRejection: Cannot access 'app' before initialization\nReferenceError: Cannot access 'app' before initialization\n    at file:///F:/WORKON/CODE/PCO_BANKING/EVOLUTION%20BANKING%20BACKEND/src/app.js:26:1\n    at process.processTicksAndRejections (node:internal/process/task_queues:103:5)","os":{"loadavg":[0,0,0],"uptime":322284.75},"process":{"argv":["C:\\Program Files\\nodejs\\node.exe","C:\\Users\\Frederick.A_FNGA0289\\AppData\\Roaming\\npm\\node_modules\\pm2\\lib\\ProcessContainer.js"],"cwd":"F:\\WORKON\\CODE\\PCO_BANKING\\EVOLUTION BANKING BACKEND","execPath":"C:\\Program Files\\nodejs\\node.exe","gid":null,"memoryUsage":{"arrayBuffers":3854724,"external":7770225,"heapTotal":221495296,"heapUsed":98772264,"rss":236920832},"pid":27632,"uid":null,"version":"v24.13.0"},"rejection":true,"stack":"ReferenceError: Cannot access 'app' before initialization\n    at file:///F:/WORKON/CODE/PCO_BANKING/EVOLUTION%20BANKING%20BACKEND/src/app.js:26:1\n    at process.processTicksAndRejections (node:internal/process/task_queues:103:5)","timestamp":"2026-02-13 06:13:21","trace":[{"column":1,"file":"file:///F:/WORKON/CODE/PCO_BANKING/EVOLUTION%20BANKING%20BACKEND/src/app.js","function":null,"line":26,"method":null,"native":false},{"column":5,"file":"node:internal/process/task_queues","function":"process.processTicksAndRejections","line":103,"method":"processTicksAndRejections","native":false}]}
{"level":"info","message":"🔧 Auto-initializing models in development mode...","timestamp":"2026-02-13 06:13:21"}
{"errors":["Role 28: Permission undefined not found in REPORT","Role 28: Permission undefined not found in REPORT","Role 38: Permission undefined not found in VAULT"],"level":"warn","message":"Permission validation errors","timestamp":"2026-02-13 06:13:17"}
{"date":"Fri Feb 13 2026 06:13:21 GMT-0800 (Pacific Standard Time)","error":{},"level":"error","message":"unhandledRejection: Cannot access 'app' before initialization\nReferenceError: Cannot access 'app' before initialization\n    at file:///F:/WORKON/CODE/PCO_BANKING/EVOLUTION%20BANKING%20BACKEND/src/app.js:26:1\n    at process.processTicksAndRejections (node:internal/process/task_queues:103:5)","os":{"loadavg":[0,0,0],"uptime":322284.75},"process":{"argv":["C:\\Program Files\\nodejs\\node.exe","C:\\Users\\Frederick.A_FNGA0289\\AppData\\Roaming\\npm\\node_modules\\pm2\\lib\\ProcessContainer.js"],"cwd":"F:\\WORKON\\CODE\\PCO_BANKING\\EVOLUTION BANKING BACKEND","execPath":"C:\\Program Files\\nodejs\\node.exe","gid":null,"memoryUsage":{"arrayBuffers":3850198,"external":7765699,"heapTotal":220971008,"heapUsed":102026576,"rss":234168320},"pid":19724,"uid":null,"version":"v24.13.0"},"rejection":true,"stack":"ReferenceError: Cannot access 'app' before initialization\n    at file:///F:/WORKON/CODE/PCO_BANKING/EVOLUTION%20BANKING%20BACKEND/src/app.js:26:1\n    at process.processTicksAndRejections (node:internal/process/task_queues:103:5)","timestamp":"2026-02-13 06:13:21","trace":[{"column":1,"file":"file:///F:/WORKON/CODE/PCO_BANKING/EVOLUTION%20BANKING%20BACKEND/src/app.js","function":null,"line":26,"method":null,"native":false},{"column":5,"file":"node:internal/process/task_queues","function":"process.processTicksAndRejections","line":103,"method":"processTicksAndRejections","native":false}]}
{"level":"info","message":"🔧 Auto-initializing models in development mode...","timestamp":"2026-02-13 06:13:21"}
{"date":"Fri Feb 13 2026 06:13:21 GMT-0800 (Pacific Standard Time)","error":{},"level":"error","message":"unhandledRejection: Cannot access 'app' before initialization\nReferenceError: Cannot access 'app' before initialization\n    at file:///F:/WORKON/CODE/PCO_BANKING/EVOLUTION%20BANKING%20BACKEND/src/app.js:26:1\n    at process.processTicksAndRejections (node:internal/process/task_queues:103:5)","os":{"loadavg":[0,0,0],"uptime":322284.796},"process":{"argv":["C:\\Program Files\\nodejs\\node.exe","C:\\Users\\Frederick.A_FNGA0289\\AppData\\Roaming\\npm\\node_modules\\pm2\\lib\\ProcessContainer.js"],"cwd":"F:\\WORKON\\CODE\\PCO_BANKING\\EVOLUTION BANKING BACKEND","execPath":"C:\\Program Files\\nodejs\\node.exe","gid":null,"memoryUsage":{"arrayBuffers":3858677,"external":7774178,"heapTotal":210120704,"heapUsed":140525792,"rss":238166016},"pid":30252,"uid":null,"version":"v24.13.0"},"rejection":true,"stack":"ReferenceError: Cannot access 'app' before initialization\n    at file:///F:/WORKON/CODE/PCO_BANKING/EVOLUTION%20BANKING%20BACKEND/src/app.js:26:1\n    at process.processTicksAndRejections (node:internal/process/task_queues:103:5)","timestamp":"2026-02-13 06:13:21","trace":[{"column":1,"file":"file:///F:/WORKON/CODE/PCO_BANKING/EVOLUTION%20BANKING%20BACKEND/src/app.js","function":null,"line":26,"method":null,"native":false},{"column":5,"file":"node:internal/process/task_queues","function":"process.processTicksAndRejections","line":103,"method":"processTicksAndRejections","native":false}]}
{"level":"info","message":"🚀 Initializing model loader...","timestamp":"2026-02-13 06:13:21"}
{"level":"info","message":"🚀 Initializing model loader...","timestamp":"2026-02-13 06:13:21"}
{"level":"info","message":"🔧 Auto-initializing models in development mode...","timestamp":"2026-02-13 06:13:21"}
{"level":"info","message":"✅ Models loaded via index.js","timestamp":"2026-02-13 06:13:21"}
{"level":"info","message":"🔧 Auto-initializing models in development mode...","timestamp":"2026-02-13 06:13:21"}
{"level":"info","message":"🚀 Initializing model loader...","timestamp":"2026-02-13 06:13:21"}
{"level":"info","message":"✅ Loaded critical model User on demand","timestamp":"2026-02-13 06:13:21"}
{"level":"info","message":"✅ Models loaded via index.js","timestamp":"2026-02-13 06:13:21"}
{"level":"info","message":"✅ Models loaded via index.js","timestamp":"2026-02-13 06:13:21"}
{"level":"info","message":"✅ Loaded critical model Customer on demand","timestamp":"2026-02-13 06:13:21"}
{"level":"info","message":"✅ Loaded critical model User on demand","timestamp":"2026-02-13 06:13:21"}
{"level":"info","message":"🚀 Initializing model loader...","timestamp":"2026-02-13 06:13:21"}
{"level":"info","message":"✅ Loaded critical model User on demand","timestamp":"2026-02-13 06:13:21"}
{"level":"info","message":"✅ Loaded critical model CustomerAccount on demand","timestamp":"2026-02-13 06:13:21"}
{"level":"info","message":"✅ Models loaded via index.js","timestamp":"2026-02-13 06:13:21"}
{"level":"info","message":"✅ Loaded critical model Customer on demand","timestamp":"2026-02-13 06:13:21"}
{"level":"info","message":"✅ Loaded critical model Customer on demand","timestamp":"2026-02-13 06:13:21"}
{"level":"info","message":"✅ Loaded critical model LoanAccount on demand","timestamp":"2026-02-13 06:13:21"}
{"level":"info","message":"✅ Loaded critical model CustomerAccount on demand","timestamp":"2026-02-13 06:13:21"}
{"level":"info","message":"✅ Loaded critical model CustomerAccount on demand","timestamp":"2026-02-13 06:13:21"}
{"level":"info","message":"✅ Loaded critical model User on demand","timestamp":"2026-02-13 06:13:21"}
{"level":"info","message":"✅ Loaded critical model LoanRepayment on demand","timestamp":"2026-02-13 06:13:21"}
{"level":"info","message":"✅ Loaded critical model LoanAccount on demand","timestamp":"2026-02-13 06:13:21"}
{"level":"info","message":"✅ Loaded critical model Customer on demand","timestamp":"2026-02-13 06:13:21"}
{"level":"info","message":"✅ Loaded critical model LoanAccount on demand","timestamp":"2026-02-13 06:13:21"}
{"level":"info","message":"✅ Loaded critical model Deposit on demand","timestamp":"2026-02-13 06:13:21"}
{"level":"info","message":"✅ Loaded critical model LoanRepayment on demand","timestamp":"2026-02-13 06:13:21"}
{"level":"info","message":"✅ Loaded critical model CustomerAccount on demand","timestamp":"2026-02-13 06:13:21"}
{"level":"info","message":"✅ Loaded critical model Transaction on demand","timestamp":"2026-02-13 06:13:21"}
{"level":"info","message":"✅ Loaded critical model LoanRepayment on demand","timestamp":"2026-02-13 06:13:21"}
{"level":"info","message":"✅ Loaded critical model Deposit on demand","timestamp":"2026-02-13 06:13:21"}
{"level":"info","message":"✅ Loaded critical model LoanAccount on demand","timestamp":"2026-02-13 06:13:21"}
{"level":"info","message":"✅ Loaded critical model Deposit on demand","timestamp":"2026-02-13 06:13:21"}
{"level":"info","message":"✅ Loaded critical model GLAccount on demand","timestamp":"2026-02-13 06:13:21"}
{"level":"info","message":"✅ Loaded critical model Transaction on demand","timestamp":"2026-02-13 06:13:21"}
{"level":"info","message":"✅ Loaded critical model LoanRepayment on demand","timestamp":"2026-02-13 06:13:21"}
{"level":"info","message":"✅ Loaded critical model AuditTrail on demand","timestamp":"2026-02-13 06:13:21"}
{"level":"info","message":"✅ Loaded critical model Transaction on demand","timestamp":"2026-02-13 06:13:21"}
{"level":"info","message":"✅ Loaded critical model GLAccount on demand","timestamp":"2026-02-13 06:13:21"}
{"level":"info","message":"✅ Loaded critical model Deposit on demand","timestamp":"2026-02-13 06:13:21"}
{"level":"info","message":"✅ Loaded critical model GLAccount on demand","timestamp":"2026-02-13 06:13:21"}
{"level":"info","message":"✅ Model loader initialized successfully","timestamp":"2026-02-13 06:13:21"}
{"level":"info","message":"✅ Loaded critical model AuditTrail on demand","timestamp":"2026-02-13 06:13:21"}
{"level":"info","message":"✅ Loaded critical model Transaction on demand","timestamp":"2026-02-13 06:13:21"}
{"level":"info","message":"📊 Loaded models: sequelize, Op, DataTypes, QueryTypes, User, Customer, CustomerAccount, LoanAccount, LoanRepayment, Deposit, Transaction, GLAccount, AuditTrail","timestamp":"2026-02-13 06:13:21"}
{"level":"info","message":"✅ Loaded critical model AuditTrail on demand","timestamp":"2026-02-13 06:13:21"}
{"level":"info","message":"✅ Model loader initialized successfully","timestamp":"2026-02-13 06:13:21"}
{"level":"info","message":"✅ Loaded critical model GLAccount on demand","timestamp":"2026-02-13 06:13:21"}
{"level":"info","message":"📊 Model Statistics:","timestamp":"2026-02-13 06:13:21"}
{"level":"info","message":"✅ Model loader initialized successfully","timestamp":"2026-02-13 06:13:21"}
{"level":"info","message":"📊 Loaded models: sequelize, Op, DataTypes, QueryTypes, User, Customer, CustomerAccount, LoanAccount, LoanRepayment, Deposit, Transaction, GLAccount, AuditTrail","timestamp":"2026-02-13 06:13:21"}
{"level":"info","message":"📊 Loaded models: sequelize, Op, DataTypes, QueryTypes, User, Customer, CustomerAccount, LoanAccount, LoanRepayment, Deposit, Transaction, GLAccount, AuditTrail","timestamp":"2026-02-13 06:13:21"}
{"level":"info","message":"✅ Loaded critical model AuditTrail on demand","timestamp":"2026-02-13 06:13:21"}
{"level":"info","message":"   Total models loaded: 13","timestamp":"2026-02-13 06:13:21"}
{"level":"info","message":"📊 Model Statistics:","timestamp":"2026-02-13 06:13:21"}
{"level":"info","message":"✅ Model loader initialized successfully","timestamp":"2026-02-13 06:13:21"}
{"level":"info","message":"   CUSTOMER: 2 models","timestamp":"2026-02-13 06:13:21"}
{"level":"info","message":"📊 Model Statistics:","timestamp":"2026-02-13 06:13:21"}
{"level":"info","message":"   Total models loaded: 13","timestamp":"2026-02-13 06:13:21"}
{"level":"info","message":"📊 Loaded models: sequelize, Op, DataTypes, QueryTypes, User, Customer, CustomerAccount, LoanAccount, LoanRepayment, Deposit, Transaction, GLAccount, AuditTrail","timestamp":"2026-02-13 06:13:21"}
{"level":"info","message":"   LOAN: 2 models","timestamp":"2026-02-13 06:13:21"}
{"level":"info","message":"   Total models loaded: 13","timestamp":"2026-02-13 06:13:21"}
{"level":"info","message":"   CUSTOMER: 2 models","timestamp":"2026-02-13 06:13:21"}
{"level":"info","message":"📊 Model Statistics:","timestamp":"2026-02-13 06:13:21"}
{"level":"info","message":"   DEPOSIT: 1 models","timestamp":"2026-02-13 06:13:21"}
{"level":"info","message":"   CUSTOMER: 2 models","timestamp":"2026-02-13 06:13:21"}
{"level":"info","message":"   LOAN: 2 models","timestamp":"2026-02-13 06:13:21"}
{"level":"info","message":"   Total models loaded: 13","timestamp":"2026-02-13 06:13:21"}
{"level":"info","message":"   LOAN: 2 models","timestamp":"2026-02-13 06:13:21"}
{"level":"info","message":"   TRANSACTION: 1 models","timestamp":"2026-02-13 06:13:21"}
{"level":"info","message":"   DEPOSIT: 1 models","timestamp":"2026-02-13 06:13:21"}
{"level":"info","message":"   CUSTOMER: 2 models","timestamp":"2026-02-13 06:13:21"}
{"level":"info","message":"   DEPOSIT: 1 models","timestamp":"2026-02-13 06:13:21"}
{"level":"info","message":"   TRANSACTION: 1 models","timestamp":"2026-02-13 06:13:21"}
{"level":"info","message":"   LOAN: 2 models","timestamp":"2026-02-13 06:13:21"}
{"level":"info","message":"   USER: 1 models","timestamp":"2026-02-13 06:13:21"}
{"level":"info","message":"   TRANSACTION: 1 models","timestamp":"2026-02-13 06:13:21"}
{"level":"info","message":"   DEPOSIT: 1 models","timestamp":"2026-02-13 06:13:21"}
{"level":"info","message":"   ACCOUNTING: 1 models","timestamp":"2026-02-13 06:13:21"}
{"level":"info","message":"   USER: 1 models","timestamp":"2026-02-13 06:13:21"}
{"level":"info","message":"   USER: 1 models","timestamp":"2026-02-13 06:13:21"}
{"level":"info","message":"   AUDIT: 1 models","timestamp":"2026-02-13 06:13:21"}
{"level":"info","message":"   TRANSACTION: 1 models","timestamp":"2026-02-13 06:13:21"}
{"level":"info","message":"   ACCOUNTING: 1 models","timestamp":"2026-02-13 06:13:21"}
{"level":"info","message":"   ACCOUNTING: 1 models","timestamp":"2026-02-13 06:13:21"}
{"level":"info","message":"   USER: 1 models","timestamp":"2026-02-13 06:13:21"}
{"level":"info","message":"   AUDIT: 1 models","timestamp":"2026-02-13 06:13:21"}
{"level":"info","message":"   AUDIT: 1 models","timestamp":"2026-02-13 06:13:21"}
{"level":"info","message":"   ACCOUNTING: 1 models","timestamp":"2026-02-13 06:13:21"}
{"level":"info","message":"   AUDIT: 1 models","timestamp":"2026-02-13 06:13:21"}
{"level":"info","logDir":"logs","message":"🚀 Winston logger initialized","nodeVersion":"v24.13.0","platform":"win32","timestamp":"2026-02-13 07:29:11"}
{"errors":["Role 28: Permission undefined not found in REPORT","Role 28: Permission undefined not found in REPORT","Role 38: Permission undefined not found in VAULT"],"level":"warn","message":"Permission validation errors","timestamp":"2026-02-13 07:30:21"}
{"level":"info","message":"Server time initialized (WAT): 2026-02-13T16:30:41.628Z","timestamp":"2026-02-13 07:30:41"}
{"error":"auditLogger.info(...).catch is not a function","level":"warn","message":"Could not log startup audit","timestamp":"2026-02-13 07:30:41"}
{"errors":["Role 28: Permission undefined not found in REPORT","Role 28: Permission undefined not found in REPORT","Role 38: Permission undefined not found in VAULT"],"level":"warn","message":"Permission validation errors","timestamp":"2026-02-13 07:30:41"}
{"level":"info","message":"🔧 Auto-initializing models in development mode...","timestamp":"2026-02-13 07:30:47"}
{"level":"info","message":"🚀 Initializing model loader...","timestamp":"2026-02-13 07:30:47"}
{"level":"info","message":"✅ Models loaded via index.js","timestamp":"2026-02-13 07:30:47"}
{"level":"info","message":"✅ Loaded critical model User on demand","timestamp":"2026-02-13 07:30:47"}
{"level":"info","message":"✅ Loaded critical model Customer on demand","timestamp":"2026-02-13 07:30:48"}
{"level":"info","message":"✅ Loaded critical model CustomerAccount on demand","timestamp":"2026-02-13 07:30:48"}
{"level":"info","message":"✅ Loaded critical model LoanAccount on demand","timestamp":"2026-02-13 07:30:48"}
{"level":"info","message":"✅ Loaded critical model LoanRepayment on demand","timestamp":"2026-02-13 07:30:48"}
{"level":"info","message":"✅ Loaded critical model Deposit on demand","timestamp":"2026-02-13 07:30:48"}
{"level":"info","message":"✅ Loaded critical model Transaction on demand","timestamp":"2026-02-13 07:30:48"}
{"level":"info","message":"✅ Loaded critical model GLAccount on demand","timestamp":"2026-02-13 07:30:48"}
{"level":"info","message":"✅ Loaded critical model AuditTrail on demand","timestamp":"2026-02-13 07:30:48"}
{"level":"info","message":"✅ Model loader initialized successfully","timestamp":"2026-02-13 07:30:48"}
{"level":"info","message":"📊 Loaded models: sequelize, Op, DataTypes, QueryTypes, User, Customer, CustomerAccount, LoanAccount, LoanRepayment, Deposit, Transaction, GLAccount, AuditTrail","timestamp":"2026-02-13 07:30:48"}
{"level":"info","message":"📊 Model Statistics:","timestamp":"2026-02-13 07:30:48"}
{"level":"info","message":"   Total models loaded: 13","timestamp":"2026-02-13 07:30:48"}
{"level":"info","message":"   CUSTOMER: 2 models","timestamp":"2026-02-13 07:30:48"}
{"level":"info","message":"   LOAN: 2 models","timestamp":"2026-02-13 07:30:48"}
{"level":"info","message":"   DEPOSIT: 1 models","timestamp":"2026-02-13 07:30:48"}
{"level":"info","message":"   TRANSACTION: 1 models","timestamp":"2026-02-13 07:30:48"}
{"level":"info","message":"   USER: 1 models","timestamp":"2026-02-13 07:30:48"}
{"level":"info","message":"   ACCOUNTING: 1 models","timestamp":"2026-02-13 07:30:48"}
{"level":"info","message":"   AUDIT: 1 models","timestamp":"2026-02-13 07:30:48"}
{"level":"info","logDir":"logs","message":"🚀 Winston logger initialized","nodeVersion":"v24.13.0","platform":"win32","timestamp":"2026-02-13 10:21:46"}
{"level":"info","logDir":"logs","message":"🚀 Winston logger initialized","nodeVersion":"v24.13.0","platform":"win32","timestamp":"2026-02-13 10:21:46"}
{"level":"info","logDir":"logs","message":"🚀 Winston logger initialized","nodeVersion":"v24.13.0","platform":"win32","timestamp":"2026-02-13 10:21:46"}
{"errors":["Role 28: Permission undefined not found in REPORT","Role 28: Permission undefined not found in REPORT","Role 38: Permission undefined not found in VAULT"],"level":"warn","message":"Permission validation errors","timestamp":"2026-02-13 10:22:02"}
{"errors":["Role 28: Permission undefined not found in REPORT","Role 28: Permission undefined not found in REPORT","Role 38: Permission undefined not found in VAULT"],"level":"warn","message":"Permission validation errors","timestamp":"2026-02-13 10:22:02"}
{"errors":["Role 28: Permission undefined not found in REPORT","Role 28: Permission undefined not found in REPORT","Role 38: Permission undefined not found in VAULT"],"level":"warn","message":"Permission validation errors","timestamp":"2026-02-13 10:22:02"}
{"level":"info","message":"Server time initialized (WAT): 2026-02-13T19:22:10.161Z","timestamp":"2026-02-13 10:22:10"}
{"level":"info","message":"Server time initialized (WAT): 2026-02-13T19:22:10.166Z","timestamp":"2026-02-13 10:22:10"}
{"level":"info","message":"Server time initialized (WAT): 2026-02-13T19:22:10.162Z","timestamp":"2026-02-13 10:22:10"}
{"error":"auditLogger.info(...).catch is not a function","level":"warn","message":"Could not log startup audit","timestamp":"2026-02-13 10:22:10"}
{"error":"auditLogger.info(...).catch is not a function","level":"warn","message":"Could not log startup audit","timestamp":"2026-02-13 10:22:10"}
{"error":"auditLogger.info(...).catch is not a function","level":"warn","message":"Could not log startup audit","timestamp":"2026-02-13 10:22:10"}
{"errors":["Role 28: Permission undefined not found in REPORT","Role 28: Permission undefined not found in REPORT","Role 38: Permission undefined not found in VAULT"],"level":"warn","message":"Permission validation errors","timestamp":"2026-02-13 10:22:10"}
{"errors":["Role 28: Permission undefined not found in REPORT","Role 28: Permission undefined not found in REPORT","Role 38: Permission undefined not found in VAULT"],"level":"warn","message":"Permission validation errors","timestamp":"2026-02-13 10:22:10"}
{"errors":["Role 28: Permission undefined not found in REPORT","Role 28: Permission undefined not found in REPORT","Role 38: Permission undefined not found in VAULT"],"level":"warn","message":"Permission validation errors","timestamp":"2026-02-13 10:22:10"}
{"date":"Fri Feb 13 2026 10:22:13 GMT-0800 (Pacific Standard Time)","error":{},"level":"error","message":"unhandledRejection: Cannot access 'app' before initialization\nReferenceError: Cannot access 'app' before initialization\n    at file:///F:/WORKON/CODE/PCO_BANKING/EVOLUTION%20BANKING%20BACKEND/src/app.js:26:1\n    at process.processTicksAndRejections (node:internal/process/task_queues:103:5)","os":{"loadavg":[0,0,0],"uptime":337217.171},"process":{"argv":["C:\\Program Files\\nodejs\\node.exe","C:\\Users\\Frederick.A_FNGA0289\\AppData\\Roaming\\npm\\node_modules\\pm2\\lib\\ProcessContainer.js"],"cwd":"F:\\WORKON\\CODE\\PCO_BANKING\\EVOLUTION BANKING BACKEND","execPath":"C:\\Program Files\\nodejs\\node.exe","gid":null,"memoryUsage":{"arrayBuffers":3862922,"external":7778423,"heapTotal":245006336,"heapUsed":155264336,"rss":285302784},"pid":29092,"uid":null,"version":"v24.13.0"},"rejection":true,"stack":"ReferenceError: Cannot access 'app' before initialization\n    at file:///F:/WORKON/CODE/PCO_BANKING/EVOLUTION%20BANKING%20BACKEND/src/app.js:26:1\n    at process.processTicksAndRejections (node:internal/process/task_queues:103:5)","timestamp":"2026-02-13 10:22:13","trace":[{"column":1,"file":"file:///F:/WORKON/CODE/PCO_BANKING/EVOLUTION%20BANKING%20BACKEND/src/app.js","function":null,"line":26,"method":null,"native":false},{"column":5,"file":"node:internal/process/task_queues","function":"process.processTicksAndRejections","line":103,"method":"processTicksAndRejections","native":false}]}
{"date":"Fri Feb 13 2026 10:22:13 GMT-0800 (Pacific Standard Time)","error":{},"level":"error","message":"unhandledRejection: Cannot access 'app' before initialization\nReferenceError: Cannot access 'app' before initialization\n    at file:///F:/WORKON/CODE/PCO_BANKING/EVOLUTION%20BANKING%20BACKEND/src/app.js:26:1\n    at process.processTicksAndRejections (node:internal/process/task_queues:103:5)","os":{"loadavg":[0,0,0],"uptime":337217.171},"process":{"argv":["C:\\Program Files\\nodejs\\node.exe","C:\\Users\\Frederick.A_FNGA0289\\AppData\\Roaming\\npm\\node_modules\\pm2\\lib\\ProcessContainer.js"],"cwd":"F:\\WORKON\\CODE\\PCO_BANKING\\EVOLUTION BANKING BACKEND","execPath":"C:\\Program Files\\nodejs\\node.exe","gid":null,"memoryUsage":{"arrayBuffers":3862922,"external":7778423,"heapTotal":248139776,"heapUsed":159876456,"rss":288780288},"pid":24756,"uid":null,"version":"v24.13.0"},"rejection":true,"stack":"ReferenceError: Cannot access 'app' before initialization\n    at file:///F:/WORKON/CODE/PCO_BANKING/EVOLUTION%20BANKING%20BACKEND/src/app.js:26:1\n    at process.processTicksAndRejections (node:internal/process/task_queues:103:5)","timestamp":"2026-02-13 10:22:13","trace":[{"column":1,"file":"file:///F:/WORKON/CODE/PCO_BANKING/EVOLUTION%20BANKING%20BACKEND/src/app.js","function":null,"line":26,"method":null,"native":false},{"column":5,"file":"node:internal/process/task_queues","function":"process.processTicksAndRejections","line":103,"method":"processTicksAndRejections","native":false}]}
{"date":"Fri Feb 13 2026 10:22:13 GMT-0800 (Pacific Standard Time)","error":{},"level":"error","message":"unhandledRejection: Cannot access 'app' before initialization\nReferenceError: Cannot access 'app' before initialization\n    at file:///F:/WORKON/CODE/PCO_BANKING/EVOLUTION%20BANKING%20BACKEND/src/app.js:26:1\n    at process.processTicksAndRejections (node:internal/process/task_queues:103:5)","os":{"loadavg":[0,0,0],"uptime":337217.156},"process":{"argv":["C:\\Program Files\\nodejs\\node.exe","C:\\Users\\Frederick.A_FNGA0289\\AppData\\Roaming\\npm\\node_modules\\pm2\\lib\\ProcessContainer.js"],"cwd":"F:\\WORKON\\CODE\\PCO_BANKING\\EVOLUTION BANKING BACKEND","execPath":"C:\\Program Files\\nodejs\\node.exe","gid":null,"memoryUsage":{"arrayBuffers":3862922,"external":7778423,"heapTotal":208003072,"heapUsed":119571496,"rss":228663296},"pid":18448,"uid":null,"version":"v24.13.0"},"rejection":true,"stack":"ReferenceError: Cannot access 'app' before initialization\n    at file:///F:/WORKON/CODE/PCO_BANKING/EVOLUTION%20BANKING%20BACKEND/src/app.js:26:1\n    at process.processTicksAndRejections (node:internal/process/task_queues:103:5)","timestamp":"2026-02-13 10:22:13","trace":[{"column":1,"file":"file:///F:/WORKON/CODE/PCO_BANKING/EVOLUTION%20BANKING%20BACKEND/src/app.js","function":null,"line":26,"method":null,"native":false},{"column":5,"file":"node:internal/process/task_queues","function":"process.processTicksAndRejections","line":103,"method":"processTicksAndRejections","native":false}]}
{"level":"info","message":"🔧 Auto-initializing models in development mode...","timestamp":"2026-02-13 10:22:14"}
{"level":"info","logDir":"logs","message":"🚀 Winston logger initialized","nodeVersion":"v24.13.0","platform":"win32","timestamp":"2026-02-13 10:21:46"}
{"level":"info","message":"🔧 Auto-initializing models in development mode...","timestamp":"2026-02-13 10:22:14"}
{"errors":["Role 28: Permission undefined not found in REPORT","Role 28: Permission undefined not found in REPORT","Role 38: Permission undefined not found in VAULT"],"level":"warn","message":"Permission validation errors","timestamp":"2026-02-13 10:22:02"}
{"level":"info","message":"🔧 Auto-initializing models in development mode...","timestamp":"2026-02-13 10:22:13"}
{"level":"info","message":"🚀 Initializing model loader...","timestamp":"2026-02-13 10:22:14"}
{"level":"info","message":"Server time initialized (WAT): 2026-02-13T19:22:10.166Z","timestamp":"2026-02-13 10:22:10"}
{"level":"info","message":"🚀 Initializing model loader...","timestamp":"2026-02-13 10:22:14"}
{"level":"info","message":"✅ Models loaded via index.js","timestamp":"2026-02-13 10:22:14"}
{"error":"auditLogger.info(...).catch is not a function","level":"warn","message":"Could not log startup audit","timestamp":"2026-02-13 10:22:10"}
{"level":"info","message":"✅ Models loaded via index.js","timestamp":"2026-02-13 10:22:14"}
{"level":"info","message":"🚀 Initializing model loader...","timestamp":"2026-02-13 10:22:14"}
{"level":"info","message":"✅ Loaded critical model User on demand","timestamp":"2026-02-13 10:22:14"}
{"errors":["Role 28: Permission undefined not found in REPORT","Role 28: Permission undefined not found in REPORT","Role 38: Permission undefined not found in VAULT"],"level":"warn","message":"Permission validation errors","timestamp":"2026-02-13 10:22:10"}
{"level":"info","message":"✅ Loaded critical model User on demand","timestamp":"2026-02-13 10:22:14"}
{"level":"info","message":"✅ Loaded critical model Customer on demand","timestamp":"2026-02-13 10:22:14"}
{"date":"Fri Feb 13 2026 10:22:13 GMT-0800 (Pacific Standard Time)","error":{},"level":"error","message":"unhandledRejection: Cannot access 'app' before initialization\nReferenceError: Cannot access 'app' before initialization\n    at file:///F:/WORKON/CODE/PCO_BANKING/EVOLUTION%20BANKING%20BACKEND/src/app.js:26:1\n    at process.processTicksAndRejections (node:internal/process/task_queues:103:5)","os":{"loadavg":[0,0,0],"uptime":337217.234},"process":{"argv":["C:\\Program Files\\nodejs\\node.exe","C:\\Users\\Frederick.A_FNGA0289\\AppData\\Roaming\\npm\\node_modules\\pm2\\lib\\ProcessContainer.js"],"cwd":"F:\\WORKON\\CODE\\PCO_BANKING\\EVOLUTION BANKING BACKEND","execPath":"C:\\Program Files\\nodejs\\node.exe","gid":null,"memoryUsage":{"arrayBuffers":3468563,"external":7778423,"heapTotal":217071616,"heapUsed":79249280,"rss":243748864},"pid":6768,"uid":null,"version":"v24.13.0"},"rejection":true,"stack":"ReferenceError: Cannot access 'app' before initialization\n    at file:///F:/WORKON/CODE/PCO_BANKING/EVOLUTION%20BANKING%20BACKEND/src/app.js:26:1\n    at process.processTicksAndRejections (node:internal/process/task_queues:103:5)","timestamp":"2026-02-13 10:22:13","trace":[{"column":1,"file":"file:///F:/WORKON/CODE/PCO_BANKING/EVOLUTION%20BANKING%20BACKEND/src/app.js","function":null,"line":26,"method":null,"native":false},{"column":5,"file":"node:internal/process/task_queues","function":"process.processTicksAndRejections","line":103,"method":"processTicksAndRejections","native":false}]}
{"level":"info","message":"✅ Models loaded via index.js","timestamp":"2026-02-13 10:22:14"}
{"level":"info","message":"✅ Loaded critical model Customer on demand","timestamp":"2026-02-13 10:22:14"}
{"level":"info","message":"✅ Loaded critical model CustomerAccount on demand","timestamp":"2026-02-13 10:22:14"}
{"level":"info","message":"🔧 Auto-initializing models in development mode...","timestamp":"2026-02-13 10:22:14"}
{"level":"info","message":"✅ Loaded critical model User on demand","timestamp":"2026-02-13 10:22:14"}
{"level":"info","message":"✅ Loaded critical model CustomerAccount on demand","timestamp":"2026-02-13 10:22:14"}
{"level":"info","message":"🚀 Initializing model loader...","timestamp":"2026-02-13 10:22:14"}
{"level":"info","message":"✅ Loaded critical model Customer on demand","timestamp":"2026-02-13 10:22:14"}
{"level":"info","message":"✅ Loaded critical model LoanAccount on demand","timestamp":"2026-02-13 10:22:14"}
{"level":"info","message":"✅ Loaded critical model CustomerAccount on demand","timestamp":"2026-02-13 10:22:14"}
{"level":"info","message":"✅ Loaded critical model LoanRepayment on demand","timestamp":"2026-02-13 10:22:14"}
{"level":"info","message":"✅ Models loaded via index.js","timestamp":"2026-02-13 10:22:14"}
{"level":"info","message":"✅ Loaded critical model LoanAccount on demand","timestamp":"2026-02-13 10:22:14"}
{"level":"info","message":"✅ Loaded critical model LoanAccount on demand","timestamp":"2026-02-13 10:22:14"}
{"level":"info","message":"✅ Loaded critical model Deposit on demand","timestamp":"2026-02-13 10:22:14"}
{"level":"info","message":"✅ Loaded critical model LoanRepayment on demand","timestamp":"2026-02-13 10:22:14"}
{"level":"info","message":"✅ Loaded critical model Transaction on demand","timestamp":"2026-02-13 10:22:14"}
{"level":"info","message":"✅ Loaded critical model Deposit on demand","timestamp":"2026-02-13 10:22:14"}
{"level":"info","message":"✅ Loaded critical model GLAccount on demand","timestamp":"2026-02-13 10:22:14"}
{"level":"info","message":"✅ Loaded critical model Transaction on demand","timestamp":"2026-02-13 10:22:14"}
{"level":"info","message":"✅ Loaded critical model AuditTrail on demand","timestamp":"2026-02-13 10:22:14"}
{"level":"info","message":"✅ Loaded critical model GLAccount on demand","timestamp":"2026-02-13 10:22:14"}
{"level":"info","message":"✅ Loaded critical model AuditTrail on demand","timestamp":"2026-02-13 10:22:14"}
{"level":"info","message":"✅ Model loader initialized successfully","timestamp":"2026-02-13 10:22:14"}
{"level":"info","message":"✅ Model loader initialized successfully","timestamp":"2026-02-13 10:22:14"}
{"level":"info","message":"📊 Loaded models: sequelize, Op, DataTypes, QueryTypes, User, Customer, CustomerAccount, LoanAccount, LoanRepayment, Deposit, Transaction, GLAccount, AuditTrail","timestamp":"2026-02-13 10:22:14"}
{"level":"info","message":"✅ Loaded critical model User on demand","timestamp":"2026-02-13 10:22:14"}
{"level":"info","message":"✅ Loaded critical model LoanRepayment on demand","timestamp":"2026-02-13 10:22:14"}
{"level":"info","message":"📊 Loaded models: sequelize, Op, DataTypes, QueryTypes, User, Customer, CustomerAccount, LoanAccount, LoanRepayment, Deposit, Transaction, GLAccount, AuditTrail","timestamp":"2026-02-13 10:22:14"}
{"level":"info","message":"✅ Loaded critical model Customer on demand","timestamp":"2026-02-13 10:22:14"}
{"level":"info","message":"✅ Loaded critical model CustomerAccount on demand","timestamp":"2026-02-13 10:22:14"}
{"level":"info","message":"✅ Loaded critical model LoanAccount on demand","timestamp":"2026-02-13 10:22:14"}
{"level":"info","message":"📊 Model Statistics:","timestamp":"2026-02-13 10:22:14"}
{"level":"info","message":"✅ Loaded critical model LoanRepayment on demand","timestamp":"2026-02-13 10:22:14"}
{"level":"info","message":"   Total models loaded: 13","timestamp":"2026-02-13 10:22:14"}
{"level":"info","message":"✅ Loaded critical model Deposit on demand","timestamp":"2026-02-13 10:22:14"}
{"level":"info","message":"📊 Model Statistics:","timestamp":"2026-02-13 10:22:14"}
{"level":"info","message":"✅ Loaded critical model Deposit on demand","timestamp":"2026-02-13 10:22:14"}
{"level":"info","message":"   CUSTOMER: 2 models","timestamp":"2026-02-13 10:22:14"}
{"level":"info","message":"   Total models loaded: 13","timestamp":"2026-02-13 10:22:14"}
{"level":"info","message":"   LOAN: 2 models","timestamp":"2026-02-13 10:22:14"}
{"level":"info","message":"✅ Loaded critical model Transaction on demand","timestamp":"2026-02-13 10:22:14"}
{"level":"info","message":"✅ Loaded critical model Transaction on demand","timestamp":"2026-02-13 10:22:14"}
{"level":"info","message":"✅ Loaded critical model GLAccount on demand","timestamp":"2026-02-13 10:22:14"}
{"level":"info","message":"   CUSTOMER: 2 models","timestamp":"2026-02-13 10:22:14"}
{"level":"info","message":"✅ Loaded critical model AuditTrail on demand","timestamp":"2026-02-13 10:22:14"}
{"level":"info","message":"   DEPOSIT: 1 models","timestamp":"2026-02-13 10:22:14"}
{"level":"info","message":"✅ Loaded critical model GLAccount on demand","timestamp":"2026-02-13 10:22:14"}
{"level":"info","message":"   LOAN: 2 models","timestamp":"2026-02-13 10:22:14"}
{"level":"info","message":"✅ Model loader initialized successfully","timestamp":"2026-02-13 10:22:14"}
{"level":"info","message":"   DEPOSIT: 1 models","timestamp":"2026-02-13 10:22:14"}
{"level":"info","message":"   TRANSACTION: 1 models","timestamp":"2026-02-13 10:22:14"}
{"level":"info","message":"✅ Loaded critical model AuditTrail on demand","timestamp":"2026-02-13 10:22:14"}
{"level":"info","message":"📊 Loaded models: sequelize, Op, DataTypes, QueryTypes, User, Customer, CustomerAccount, LoanAccount, LoanRepayment, Deposit, Transaction, GLAccount, AuditTrail","timestamp":"2026-02-13 10:22:14"}
{"level":"info","message":"   TRANSACTION: 1 models","timestamp":"2026-02-13 10:22:14"}
{"level":"info","message":"✅ Model loader initialized successfully","timestamp":"2026-02-13 10:22:14"}
{"level":"info","message":"   USER: 1 models","timestamp":"2026-02-13 10:22:14"}
{"level":"info","message":"📊 Model Statistics:","timestamp":"2026-02-13 10:22:14"}
{"level":"info","message":"📊 Loaded models: sequelize, Op, DataTypes, QueryTypes, User, Customer, CustomerAccount, LoanAccount, LoanRepayment, Deposit, Transaction, GLAccount, AuditTrail","timestamp":"2026-02-13 10:22:14"}
{"level":"info","message":"   Total models loaded: 13","timestamp":"2026-02-13 10:22:14"}
{"level":"info","message":"   ACCOUNTING: 1 models","timestamp":"2026-02-13 10:22:14"}
{"level":"info","message":"   CUSTOMER: 2 models","timestamp":"2026-02-13 10:22:14"}
{"level":"info","message":"   USER: 1 models","timestamp":"2026-02-13 10:22:14"}
{"level":"info","message":"📊 Model Statistics:","timestamp":"2026-02-13 10:22:14"}
{"level":"info","message":"   AUDIT: 1 models","timestamp":"2026-02-13 10:22:14"}
{"level":"info","message":"   Total models loaded: 13","timestamp":"2026-02-13 10:22:14"}
{"level":"info","message":"   LOAN: 2 models","timestamp":"2026-02-13 10:22:14"}
{"level":"info","message":"   CUSTOMER: 2 models","timestamp":"2026-02-13 10:22:14"}
{"level":"info","message":"   DEPOSIT: 1 models","timestamp":"2026-02-13 10:22:14"}
{"level":"info","message":"   LOAN: 2 models","timestamp":"2026-02-13 10:22:14"}
{"level":"info","message":"   TRANSACTION: 1 models","timestamp":"2026-02-13 10:22:14"}
{"level":"info","message":"   DEPOSIT: 1 models","timestamp":"2026-02-13 10:22:14"}
{"level":"info","message":"   USER: 1 models","timestamp":"2026-02-13 10:22:14"}
{"level":"info","message":"   TRANSACTION: 1 models","timestamp":"2026-02-13 10:22:14"}
{"level":"info","message":"   ACCOUNTING: 1 models","timestamp":"2026-02-13 10:22:14"}
{"level":"info","message":"   USER: 1 models","timestamp":"2026-02-13 10:22:14"}
{"level":"info","message":"   AUDIT: 1 models","timestamp":"2026-02-13 10:22:14"}
{"level":"info","message":"   ACCOUNTING: 1 models","timestamp":"2026-02-13 10:22:14"}
{"level":"info","message":"   ACCOUNTING: 1 models","timestamp":"2026-02-13 10:22:14"}
{"level":"info","message":"   AUDIT: 1 models","timestamp":"2026-02-13 10:22:14"}
{"level":"info","message":"   AUDIT: 1 models","timestamp":"2026-02-13 10:22:14"}
{"level":"info","logDir":"logs","message":"🚀 Winston logger initialized","nodeVersion":"v24.13.0","platform":"win32","timestamp":"2026-02-13 11:20:12"}
{"errors":["Role 28: Permission undefined not found in REPORT","Role 28: Permission undefined not found in REPORT","Role 38: Permission undefined not found in VAULT"],"level":"warn","message":"Permission validation errors","timestamp":"2026-02-13 11:20:43"}
{"level":"info","message":"Server time initialized (WAT): 2026-02-13T20:21:07.338Z","timestamp":"2026-02-13 11:21:07"}
{"error":"auditLogger.info(...).catch is not a function","level":"warn","message":"Could not log startup audit","timestamp":"2026-02-13 11:21:07"}
{"errors":["Role 28: Permission undefined not found in REPORT","Role 28: Permission undefined not found in REPORT","Role 38: Permission undefined not found in VAULT"],"level":"warn","message":"Permission validation errors","timestamp":"2026-02-13 11:21:07"}
{"level":"info","message":"🔧 Auto-initializing models in development mode...","timestamp":"2026-02-13 11:21:23"}
{"level":"info","message":"🚀 Initializing model loader...","timestamp":"2026-02-13 11:21:23"}
{"level":"info","message":"✅ Models loaded via index.js","timestamp":"2026-02-13 11:21:23"}
{"level":"info","message":"✅ Loaded critical model User on demand","timestamp":"2026-02-13 11:21:23"}
{"level":"info","message":"✅ Loaded critical model Customer on demand","timestamp":"2026-02-13 11:21:23"}
{"level":"info","message":"✅ Loaded critical model CustomerAccount on demand","timestamp":"2026-02-13 11:21:23"}
{"level":"info","message":"✅ Loaded critical model LoanAccount on demand","timestamp":"2026-02-13 11:21:23"}
{"level":"info","message":"✅ Loaded critical model LoanRepayment on demand","timestamp":"2026-02-13 11:21:23"}
{"level":"info","message":"✅ Loaded critical model Deposit on demand","timestamp":"2026-02-13 11:21:23"}
{"level":"info","message":"✅ Loaded critical model Transaction on demand","timestamp":"2026-02-13 11:21:23"}
{"level":"info","message":"✅ Loaded critical model GLAccount on demand","timestamp":"2026-02-13 11:21:23"}
{"level":"info","message":"✅ Loaded critical model AuditTrail on demand","timestamp":"2026-02-13 11:21:23"}
{"level":"info","message":"✅ Model loader initialized successfully","timestamp":"2026-02-13 11:21:23"}
{"level":"info","message":"📊 Loaded models: sequelize, Op, DataTypes, QueryTypes, User, Customer, CustomerAccount, LoanAccount, LoanRepayment, Deposit, Transaction, GLAccount, AuditTrail","timestamp":"2026-02-13 11:21:23"}
{"level":"info","message":"📊 Model Statistics:","timestamp":"2026-02-13 11:21:23"}
{"level":"info","message":"   Total models loaded: 13","timestamp":"2026-02-13 11:21:23"}
{"level":"info","message":"   CUSTOMER: 2 models","timestamp":"2026-02-13 11:21:23"}
{"level":"info","message":"   LOAN: 2 models","timestamp":"2026-02-13 11:21:23"}
{"level":"info","message":"   DEPOSIT: 1 models","timestamp":"2026-02-13 11:21:23"}
{"level":"info","message":"   TRANSACTION: 1 models","timestamp":"2026-02-13 11:21:23"}
{"level":"info","message":"   USER: 1 models","timestamp":"2026-02-13 11:21:23"}
{"level":"info","message":"   ACCOUNTING: 1 models","timestamp":"2026-02-13 11:21:23"}
{"level":"info","message":"   AUDIT: 1 models","timestamp":"2026-02-13 11:21:23"}
{"level":"info","logDir":"logs","message":"🚀 Winston logger initialized","nodeVersion":"v24.13.0","platform":"win32","timestamp":"2026-02-13 14:06:41"}
{"errors":["Role 28: Permission undefined not found in REPORT","Role 28: Permission undefined not found in REPORT","Role 38: Permission undefined not found in VAULT"],"level":"warn","message":"Permission validation errors","timestamp":"2026-02-13 14:07:30"}
{"level":"info","message":"Server time initialized (WAT): 2026-02-13T23:07:50.385Z","timestamp":"2026-02-13 14:07:50"}
{"error":"auditLogger.info(...).catch is not a function","level":"warn","message":"Could not log startup audit","timestamp":"2026-02-13 14:07:50"}
{"errors":["Role 28: Permission undefined not found in REPORT","Role 28: Permission undefined not found in REPORT","Role 38: Permission undefined not found in VAULT"],"level":"warn","message":"Permission validation errors","timestamp":"2026-02-13 14:07:50"}
{"level":"info","message":"🔧 Auto-initializing models in development mode...","timestamp":"2026-02-13 14:08:00"}
{"level":"info","message":"🚀 Initializing model loader...","timestamp":"2026-02-13 14:08:00"}
{"level":"info","message":"✅ Models loaded via index.js","timestamp":"2026-02-13 14:08:00"}
{"level":"info","message":"✅ Loaded critical model User on demand","timestamp":"2026-02-13 14:08:00"}
{"level":"info","message":"✅ Loaded critical model Customer on demand","timestamp":"2026-02-13 14:08:00"}
{"level":"info","message":"✅ Loaded critical model CustomerAccount on demand","timestamp":"2026-02-13 14:08:00"}
{"level":"info","message":"✅ Loaded critical model LoanAccount on demand","timestamp":"2026-02-13 14:08:00"}
{"level":"info","message":"✅ Loaded critical model LoanRepayment on demand","timestamp":"2026-02-13 14:08:00"}
{"level":"info","message":"✅ Loaded critical model Deposit on demand","timestamp":"2026-02-13 14:08:00"}
{"level":"info","message":"✅ Loaded critical model Transaction on demand","timestamp":"2026-02-13 14:08:00"}
{"level":"info","message":"✅ Loaded critical model GLAccount on demand","timestamp":"2026-02-13 14:08:00"}
{"level":"info","message":"✅ Loaded critical model AuditTrail on demand","timestamp":"2026-02-13 14:08:00"}
{"level":"info","message":"✅ Model loader initialized successfully","timestamp":"2026-02-13 14:08:00"}
{"level":"info","message":"📊 Loaded models: sequelize, Op, DataTypes, QueryTypes, User, Customer, CustomerAccount, LoanAccount, LoanRepayment, Deposit, Transaction, GLAccount, AuditTrail","timestamp":"2026-02-13 14:08:00"}
{"level":"info","message":"📊 Model Statistics:","timestamp":"2026-02-13 14:08:00"}
{"level":"info","message":"   Total models loaded: 13","timestamp":"2026-02-13 14:08:00"}
{"level":"info","message":"   CUSTOMER: 2 models","timestamp":"2026-02-13 14:08:00"}
{"level":"info","message":"   LOAN: 2 models","timestamp":"2026-02-13 14:08:00"}
{"level":"info","message":"   DEPOSIT: 1 models","timestamp":"2026-02-13 14:08:00"}
{"level":"info","message":"   TRANSACTION: 1 models","timestamp":"2026-02-13 14:08:00"}
{"level":"info","message":"   USER: 1 models","timestamp":"2026-02-13 14:08:00"}
{"level":"info","message":"   ACCOUNTING: 1 models","timestamp":"2026-02-13 14:08:00"}
{"level":"info","message":"   AUDIT: 1 models","timestamp":"2026-02-13 14:08:00"}
{"level":"info","logDir":"logs","message":"🚀 Winston logger initialized","nodeVersion":"v24.13.0","platform":"win32","timestamp":"2026-02-13 15:06:43"}
{"level":"info","logDir":"logs","message":"🚀 Winston logger initialized","nodeVersion":"v24.13.0","platform":"win32","timestamp":"2026-02-13 15:06:43"}
{"level":"info","logDir":"logs","message":"🚀 Winston logger initialized","nodeVersion":"v24.13.0","platform":"win32","timestamp":"2026-02-13 15:06:43"}
{"errors":["Role 28: Permission undefined not found in REPORT","Role 28: Permission undefined not found in REPORT","Role 38: Permission undefined not found in VAULT"],"level":"warn","message":"Permission validation errors","timestamp":"2026-02-13 15:07:21"}
{"errors":["Role 28: Permission undefined not found in REPORT","Role 28: Permission undefined not found in REPORT","Role 38: Permission undefined not found in VAULT"],"level":"warn","message":"Permission validation errors","timestamp":"2026-02-13 15:07:20"}
{"errors":["Role 28: Permission undefined not found in REPORT","Role 28: Permission undefined not found in REPORT","Role 38: Permission undefined not found in VAULT"],"level":"warn","message":"Permission validation errors","timestamp":"2026-02-13 15:07:21"}
{"level":"info","message":"Server time initialized (WAT): 2026-02-14T00:07:40.058Z","timestamp":"2026-02-13 15:07:40"}
{"level":"info","message":"Server time initialized (WAT): 2026-02-14T00:07:40.040Z","timestamp":"2026-02-13 15:07:40"}
{"level":"info","message":"Server time initialized (WAT): 2026-02-14T00:07:40.020Z","timestamp":"2026-02-13 15:07:40"}
{"error":"auditLogger.info(...).catch is not a function","level":"warn","message":"Could not log startup audit","timestamp":"2026-02-13 15:07:40"}
{"error":"auditLogger.info(...).catch is not a function","level":"warn","message":"Could not log startup audit","timestamp":"2026-02-13 15:07:40"}
{"errors":["Role 28: Permission undefined not found in REPORT","Role 28: Permission undefined not found in REPORT","Role 38: Permission undefined not found in VAULT"],"level":"warn","message":"Permission validation errors","timestamp":"2026-02-13 15:07:40"}
{"errors":["Role 28: Permission undefined not found in REPORT","Role 28: Permission undefined not found in REPORT","Role 38: Permission undefined not found in VAULT"],"level":"warn","message":"Permission validation errors","timestamp":"2026-02-13 15:07:40"}
{"level":"info","message":"🔧 Auto-initializing models in development mode...","timestamp":"2026-02-13 15:07:49"}
{"level":"info","message":"🚀 Initializing model loader...","timestamp":"2026-02-13 15:07:49"}
{"level":"info","message":"✅ Models loaded via index.js","timestamp":"2026-02-13 15:07:49"}
{"error":"auditLogger.info(...).catch is not a function","level":"warn","message":"Could not log startup audit","timestamp":"2026-02-13 15:07:40"}
{"level":"info","message":"✅ Loaded critical model User on demand","timestamp":"2026-02-13 15:07:49"}
{"errors":["Role 28: Permission undefined not found in REPORT","Role 28: Permission undefined not found in REPORT","Role 38: Permission undefined not found in VAULT"],"level":"warn","message":"Permission validation errors","timestamp":"2026-02-13 15:07:40"}
{"level":"info","message":"✅ Loaded critical model Customer on demand","timestamp":"2026-02-13 15:07:49"}
{"date":"Fri Feb 13 2026 15:07:48 GMT-0800 (Pacific Standard Time)","error":{},"level":"error","message":"unhandledRejection: Cannot access 'app' before initialization\nReferenceError: Cannot access 'app' before initialization\n    at file:///F:/WORKON/CODE/PCO_BANKING/EVOLUTION%20BANKING%20BACKEND/src/app.js:26:1\n    at process.processTicksAndRejections (node:internal/process/task_queues:103:5)","os":{"loadavg":[0,0,0],"uptime":354351.875},"process":{"argv":["C:\\Program Files\\nodejs\\node.exe","C:\\Users\\Frederick.A_FNGA0289\\AppData\\Roaming\\npm\\node_modules\\pm2\\lib\\ProcessContainer.js"],"cwd":"F:\\WORKON\\CODE\\PCO_BANKING\\EVOLUTION BANKING BACKEND","execPath":"C:\\Program Files\\nodejs\\node.exe","gid":null,"memoryUsage":{"arrayBuffers":3850198,"external":7765699,"heapTotal":222281728,"heapUsed":99619040,"rss":264957952},"pid":27468,"uid":null,"version":"v24.13.0"},"rejection":true,"stack":"ReferenceError: Cannot access 'app' before initialization\n    at file:///F:/WORKON/CODE/PCO_BANKING/EVOLUTION%20BANKING%20BACKEND/src/app.js:26:1\n    at process.processTicksAndRejections (node:internal/process/task_queues:103:5)","timestamp":"2026-02-13 15:07:48","trace":[{"column":1,"file":"file:///F:/WORKON/CODE/PCO_BANKING/EVOLUTION%20BANKING%20BACKEND/src/app.js","function":null,"line":26,"method":null,"native":false},{"column":5,"file":"node:internal/process/task_queues","function":"process.processTicksAndRejections","line":103,"method":"processTicksAndRejections","native":false}]}
{"level":"info","message":"✅ Loaded critical model CustomerAccount on demand","timestamp":"2026-02-13 15:07:49"}
{"level":"info","message":"🔧 Auto-initializing models in development mode...","timestamp":"2026-02-13 15:07:49"}
{"level":"info","message":"✅ Loaded critical model LoanAccount on demand","timestamp":"2026-02-13 15:07:49"}
{"level":"info","message":"🚀 Initializing model loader...","timestamp":"2026-02-13 15:07:49"}
{"level":"info","message":"✅ Loaded critical model LoanRepayment on demand","timestamp":"2026-02-13 15:07:49"}
{"level":"info","message":"✅ Models loaded via index.js","timestamp":"2026-02-13 15:07:49"}
{"level":"info","message":"✅ Loaded critical model Deposit on demand","timestamp":"2026-02-13 15:07:49"}
{"level":"info","logDir":"logs","message":"🚀 Winston logger initialized","nodeVersion":"v24.13.0","platform":"win32","timestamp":"2026-02-13 15:06:43"}
{"level":"info","message":"✅ Loaded critical model User on demand","timestamp":"2026-02-13 15:07:49"}
{"level":"info","logDir":"logs","message":"🚀 Winston logger initialized","nodeVersion":"v24.13.0","platform":"win32","timestamp":"2026-02-13 15:06:43"}
{"level":"info","message":"✅ Loaded critical model Customer on demand","timestamp":"2026-02-13 15:07:49"}
{"level":"info","message":"✅ Loaded critical model Transaction on demand","timestamp":"2026-02-13 15:07:49"}
{"errors":["Role 28: Permission undefined not found in REPORT","Role 28: Permission undefined not found in REPORT","Role 38: Permission undefined not found in VAULT"],"level":"warn","message":"Permission validation errors","timestamp":"2026-02-13 15:07:20"}
{"errors":["Role 28: Permission undefined not found in REPORT","Role 28: Permission undefined not found in REPORT","Role 38: Permission undefined not found in VAULT"],"level":"warn","message":"Permission validation errors","timestamp":"2026-02-13 15:07:21"}
{"date":"Fri Feb 13 2026 15:07:48 GMT-0800 (Pacific Standard Time)","error":{},"level":"error","message":"unhandledRejection: Cannot access 'app' before initialization\nReferenceError: Cannot access 'app' before initialization\n    at file:///F:/WORKON/CODE/PCO_BANKING/EVOLUTION%20BANKING%20BACKEND/src/app.js:26:1\n    at process.processTicksAndRejections (node:internal/process/task_queues:103:5)","os":{"loadavg":[0,0,0],"uptime":354351.859},"process":{"argv":["C:\\Program Files\\nodejs\\node.exe","C:\\Users\\Frederick.A_FNGA0289\\AppData\\Roaming\\npm\\node_modules\\pm2\\lib\\ProcessContainer.js"],"cwd":"F:\\WORKON\\CODE\\PCO_BANKING\\EVOLUTION BANKING BACKEND","execPath":"C:\\Program Files\\nodejs\\node.exe","gid":null,"memoryUsage":{"arrayBuffers":3854730,"external":7770231,"heapTotal":221757440,"heapUsed":99603336,"rss":272179200},"pid":26092,"uid":null,"version":"v24.13.0"},"rejection":true,"stack":"ReferenceError: Cannot access 'app' before initialization\n    at file:///F:/WORKON/CODE/PCO_BANKING/EVOLUTION%20BANKING%20BACKEND/src/app.js:26:1\n    at process.processTicksAndRejections (node:internal/process/task_queues:103:5)","timestamp":"2026-02-13 15:07:48","trace":[{"column":1,"file":"file:///F:/WORKON/CODE/PCO_BANKING/EVOLUTION%20BANKING%20BACKEND/src/app.js","function":null,"line":26,"method":null,"native":false},{"column":5,"file":"node:internal/process/task_queues","function":"process.processTicksAndRejections","line":103,"method":"processTicksAndRejections","native":false}]}
{"level":"info","message":"✅ Loaded critical model CustomerAccount on demand","timestamp":"2026-02-13 15:07:49"}
{"level":"info","message":"Server time initialized (WAT): 2026-02-14T00:07:40.024Z","timestamp":"2026-02-13 15:07:40"}
{"level":"info","message":"🔧 Auto-initializing models in development mode...","timestamp":"2026-02-13 15:07:49"}
{"level":"info","message":"✅ Loaded critical model LoanAccount on demand","timestamp":"2026-02-13 15:07:49"}
{"level":"info","message":"Server time initialized (WAT): 2026-02-14T00:07:40.088Z","timestamp":"2026-02-13 15:07:40"}
{"error":"auditLogger.info(...).catch is not a function","level":"warn","message":"Could not log startup audit","timestamp":"2026-02-13 15:07:40"}
{"level":"info","message":"✅ Loaded critical model LoanRepayment on demand","timestamp":"2026-02-13 15:07:49"}
{"level":"info","message":"🚀 Initializing model loader...","timestamp":"2026-02-13 15:07:49"}
{"level":"info","message":"✅ Loaded critical model GLAccount on demand","timestamp":"2026-02-13 15:07:49"}
{"error":"auditLogger.info(...).catch is not a function","level":"warn","message":"Could not log startup audit","timestamp":"2026-02-13 15:07:40"}
{"errors":["Role 28: Permission undefined not found in REPORT","Role 28: Permission undefined not found in REPORT","Role 38: Permission undefined not found in VAULT"],"level":"warn","message":"Permission validation errors","timestamp":"2026-02-13 15:07:40"}
{"level":"info","message":"✅ Loaded critical model Deposit on demand","timestamp":"2026-02-13 15:07:49"}
{"level":"info","message":"✅ Loaded critical model AuditTrail on demand","timestamp":"2026-02-13 15:07:49"}
{"errors":["Role 28: Permission undefined not found in REPORT","Role 28: Permission undefined not found in REPORT","Role 38: Permission undefined not found in VAULT"],"level":"warn","message":"Permission validation errors","timestamp":"2026-02-13 15:07:40"}
{"date":"Fri Feb 13 2026 15:07:49 GMT-0800 (Pacific Standard Time)","error":{},"level":"error","message":"unhandledRejection: Cannot access 'app' before initialization\nReferenceError: Cannot access 'app' before initialization\n    at file:///F:/WORKON/CODE/PCO_BANKING/EVOLUTION%20BANKING%20BACKEND/src/app.js:26:1\n    at process.processTicksAndRejections (node:internal/process/task_queues:103:5)","os":{"loadavg":[0,0,0],"uptime":354351.937},"process":{"argv":["C:\\Program Files\\nodejs\\node.exe","C:\\Users\\Frederick.A_FNGA0289\\AppData\\Roaming\\npm\\node_modules\\pm2\\lib\\ProcessContainer.js"],"cwd":"F:\\WORKON\\CODE\\PCO_BANKING\\EVOLUTION BANKING BACKEND","execPath":"C:\\Program Files\\nodejs\\node.exe","gid":null,"memoryUsage":{"arrayBuffers":3850196,"external":7765697,"heapTotal":221757440,"heapUsed":98777768,"rss":264273920},"pid":27156,"uid":null,"version":"v24.13.0"},"rejection":true,"stack":"ReferenceError: Cannot access 'app' before initialization\n    at file:///F:/WORKON/CODE/PCO_BANKING/EVOLUTION%20BANKING%20BACKEND/src/app.js:26:1\n    at process.processTicksAndRejections (node:internal/process/task_queues:103:5)","timestamp":"2026-02-13 15:07:49","trace":[{"column":1,"file":"file:///F:/WORKON/CODE/PCO_BANKING/EVOLUTION%20BANKING%20BACKEND/src/app.js","function":null,"line":26,"method":null,"native":false},{"column":5,"file":"node:internal/process/task_queues","function":"process.processTicksAndRejections","line":103,"method":"processTicksAndRejections","native":false}]}
{"level":"info","message":"✅ Model loader initialized successfully","timestamp":"2026-02-13 15:07:49"}
{"level":"info","message":"✅ Loaded critical model Transaction on demand","timestamp":"2026-02-13 15:07:49"}
{"date":"Fri Feb 13 2026 15:07:49 GMT-0800 (Pacific Standard Time)","error":{},"level":"error","message":"unhandledRejection: Cannot access 'app' before initialization\nReferenceError: Cannot access 'app' before initialization\n    at file:///F:/WORKON/CODE/PCO_BANKING/EVOLUTION%20BANKING%20BACKEND/src/app.js:26:1\n    at process.processTicksAndRejections (node:internal/process/task_queues:103:5)","os":{"loadavg":[0,0,0],"uptime":354352.046},"process":{"argv":["C:\\Program Files\\nodejs\\node.exe","C:\\Users\\Frederick.A_FNGA0289\\AppData\\Roaming\\npm\\node_modules\\pm2\\lib\\ProcessContainer.js"],"cwd":"F:\\WORKON\\CODE\\PCO_BANKING\\EVOLUTION BANKING BACKEND","execPath":"C:\\Program Files\\nodejs\\node.exe","gid":null,"memoryUsage":{"arrayBuffers":3522534,"external":7438036,"heapTotal":216653824,"heapUsed":83541952,"rss":240533504},"pid":9256,"uid":null,"version":"v24.13.0"},"rejection":true,"stack":"ReferenceError: Cannot access 'app' before initialization\n    at file:///F:/WORKON/CODE/PCO_BANKING/EVOLUTION%20BANKING%20BACKEND/src/app.js:26:1\n    at process.processTicksAndRejections (node:internal/process/task_queues:103:5)","timestamp":"2026-02-13 15:07:49","trace":[{"column":1,"file":"file:///F:/WORKON/CODE/PCO_BANKING/EVOLUTION%20BANKING%20BACKEND/src/app.js","function":null,"line":26,"method":null,"native":false},{"column":5,"file":"node:internal/process/task_queues","function":"process.processTicksAndRejections","line":103,"method":"processTicksAndRejections","native":false}]}
{"level":"info","message":"✅ Models loaded via index.js","timestamp":"2026-02-13 15:07:49"}
{"level":"info","message":"🔧 Auto-initializing models in development mode...","timestamp":"2026-02-13 15:07:49"}
{"level":"info","message":"📊 Loaded models: sequelize, Op, DataTypes, QueryTypes, User, Customer, CustomerAccount, LoanAccount, LoanRepayment, Deposit, Transaction, GLAccount, AuditTrail","timestamp":"2026-02-13 15:07:49"}
{"level":"info","message":"🔧 Auto-initializing models in development mode...","timestamp":"2026-02-13 15:07:49"}
{"level":"info","message":"✅ Loaded critical model GLAccount on demand","timestamp":"2026-02-13 15:07:49"}
{"level":"info","message":"🚀 Initializing model loader...","timestamp":"2026-02-13 15:07:49"}
{"level":"info","message":"✅ Loaded critical model User on demand","timestamp":"2026-02-13 15:07:49"}
{"level":"info","message":"📊 Model Statistics:","timestamp":"2026-02-13 15:07:49"}
{"level":"info","message":"🚀 Initializing model loader...","timestamp":"2026-02-13 15:07:49"}
{"level":"info","message":"✅ Loaded critical model AuditTrail on demand","timestamp":"2026-02-13 15:07:49"}
{"level":"info","message":"✅ Models loaded via index.js","timestamp":"2026-02-13 15:07:49"}
{"level":"info","message":"✅ Loaded critical model Customer on demand","timestamp":"2026-02-13 15:07:49"}
{"level":"info","message":"   Total models loaded: 13","timestamp":"2026-02-13 15:07:49"}
{"level":"info","message":"✅ Models loaded via index.js","timestamp":"2026-02-13 15:07:49"}
{"level":"info","message":"✅ Model loader initialized successfully","timestamp":"2026-02-13 15:07:49"}
{"level":"info","message":"✅ Loaded critical model CustomerAccount on demand","timestamp":"2026-02-13 15:07:49"}
{"level":"info","message":"   CUSTOMER: 2 models","timestamp":"2026-02-13 15:07:49"}
{"level":"info","message":"📊 Loaded models: sequelize, Op, DataTypes, QueryTypes, User, Customer, CustomerAccount, LoanAccount, LoanRepayment, Deposit, Transaction, GLAccount, AuditTrail","timestamp":"2026-02-13 15:07:49"}
{"level":"info","message":"✅ Loaded critical model LoanAccount on demand","timestamp":"2026-02-13 15:07:49"}
{"level":"info","message":"   LOAN: 2 models","timestamp":"2026-02-13 15:07:49"}
{"level":"info","message":"✅ Loaded critical model User on demand","timestamp":"2026-02-13 15:07:49"}
{"level":"info","message":"✅ Loaded critical model LoanRepayment on demand","timestamp":"2026-02-13 15:07:49"}
{"level":"info","message":"   DEPOSIT: 1 models","timestamp":"2026-02-13 15:07:49"}
{"level":"info","message":"✅ Loaded critical model User on demand","timestamp":"2026-02-13 15:07:49"}
{"level":"info","message":"📊 Model Statistics:","timestamp":"2026-02-13 15:07:49"}
{"level":"info","message":"✅ Loaded critical model Customer on demand","timestamp":"2026-02-13 15:07:49"}
{"level":"info","message":"✅ Loaded critical model Customer on demand","timestamp":"2026-02-13 15:07:49"}
{"level":"info","message":"✅ Loaded critical model Deposit on demand","timestamp":"2026-02-13 15:07:49"}
{"level":"info","message":"   TRANSACTION: 1 models","timestamp":"2026-02-13 15:07:49"}
{"level":"info","message":"   Total models loaded: 13","timestamp":"2026-02-13 15:07:49"}
{"level":"info","message":"✅ Loaded critical model CustomerAccount on demand","timestamp":"2026-02-13 15:07:49"}
{"level":"info","message":"   USER: 1 models","timestamp":"2026-02-13 15:07:49"}
{"level":"info","message":"✅ Loaded critical model CustomerAccount on demand","timestamp":"2026-02-13 15:07:49"}
{"level":"info","message":"✅ Loaded critical model Transaction on demand","timestamp":"2026-02-13 15:07:49"}
{"level":"info","message":"   ACCOUNTING: 1 models","timestamp":"2026-02-13 15:07:49"}
{"level":"info","message":"✅ Loaded critical model LoanAccount on demand","timestamp":"2026-02-13 15:07:49"}
{"level":"info","message":"✅ Loaded critical model LoanAccount on demand","timestamp":"2026-02-13 15:07:49"}
{"level":"info","message":"   CUSTOMER: 2 models","timestamp":"2026-02-13 15:07:49"}
{"level":"info","message":"✅ Loaded critical model GLAccount on demand","timestamp":"2026-02-13 15:07:49"}
{"level":"info","message":"✅ Loaded critical model LoanRepayment on demand","timestamp":"2026-02-13 15:07:49"}
{"level":"info","message":"   AUDIT: 1 models","timestamp":"2026-02-13 15:07:49"}
{"level":"info","message":"✅ Loaded critical model LoanRepayment on demand","timestamp":"2026-02-13 15:07:49"}
{"level":"info","message":"   LOAN: 2 models","timestamp":"2026-02-13 15:07:49"}
{"level":"info","message":"✅ Loaded critical model AuditTrail on demand","timestamp":"2026-02-13 15:07:49"}
{"level":"info","message":"✅ Loaded critical model Deposit on demand","timestamp":"2026-02-13 15:07:49"}
{"level":"info","message":"✅ Loaded critical model Deposit on demand","timestamp":"2026-02-13 15:07:49"}
{"level":"info","message":"   DEPOSIT: 1 models","timestamp":"2026-02-13 15:07:49"}
{"level":"info","message":"✅ Model loader initialized successfully","timestamp":"2026-02-13 15:07:49"}
{"level":"info","message":"✅ Loaded critical model Transaction on demand","timestamp":"2026-02-13 15:07:49"}
{"level":"info","message":"✅ Loaded critical model Transaction on demand","timestamp":"2026-02-13 15:07:49"}
{"level":"info","message":"   TRANSACTION: 1 models","timestamp":"2026-02-13 15:07:49"}
{"level":"info","message":"📊 Loaded models: sequelize, Op, DataTypes, QueryTypes, User, Customer, CustomerAccount, LoanAccount, LoanRepayment, Deposit, Transaction, GLAccount, AuditTrail","timestamp":"2026-02-13 15:07:49"}
{"level":"info","message":"✅ Loaded critical model GLAccount on demand","timestamp":"2026-02-13 15:07:49"}
{"level":"info","message":"✅ Loaded critical model GLAccount on demand","timestamp":"2026-02-13 15:07:49"}
{"level":"info","message":"   USER: 1 models","timestamp":"2026-02-13 15:07:49"}
{"level":"info","message":"📊 Model Statistics:","timestamp":"2026-02-13 15:07:49"}
{"level":"info","message":"✅ Loaded critical model AuditTrail on demand","timestamp":"2026-02-13 15:07:49"}
{"level":"info","message":"✅ Loaded critical model AuditTrail on demand","timestamp":"2026-02-13 15:07:49"}
{"level":"info","message":"   Total models loaded: 13","timestamp":"2026-02-13 15:07:49"}
{"level":"info","message":"✅ Model loader initialized successfully","timestamp":"2026-02-13 15:07:49"}
{"level":"info","message":"✅ Model loader initialized successfully","timestamp":"2026-02-13 15:07:49"}
{"level":"info","message":"   ACCOUNTING: 1 models","timestamp":"2026-02-13 15:07:49"}
{"level":"info","message":"   CUSTOMER: 2 models","timestamp":"2026-02-13 15:07:49"}
{"level":"info","message":"📊 Loaded models: sequelize, Op, DataTypes, QueryTypes, User, Customer, CustomerAccount, LoanAccount, LoanRepayment, Deposit, Transaction, GLAccount, AuditTrail","timestamp":"2026-02-13 15:07:49"}
{"level":"info","message":"📊 Loaded models: sequelize, Op, DataTypes, QueryTypes, User, Customer, CustomerAccount, LoanAccount, LoanRepayment, Deposit, Transaction, GLAccount, AuditTrail","timestamp":"2026-02-13 15:07:49"}
{"level":"info","message":"   LOAN: 2 models","timestamp":"2026-02-13 15:07:49"}
{"level":"info","message":"   AUDIT: 1 models","timestamp":"2026-02-13 15:07:49"}
{"level":"info","message":"📊 Model Statistics:","timestamp":"2026-02-13 15:07:49"}
{"level":"info","message":"📊 Model Statistics:","timestamp":"2026-02-13 15:07:49"}
{"level":"info","message":"   DEPOSIT: 1 models","timestamp":"2026-02-13 15:07:49"}
{"level":"info","message":"   Total models loaded: 13","timestamp":"2026-02-13 15:07:49"}
{"level":"info","message":"   Total models loaded: 13","timestamp":"2026-02-13 15:07:49"}
{"level":"info","message":"   TRANSACTION: 1 models","timestamp":"2026-02-13 15:07:49"}
{"level":"info","message":"   CUSTOMER: 2 models","timestamp":"2026-02-13 15:07:49"}
{"level":"info","message":"   CUSTOMER: 2 models","timestamp":"2026-02-13 15:07:49"}
{"level":"info","message":"   USER: 1 models","timestamp":"2026-02-13 15:07:49"}
{"level":"info","message":"   LOAN: 2 models","timestamp":"2026-02-13 15:07:49"}
{"level":"info","message":"   ACCOUNTING: 1 models","timestamp":"2026-02-13 15:07:49"}
{"level":"info","message":"   DEPOSIT: 1 models","timestamp":"2026-02-13 15:07:49"}
{"level":"info","message":"   LOAN: 2 models","timestamp":"2026-02-13 15:07:49"}
{"level":"info","message":"   TRANSACTION: 1 models","timestamp":"2026-02-13 15:07:49"}
{"level":"info","message":"   AUDIT: 1 models","timestamp":"2026-02-13 15:07:49"}
{"level":"info","message":"   DEPOSIT: 1 models","timestamp":"2026-02-13 15:07:49"}
{"level":"info","message":"   USER: 1 models","timestamp":"2026-02-13 15:07:49"}
{"level":"info","message":"   TRANSACTION: 1 models","timestamp":"2026-02-13 15:07:49"}
{"level":"info","message":"   ACCOUNTING: 1 models","timestamp":"2026-02-13 15:07:49"}
{"level":"info","message":"   USER: 1 models","timestamp":"2026-02-13 15:07:49"}
{"level":"info","message":"   AUDIT: 1 models","timestamp":"2026-02-13 15:07:49"}
{"level":"info","message":"   ACCOUNTING: 1 models","timestamp":"2026-02-13 15:07:49"}
{"level":"info","message":"   AUDIT: 1 models","timestamp":"2026-02-13 15:07:49"}
{"level":"info","logDir":"logs","message":"🚀 Winston logger initialized","nodeVersion":"v24.13.0","platform":"win32","timestamp":"2026-02-13 19:02:27"}
{"level":"info","logDir":"logs","message":"🚀 Winston logger initialized","nodeVersion":"v24.13.0","platform":"win32","timestamp":"2026-02-13 19:02:27"}
{"errors":["Role 28: Permission undefined not found in REPORT","Role 28: Permission undefined not found in REPORT","Role 38: Permission undefined not found in VAULT"],"level":"warn","message":"Permission validation errors","timestamp":"2026-02-13 19:03:04"}
{"errors":["Role 28: Permission undefined not found in REPORT","Role 28: Permission undefined not found in REPORT","Role 38: Permission undefined not found in VAULT"],"level":"warn","message":"Permission validation errors","timestamp":"2026-02-13 19:03:04"}
{"level":"info","message":"Server time initialized (WAT): 2026-02-14T04:03:18.809Z","timestamp":"2026-02-13 19:03:18"}
{"level":"info","message":"Server time initialized (WAT): 2026-02-14T04:03:18.816Z","timestamp":"2026-02-13 19:03:18"}
{"level":"info","logDir":"logs","message":"🚀 Winston logger initialized","nodeVersion":"v24.13.0","platform":"win32","timestamp":"2026-02-13 19:02:27"}
{"error":"auditLogger.info(...).catch is not a function","level":"warn","message":"Could not log startup audit","timestamp":"2026-02-13 19:03:18"}
{"error":"auditLogger.info(...).catch is not a function","level":"warn","message":"Could not log startup audit","timestamp":"2026-02-13 19:03:18"}
{"errors":["Role 28: Permission undefined not found in REPORT","Role 28: Permission undefined not found in REPORT","Role 38: Permission undefined not found in VAULT"],"level":"warn","message":"Permission validation errors","timestamp":"2026-02-13 19:03:04"}
{"errors":["Role 28: Permission undefined not found in REPORT","Role 28: Permission undefined not found in REPORT","Role 38: Permission undefined not found in VAULT"],"level":"warn","message":"Permission validation errors","timestamp":"2026-02-13 19:03:18"}
{"errors":["Role 28: Permission undefined not found in REPORT","Role 28: Permission undefined not found in REPORT","Role 38: Permission undefined not found in VAULT"],"level":"warn","message":"Permission validation errors","timestamp":"2026-02-13 19:03:18"}
{"date":"Fri Feb 13 2026 19:03:27 GMT-0800 (Pacific Standard Time)","error":{},"level":"error","message":"unhandledRejection: Cannot access 'app' before initialization\nReferenceError: Cannot access 'app' before initialization\n    at file:///F:/WORKON/CODE/PCO_BANKING/EVOLUTION%20BANKING%20BACKEND/src/app.js:26:1\n    at process.processTicksAndRejections (node:internal/process/task_queues:103:5)","os":{"loadavg":[0,0,0],"uptime":368490.281},"process":{"argv":["C:\\Program Files\\nodejs\\node.exe","C:\\Users\\Frederick.A_FNGA0289\\AppData\\Roaming\\npm\\node_modules\\pm2\\lib\\ProcessContainer.js"],"cwd":"F:\\WORKON\\CODE\\PCO_BANKING\\EVOLUTION BANKING BACKEND","execPath":"C:\\Program Files\\nodejs\\node.exe","gid":null,"memoryUsage":{"arrayBuffers":3850485,"external":7765986,"heapTotal":217300992,"heapUsed":128842968,"rss":214441984},"pid":11616,"uid":null,"version":"v24.13.0"},"rejection":true,"stack":"ReferenceError: Cannot access 'app' before initialization\n    at file:///F:/WORKON/CODE/PCO_BANKING/EVOLUTION%20BANKING%20BACKEND/src/app.js:26:1\n    at process.processTicksAndRejections (node:internal/process/task_queues:103:5)","timestamp":"2026-02-13 19:03:27","trace":[{"column":1,"file":"file:///F:/WORKON/CODE/PCO_BANKING/EVOLUTION%20BANKING%20BACKEND/src/app.js","function":null,"line":26,"method":null,"native":false},{"column":5,"file":"node:internal/process/task_queues","function":"process.processTicksAndRejections","line":103,"method":"processTicksAndRejections","native":false}]}
{"level":"info","message":"Server time initialized (WAT): 2026-02-14T04:03:18.779Z","timestamp":"2026-02-13 19:03:18"}
{"date":"Fri Feb 13 2026 19:03:27 GMT-0800 (Pacific Standard Time)","error":{},"level":"error","message":"unhandledRejection: Cannot access 'app' before initialization\nReferenceError: Cannot access 'app' before initialization\n    at file:///F:/WORKON/CODE/PCO_BANKING/EVOLUTION%20BANKING%20BACKEND/src/app.js:26:1\n    at process.processTicksAndRejections (node:internal/process/task_queues:103:5)","os":{"loadavg":[0,0,0],"uptime":368490.281},"process":{"argv":["C:\\Program Files\\nodejs\\node.exe","C:\\Users\\Frederick.A_FNGA0289\\AppData\\Roaming\\npm\\node_modules\\pm2\\lib\\ProcessContainer.js"],"cwd":"F:\\WORKON\\CODE\\PCO_BANKING\\EVOLUTION BANKING BACKEND","execPath":"C:\\Program Files\\nodejs\\node.exe","gid":null,"memoryUsage":{"arrayBuffers":3851194,"external":7765699,"heapTotal":213106688,"heapUsed":111710360,"rss":221089792},"pid":3376,"uid":null,"version":"v24.13.0"},"rejection":true,"stack":"ReferenceError: Cannot access 'app' before initialization\n    at file:///F:/WORKON/CODE/PCO_BANKING/EVOLUTION%20BANKING%20BACKEND/src/app.js:26:1\n    at process.processTicksAndRejections (node:internal/process/task_queues:103:5)","timestamp":"2026-02-13 19:03:27","trace":[{"column":1,"file":"file:///F:/WORKON/CODE/PCO_BANKING/EVOLUTION%20BANKING%20BACKEND/src/app.js","function":null,"line":26,"method":null,"native":false},{"column":5,"file":"node:internal/process/task_queues","function":"process.processTicksAndRejections","line":103,"method":"processTicksAndRejections","native":false}]}
{"level":"info","message":"🔧 Auto-initializing models in development mode...","timestamp":"2026-02-13 19:03:27"}
{"error":"auditLogger.info(...).catch is not a function","level":"warn","message":"Could not log startup audit","timestamp":"2026-02-13 19:03:18"}
{"level":"info","message":"🔧 Auto-initializing models in development mode...","timestamp":"2026-02-13 19:03:27"}
{"level":"info","message":"🚀 Initializing model loader...","timestamp":"2026-02-13 19:03:27"}
{"errors":["Role 28: Permission undefined not found in REPORT","Role 28: Permission undefined not found in REPORT","Role 38: Permission undefined not found in VAULT"],"level":"warn","message":"Permission validation errors","timestamp":"2026-02-13 19:03:18"}
{"level":"info","message":"🚀 Initializing model loader...","timestamp":"2026-02-13 19:03:27"}
{"level":"info","message":"✅ Models loaded via index.js","timestamp":"2026-02-13 19:03:27"}
{"date":"Fri Feb 13 2026 19:03:27 GMT-0800 (Pacific Standard Time)","error":{},"level":"error","message":"unhandledRejection: Cannot access 'app' before initialization\nReferenceError: Cannot access 'app' before initialization\n    at file:///F:/WORKON/CODE/PCO_BANKING/EVOLUTION%20BANKING%20BACKEND/src/app.js:26:1\n    at process.processTicksAndRejections (node:internal/process/task_queues:103:5)","os":{"loadavg":[0,0,0],"uptime":368490.296},"process":{"argv":["C:\\Program Files\\nodejs\\node.exe","C:\\Users\\Frederick.A_FNGA0289\\AppData\\Roaming\\npm\\node_modules\\pm2\\lib\\ProcessContainer.js"],"cwd":"F:\\WORKON\\CODE\\PCO_BANKING\\EVOLUTION BANKING BACKEND","execPath":"C:\\Program Files\\nodejs\\node.exe","gid":null,"memoryUsage":{"arrayBuffers":3851482,"external":7765986,"heapTotal":216776704,"heapUsed":128142608,"rss":212094976},"pid":21088,"uid":null,"version":"v24.13.0"},"rejection":true,"stack":"ReferenceError: Cannot access 'app' before initialization\n    at file:///F:/WORKON/CODE/PCO_BANKING/EVOLUTION%20BANKING%20BACKEND/src/app.js:26:1\n    at process.processTicksAndRejections (node:internal/process/task_queues:103:5)","timestamp":"2026-02-13 19:03:27","trace":[{"column":1,"file":"file:///F:/WORKON/CODE/PCO_BANKING/EVOLUTION%20BANKING%20BACKEND/src/app.js","function":null,"line":26,"method":null,"native":false},{"column":5,"file":"node:internal/process/task_queues","function":"process.processTicksAndRejections","line":103,"method":"processTicksAndRejections","native":false}]}
{"level":"info","message":"✅ Models loaded via index.js","timestamp":"2026-02-13 19:03:27"}
{"level":"info","message":"✅ Loaded critical model User on demand","timestamp":"2026-02-13 19:03:27"}
{"level":"info","message":"✅ Loaded critical model User on demand","timestamp":"2026-02-13 19:03:27"}
{"level":"info","message":"✅ Loaded critical model Customer on demand","timestamp":"2026-02-13 19:03:27"}
{"level":"info","message":"✅ Loaded critical model CustomerAccount on demand","timestamp":"2026-02-13 19:03:27"}
{"level":"info","message":"🔧 Auto-initializing models in development mode...","timestamp":"2026-02-13 19:03:27"}
{"level":"info","message":"🚀 Initializing model loader...","timestamp":"2026-02-13 19:03:27"}
{"level":"info","message":"✅ Loaded critical model LoanAccount on demand","timestamp":"2026-02-13 19:03:27"}
{"level":"info","message":"✅ Models loaded via index.js","timestamp":"2026-02-13 19:03:27"}
{"level":"info","message":"✅ Loaded critical model LoanRepayment on demand","timestamp":"2026-02-13 19:03:27"}
{"level":"info","message":"✅ Loaded critical model Deposit on demand","timestamp":"2026-02-13 19:03:27"}
{"level":"info","message":"✅ Loaded critical model User on demand","timestamp":"2026-02-13 19:03:27"}
{"level":"info","message":"✅ Loaded critical model Transaction on demand","timestamp":"2026-02-13 19:03:27"}
{"level":"info","message":"✅ Loaded critical model Customer on demand","timestamp":"2026-02-13 19:03:27"}
{"level":"info","message":"✅ Loaded critical model GLAccount on demand","timestamp":"2026-02-13 19:03:27"}
{"level":"info","message":"✅ Loaded critical model CustomerAccount on demand","timestamp":"2026-02-13 19:03:27"}
{"level":"info","message":"✅ Loaded critical model Customer on demand","timestamp":"2026-02-13 19:03:27"}
{"level":"info","message":"✅ Loaded critical model AuditTrail on demand","timestamp":"2026-02-13 19:03:27"}
{"level":"info","message":"✅ Loaded critical model LoanAccount on demand","timestamp":"2026-02-13 19:03:27"}
{"level":"info","message":"✅ Loaded critical model CustomerAccount on demand","timestamp":"2026-02-13 19:03:27"}
{"level":"info","message":"✅ Model loader initialized successfully","timestamp":"2026-02-13 19:03:27"}
{"level":"info","message":"✅ Loaded critical model LoanRepayment on demand","timestamp":"2026-02-13 19:03:27"}
{"level":"info","message":"✅ Loaded critical model LoanAccount on demand","timestamp":"2026-02-13 19:03:27"}
{"level":"info","message":"📊 Loaded models: sequelize, Op, DataTypes, QueryTypes, User, Customer, CustomerAccount, LoanAccount, LoanRepayment, Deposit, Transaction, GLAccount, AuditTrail","timestamp":"2026-02-13 19:03:27"}
{"level":"info","message":"✅ Loaded critical model Deposit on demand","timestamp":"2026-02-13 19:03:27"}
{"level":"info","message":"✅ Loaded critical model LoanRepayment on demand","timestamp":"2026-02-13 19:03:27"}
{"level":"info","message":"📊 Model Statistics:","timestamp":"2026-02-13 19:03:27"}
{"level":"info","message":"✅ Loaded critical model Transaction on demand","timestamp":"2026-02-13 19:03:27"}
{"level":"info","message":"✅ Loaded critical model Deposit on demand","timestamp":"2026-02-13 19:03:27"}
{"level":"info","message":"✅ Loaded critical model GLAccount on demand","timestamp":"2026-02-13 19:03:27"}
{"level":"info","message":"   Total models loaded: 13","timestamp":"2026-02-13 19:03:27"}
{"level":"info","message":"✅ Loaded critical model Transaction on demand","timestamp":"2026-02-13 19:03:27"}
{"level":"info","message":"   CUSTOMER: 2 models","timestamp":"2026-02-13 19:03:27"}
{"level":"info","message":"✅ Loaded critical model AuditTrail on demand","timestamp":"2026-02-13 19:03:27"}
{"level":"info","message":"✅ Loaded critical model GLAccount on demand","timestamp":"2026-02-13 19:03:27"}
{"level":"info","message":"   LOAN: 2 models","timestamp":"2026-02-13 19:03:27"}
{"level":"info","message":"✅ Model loader initialized successfully","timestamp":"2026-02-13 19:03:27"}
{"level":"info","message":"✅ Loaded critical model AuditTrail on demand","timestamp":"2026-02-13 19:03:27"}
{"level":"info","message":"📊 Loaded models: sequelize, Op, DataTypes, QueryTypes, User, Customer, CustomerAccount, LoanAccount, LoanRepayment, Deposit, Transaction, GLAccount, AuditTrail","timestamp":"2026-02-13 19:03:27"}
{"level":"info","message":"   DEPOSIT: 1 models","timestamp":"2026-02-13 19:03:27"}
{"level":"info","message":"✅ Model loader initialized successfully","timestamp":"2026-02-13 19:03:27"}
{"level":"info","message":"📊 Model Statistics:","timestamp":"2026-02-13 19:03:27"}
{"level":"info","message":"   TRANSACTION: 1 models","timestamp":"2026-02-13 19:03:27"}
{"level":"info","message":"📊 Loaded models: sequelize, Op, DataTypes, QueryTypes, User, Customer, CustomerAccount, LoanAccount, LoanRepayment, Deposit, Transaction, GLAccount, AuditTrail","timestamp":"2026-02-13 19:03:27"}
{"level":"info","message":"   Total models loaded: 13","timestamp":"2026-02-13 19:03:27"}
{"level":"info","message":"   USER: 1 models","timestamp":"2026-02-13 19:03:27"}
{"level":"info","message":"📊 Model Statistics:","timestamp":"2026-02-13 19:03:27"}
{"level":"info","message":"   CUSTOMER: 2 models","timestamp":"2026-02-13 19:03:27"}
{"level":"info","message":"   ACCOUNTING: 1 models","timestamp":"2026-02-13 19:03:27"}
{"level":"info","message":"   Total models loaded: 13","timestamp":"2026-02-13 19:03:27"}
{"level":"info","message":"   LOAN: 2 models","timestamp":"2026-02-13 19:03:27"}
{"level":"info","message":"   AUDIT: 1 models","timestamp":"2026-02-13 19:03:27"}
{"level":"info","message":"   CUSTOMER: 2 models","timestamp":"2026-02-13 19:03:27"}
{"level":"info","message":"   DEPOSIT: 1 models","timestamp":"2026-02-13 19:03:27"}
{"level":"info","message":"   LOAN: 2 models","timestamp":"2026-02-13 19:03:27"}
{"level":"info","message":"   TRANSACTION: 1 models","timestamp":"2026-02-13 19:03:27"}
{"level":"info","message":"   DEPOSIT: 1 models","timestamp":"2026-02-13 19:03:27"}
{"level":"info","message":"   USER: 1 models","timestamp":"2026-02-13 19:03:27"}
{"level":"info","message":"   TRANSACTION: 1 models","timestamp":"2026-02-13 19:03:27"}
{"level":"info","message":"   ACCOUNTING: 1 models","timestamp":"2026-02-13 19:03:27"}
{"level":"info","message":"   USER: 1 models","timestamp":"2026-02-13 19:03:27"}
{"level":"info","message":"   AUDIT: 1 models","timestamp":"2026-02-13 19:03:27"}
{"level":"info","message":"   ACCOUNTING: 1 models","timestamp":"2026-02-13 19:03:27"}
{"level":"info","message":"   AUDIT: 1 models","timestamp":"2026-02-13 19:03:27"}
{"level":"info","logDir":"logs","message":"🚀 Winston logger initialized","nodeVersion":"v24.13.0","platform":"win32","timestamp":"2026-02-13 19:02:27"}
{"errors":["Role 28: Permission undefined not found in REPORT","Role 28: Permission undefined not found in REPORT","Role 38: Permission undefined not found in VAULT"],"level":"warn","message":"Permission validation errors","timestamp":"2026-02-13 19:03:04"}
{"level":"info","message":"Server time initialized (WAT): 2026-02-14T04:03:18.794Z","timestamp":"2026-02-13 19:03:18"}
{"error":"auditLogger.info(...).catch is not a function","level":"warn","message":"Could not log startup audit","timestamp":"2026-02-13 19:03:18"}
{"errors":["Role 28: Permission undefined not found in REPORT","Role 28: Permission undefined not found in REPORT","Role 38: Permission undefined not found in VAULT"],"level":"warn","message":"Permission validation errors","timestamp":"2026-02-13 19:03:18"}
{"date":"Fri Feb 13 2026 19:03:27 GMT-0800 (Pacific Standard Time)","error":{},"level":"error","message":"unhandledRejection: Cannot access 'app' before initialization\nReferenceError: Cannot access 'app' before initialization\n    at file:///F:/WORKON/CODE/PCO_BANKING/EVOLUTION%20BANKING%20BACKEND/src/app.js:26:1\n    at process.processTicksAndRejections (node:internal/process/task_queues:103:5)","os":{"loadavg":[0,0,0],"uptime":368490.312},"process":{"argv":["C:\\Program Files\\nodejs\\node.exe","C:\\Users\\Frederick.A_FNGA0289\\AppData\\Roaming\\npm\\node_modules\\pm2\\lib\\ProcessContainer.js"],"cwd":"F:\\WORKON\\CODE\\PCO_BANKING\\EVOLUTION BANKING BACKEND","execPath":"C:\\Program Files\\nodejs\\node.exe","gid":null,"memoryUsage":{"arrayBuffers":3850198,"external":7765699,"heapTotal":211009536,"heapUsed":115937376,"rss":215060480},"pid":31584,"uid":null,"version":"v24.13.0"},"rejection":true,"stack":"ReferenceError: Cannot access 'app' before initialization\n    at file:///F:/WORKON/CODE/PCO_BANKING/EVOLUTION%20BANKING%20BACKEND/src/app.js:26:1\n    at process.processTicksAndRejections (node:internal/process/task_queues:103:5)","timestamp":"2026-02-13 19:03:27","trace":[{"column":1,"file":"file:///F:/WORKON/CODE/PCO_BANKING/EVOLUTION%20BANKING%20BACKEND/src/app.js","function":null,"line":26,"method":null,"native":false},{"column":5,"file":"node:internal/process/task_queues","function":"process.processTicksAndRejections","line":103,"method":"processTicksAndRejections","native":false}]}
{"level":"info","message":"🔧 Auto-initializing models in development mode...","timestamp":"2026-02-13 19:03:27"}
{"level":"info","message":"🚀 Initializing model loader...","timestamp":"2026-02-13 19:03:27"}
{"level":"info","message":"✅ Models loaded via index.js","timestamp":"2026-02-13 19:03:27"}
{"level":"info","message":"✅ Loaded critical model User on demand","timestamp":"2026-02-13 19:03:27"}
{"level":"info","message":"✅ Loaded critical model Customer on demand","timestamp":"2026-02-13 19:03:27"}
{"level":"info","message":"✅ Loaded critical model CustomerAccount on demand","timestamp":"2026-02-13 19:03:27"}
{"level":"info","message":"✅ Loaded critical model LoanAccount on demand","timestamp":"2026-02-13 19:03:27"}
{"level":"info","message":"✅ Loaded critical model LoanRepayment on demand","timestamp":"2026-02-13 19:03:27"}
{"level":"info","message":"✅ Loaded critical model Deposit on demand","timestamp":"2026-02-13 19:03:27"}
{"level":"info","message":"✅ Loaded critical model Transaction on demand","timestamp":"2026-02-13 19:03:27"}
{"level":"info","message":"✅ Loaded critical model GLAccount on demand","timestamp":"2026-02-13 19:03:27"}
{"level":"info","message":"✅ Loaded critical model AuditTrail on demand","timestamp":"2026-02-13 19:03:27"}
{"level":"info","message":"✅ Model loader initialized successfully","timestamp":"2026-02-13 19:03:27"}
{"level":"info","message":"📊 Loaded models: sequelize, Op, DataTypes, QueryTypes, User, Customer, CustomerAccount, LoanAccount, LoanRepayment, Deposit, Transaction, GLAccount, AuditTrail","timestamp":"2026-02-13 19:03:27"}
{"level":"info","message":"📊 Model Statistics:","timestamp":"2026-02-13 19:03:27"}
{"level":"info","message":"   Total models loaded: 13","timestamp":"2026-02-13 19:03:27"}
{"level":"info","message":"   CUSTOMER: 2 models","timestamp":"2026-02-13 19:03:27"}
{"level":"info","message":"   LOAN: 2 models","timestamp":"2026-02-13 19:03:27"}
{"level":"info","message":"   DEPOSIT: 1 models","timestamp":"2026-02-13 19:03:27"}
{"level":"info","message":"   TRANSACTION: 1 models","timestamp":"2026-02-13 19:03:27"}
{"level":"info","message":"   USER: 1 models","timestamp":"2026-02-13 19:03:27"}
{"level":"info","message":"   ACCOUNTING: 1 models","timestamp":"2026-02-13 19:03:27"}
{"level":"info","message":"   AUDIT: 1 models","timestamp":"2026-02-13 19:03:27"}
{"level":"info","logDir":"logs","message":"🚀 Winston logger initialized","nodeVersion":"v24.13.0","platform":"win32","timestamp":"2026-02-13 19:09:55"}
{"errors":["Role 28: Permission undefined not found in REPORT","Role 28: Permission undefined not found in REPORT","Role 38: Permission undefined not found in VAULT"],"level":"warn","message":"Permission validation errors","timestamp":"2026-02-13 19:09:59"}
{"level":"info","message":"Server time initialized (WAT): 2026-02-14T04:10:01.319Z","timestamp":"2026-02-13 19:10:01"}
{"error":"auditLogger.info(...).catch is not a function","level":"warn","message":"Could not log startup audit","timestamp":"2026-02-13 19:10:01"}
{"errors":["Role 28: Permission undefined not found in REPORT","Role 28: Permission undefined not found in REPORT","Role 38: Permission undefined not found in VAULT"],"level":"warn","message":"Permission validation errors","timestamp":"2026-02-13 19:10:01"}
{"date":"Fri Feb 13 2026 19:10:02 GMT-0800 (Pacific Standard Time)","error":{},"level":"error","message":"unhandledRejection: Cannot access 'app' before initialization\nReferenceError: Cannot access 'app' before initialization\n    at file:///F:/WORKON/CODE/PCO_BANKING/EVOLUTION%20BANKING%20BACKEND/src/app.js:26:1\n    at process.processTicksAndRejections (node:internal/process/task_queues:103:5)","os":{"loadavg":[0,0,0],"uptime":368885.75},"process":{"argv":["C:\\Program Files\\nodejs\\node.exe","C:\\Users\\Frederick.A_FNGA0289\\AppData\\Roaming\\npm\\node_modules\\pm2\\lib\\ProcessContainerFork.js"],"cwd":"F:\\WORKON\\CODE\\PCO_BANKING\\EVOLUTION BANKING BACKEND","execPath":"C:\\Program Files\\nodejs\\node.exe","gid":null,"memoryUsage":{"arrayBuffers":3849913,"external":7779855,"heapTotal":209518592,"heapUsed":139643824,"rss":273043456},"pid":21392,"uid":null,"version":"v24.13.0"},"rejection":true,"stack":"ReferenceError: Cannot access 'app' before initialization\n    at file:///F:/WORKON/CODE/PCO_BANKING/EVOLUTION%20BANKING%20BACKEND/src/app.js:26:1\n    at process.processTicksAndRejections (node:internal/process/task_queues:103:5)","timestamp":"2026-02-13 19:10:02","trace":[{"column":1,"file":"file:///F:/WORKON/CODE/PCO_BANKING/EVOLUTION%20BANKING%20BACKEND/src/app.js","function":null,"line":26,"method":null,"native":false},{"column":5,"file":"node:internal/process/task_queues","function":"process.processTicksAndRejections","line":103,"method":"processTicksAndRejections","native":false}]}
{"level":"info","message":"🔧 Auto-initializing models in development mode...","timestamp":"2026-02-13 19:10:02"}
{"level":"info","message":"🚀 Initializing model loader...","timestamp":"2026-02-13 19:10:02"}
{"level":"info","message":"✅ Models loaded via index.js","timestamp":"2026-02-13 19:10:02"}
{"level":"info","message":"✅ Loaded critical model User on demand","timestamp":"2026-02-13 19:10:02"}
{"level":"info","message":"✅ Loaded critical model Customer on demand","timestamp":"2026-02-13 19:10:02"}
{"level":"info","message":"✅ Loaded critical model CustomerAccount on demand","timestamp":"2026-02-13 19:10:02"}
{"level":"info","message":"✅ Loaded critical model LoanAccount on demand","timestamp":"2026-02-13 19:10:02"}
{"level":"info","message":"✅ Loaded critical model LoanRepayment on demand","timestamp":"2026-02-13 19:10:02"}
{"level":"info","message":"✅ Loaded critical model Deposit on demand","timestamp":"2026-02-13 19:10:02"}
{"level":"info","message":"✅ Loaded critical model Transaction on demand","timestamp":"2026-02-13 19:10:02"}
{"level":"info","message":"✅ Loaded critical model GLAccount on demand","timestamp":"2026-02-13 19:10:02"}
{"level":"info","message":"✅ Loaded critical model AuditTrail on demand","timestamp":"2026-02-13 19:10:02"}
{"level":"info","message":"✅ Model loader initialized successfully","timestamp":"2026-02-13 19:10:02"}
{"level":"info","message":"📊 Loaded models: sequelize, Op, DataTypes, QueryTypes, User, Customer, CustomerAccount, LoanAccount, LoanRepayment, Deposit, Transaction, GLAccount, AuditTrail","timestamp":"2026-02-13 19:10:02"}
{"level":"info","message":"📊 Model Statistics:","timestamp":"2026-02-13 19:10:02"}
{"level":"info","message":"   Total models loaded: 13","timestamp":"2026-02-13 19:10:02"}
{"level":"info","message":"   CUSTOMER: 2 models","timestamp":"2026-02-13 19:10:02"}
{"level":"info","message":"   LOAN: 2 models","timestamp":"2026-02-13 19:10:02"}
{"level":"info","message":"   DEPOSIT: 1 models","timestamp":"2026-02-13 19:10:02"}
{"level":"info","message":"   TRANSACTION: 1 models","timestamp":"2026-02-13 19:10:02"}
{"level":"info","message":"   USER: 1 models","timestamp":"2026-02-13 19:10:02"}
{"level":"info","message":"   ACCOUNTING: 1 models","timestamp":"2026-02-13 19:10:02"}
{"level":"info","message":"   AUDIT: 1 models","timestamp":"2026-02-13 19:10:02"}
{"level":"info","logDir":"logs","message":"🚀 Winston logger initialized","nodeVersion":"v24.13.0","platform":"win32","timestamp":"2026-02-13 19:43:18"}
{"errors":["Role 28: Permission undefined not found in REPORT","Role 28: Permission undefined not found in REPORT","Role 38: Permission undefined not found in VAULT"],"level":"warn","message":"Permission validation errors","timestamp":"2026-02-13 19:43:24"}
{"errors":["Role 28: Permission undefined not found in REPORT","Role 28: Permission undefined not found in REPORT","Role 38: Permission undefined not found in VAULT"],"level":"warn","message":"Permission validation errors","timestamp":"2026-02-13 19:43:25"}
{"level":"info","message":"Server time initialized (WAT): 2026-02-14T04:43:28.628Z","timestamp":"2026-02-13 19:43:28"}
{"error":"auditLogger.info(...).catch is not a function","level":"warn","message":"Could not log startup audit","timestamp":"2026-02-13 19:43:28"}
{"level":"info","message":"🔧 Auto-initializing models in development mode...","timestamp":"2026-02-13 19:43:29"}
{"level":"info","message":"🚀 Initializing model loader...","timestamp":"2026-02-13 19:43:29"}
{"level":"info","message":"✅ Models loaded via index.js","timestamp":"2026-02-13 19:43:29"}
{"level":"info","message":"✅ Loaded critical model User on demand","timestamp":"2026-02-13 19:43:30"}
{"level":"info","message":"✅ Loaded critical model Customer on demand","timestamp":"2026-02-13 19:43:30"}
{"level":"info","message":"✅ Loaded critical model CustomerAccount on demand","timestamp":"2026-02-13 19:43:30"}
{"level":"info","message":"✅ Loaded critical model LoanAccount on demand","timestamp":"2026-02-13 19:43:30"}
{"level":"info","message":"✅ Loaded critical model LoanRepayment on demand","timestamp":"2026-02-13 19:43:30"}
{"level":"info","message":"✅ Loaded critical model Deposit on demand","timestamp":"2026-02-13 19:43:30"}
{"level":"info","message":"✅ Loaded critical model Transaction on demand","timestamp":"2026-02-13 19:43:30"}
{"level":"info","message":"✅ Loaded critical model GLAccount on demand","timestamp":"2026-02-13 19:43:30"}
{"level":"info","message":"✅ Loaded critical model AuditTrail on demand","timestamp":"2026-02-13 19:43:30"}
{"level":"info","message":"✅ Model loader initialized successfully","timestamp":"2026-02-13 19:43:30"}
{"level":"info","message":"📊 Loaded models: sequelize, Op, DataTypes, QueryTypes, User, Customer, CustomerAccount, LoanAccount, LoanRepayment, Deposit, Transaction, GLAccount, AuditTrail","timestamp":"2026-02-13 19:43:30"}
{"level":"info","message":"📊 Model Statistics:","timestamp":"2026-02-13 19:43:30"}
{"level":"info","message":"   Total models loaded: 13","timestamp":"2026-02-13 19:43:30"}
{"level":"info","message":"   CUSTOMER: 2 models","timestamp":"2026-02-13 19:43:30"}
{"level":"info","message":"   LOAN: 2 models","timestamp":"2026-02-13 19:43:30"}
{"level":"info","message":"   DEPOSIT: 1 models","timestamp":"2026-02-13 19:43:30"}
{"level":"info","message":"   TRANSACTION: 1 models","timestamp":"2026-02-13 19:43:30"}
{"level":"info","message":"   USER: 1 models","timestamp":"2026-02-13 19:43:30"}
{"level":"info","message":"   ACCOUNTING: 1 models","timestamp":"2026-02-13 19:43:30"}
{"level":"info","message":"   AUDIT: 1 models","timestamp":"2026-02-13 19:43:30"}
{"level":"info","logDir":"logs","message":"🚀 Winston logger initialized","nodeVersion":"v24.13.0","platform":"win32","timestamp":"2026-02-13 19:43:18"}
{"errors":["Role 28: Permission undefined not found in REPORT","Role 28: Permission undefined not found in REPORT","Role 38: Permission undefined not found in VAULT"],"level":"warn","message":"Permission validation errors","timestamp":"2026-02-13 19:43:24"}
{"errors":["Role 28: Permission undefined not found in REPORT","Role 28: Permission undefined not found in REPORT","Role 38: Permission undefined not found in VAULT"],"level":"warn","message":"Permission validation errors","timestamp":"2026-02-13 19:43:25"}
{"level":"info","message":"Server time initialized (WAT): 2026-02-14T04:43:28.621Z","timestamp":"2026-02-13 19:43:28"}
{"error":"auditLogger.info(...).catch is not a function","level":"warn","message":"Could not log startup audit","timestamp":"2026-02-13 19:43:28"}
{"level":"info","message":"🔧 Auto-initializing models in development mode...","timestamp":"2026-02-13 19:43:29"}
{"level":"info","message":"🚀 Initializing model loader...","timestamp":"2026-02-13 19:43:29"}
{"level":"info","message":"✅ Models loaded via index.js","timestamp":"2026-02-13 19:43:29"}
{"level":"info","message":"✅ Loaded critical model User on demand","timestamp":"2026-02-13 19:43:29"}
{"level":"info","message":"✅ Loaded critical model Customer on demand","timestamp":"2026-02-13 19:43:30"}
{"level":"info","message":"✅ Loaded critical model CustomerAccount on demand","timestamp":"2026-02-13 19:43:30"}
{"level":"info","message":"✅ Loaded critical model LoanAccount on demand","timestamp":"2026-02-13 19:43:30"}
{"level":"info","message":"✅ Loaded critical model LoanRepayment on demand","timestamp":"2026-02-13 19:43:30"}
{"level":"info","message":"✅ Loaded critical model Deposit on demand","timestamp":"2026-02-13 19:43:30"}
{"level":"info","message":"✅ Loaded critical model Transaction on demand","timestamp":"2026-02-13 19:43:30"}
{"level":"info","message":"✅ Loaded critical model GLAccount on demand","timestamp":"2026-02-13 19:43:30"}
{"level":"info","message":"✅ Loaded critical model AuditTrail on demand","timestamp":"2026-02-13 19:43:30"}
{"level":"info","message":"✅ Model loader initialized successfully","timestamp":"2026-02-13 19:43:30"}
{"level":"info","message":"📊 Loaded models: sequelize, Op, DataTypes, QueryTypes, User, Customer, CustomerAccount, LoanAccount, LoanRepayment, Deposit, Transaction, GLAccount, AuditTrail","timestamp":"2026-02-13 19:43:30"}
{"level":"info","message":"📊 Model Statistics:","timestamp":"2026-02-13 19:43:30"}
{"level":"info","message":"   Total models loaded: 13","timestamp":"2026-02-13 19:43:30"}
{"level":"info","message":"   CUSTOMER: 2 models","timestamp":"2026-02-13 19:43:30"}
{"level":"info","message":"   LOAN: 2 models","timestamp":"2026-02-13 19:43:30"}
{"level":"info","message":"   DEPOSIT: 1 models","timestamp":"2026-02-13 19:43:30"}
{"level":"info","message":"   TRANSACTION: 1 models","timestamp":"2026-02-13 19:43:30"}
{"level":"info","message":"   USER: 1 models","timestamp":"2026-02-13 19:43:30"}
{"level":"info","message":"   ACCOUNTING: 1 models","timestamp":"2026-02-13 19:43:30"}
{"level":"info","message":"   AUDIT: 1 models","timestamp":"2026-02-13 19:43:30"}
{"level":"info","logDir":"logs","message":"🚀 Winston logger initialized","nodeVersion":"v24.13.0","platform":"win32","timestamp":"2026-02-13 19:43:18"}
{"errors":["Role 28: Permission undefined not found in REPORT","Role 28: Permission undefined not found in REPORT","Role 38: Permission undefined not found in VAULT"],"level":"warn","message":"Permission validation errors","timestamp":"2026-02-13 19:43:24"}
{"errors":["Role 28: Permission undefined not found in REPORT","Role 28: Permission undefined not found in REPORT","Role 38: Permission undefined not found in VAULT"],"level":"warn","message":"Permission validation errors","timestamp":"2026-02-13 19:43:25"}
{"level":"info","message":"Server time initialized (WAT): 2026-02-14T04:43:28.605Z","timestamp":"2026-02-13 19:43:28"}
{"error":"auditLogger.info(...).catch is not a function","level":"warn","message":"Could not log startup audit","timestamp":"2026-02-13 19:43:28"}
{"level":"info","message":"🔧 Auto-initializing models in development mode...","timestamp":"2026-02-13 19:43:30"}
{"level":"info","message":"🚀 Initializing model loader...","timestamp":"2026-02-13 19:43:30"}
{"level":"info","message":"✅ Models loaded via index.js","timestamp":"2026-02-13 19:43:30"}
{"level":"info","message":"✅ Loaded critical model User on demand","timestamp":"2026-02-13 19:43:30"}
{"level":"info","message":"✅ Loaded critical model Customer on demand","timestamp":"2026-02-13 19:43:30"}
{"level":"info","message":"✅ Loaded critical model CustomerAccount on demand","timestamp":"2026-02-13 19:43:30"}
{"level":"info","message":"✅ Loaded critical model LoanAccount on demand","timestamp":"2026-02-13 19:43:30"}
{"level":"info","message":"✅ Loaded critical model LoanRepayment on demand","timestamp":"2026-02-13 19:43:30"}
{"level":"info","message":"✅ Loaded critical model Deposit on demand","timestamp":"2026-02-13 19:43:30"}
{"level":"info","message":"✅ Loaded critical model Transaction on demand","timestamp":"2026-02-13 19:43:30"}
{"level":"info","message":"✅ Loaded critical model GLAccount on demand","timestamp":"2026-02-13 19:43:30"}
{"level":"info","message":"✅ Loaded critical model AuditTrail on demand","timestamp":"2026-02-13 19:43:30"}
{"level":"info","message":"✅ Model loader initialized successfully","timestamp":"2026-02-13 19:43:30"}
{"level":"info","message":"📊 Loaded models: sequelize, Op, DataTypes, QueryTypes, User, Customer, CustomerAccount, LoanAccount, LoanRepayment, Deposit, Transaction, GLAccount, AuditTrail","timestamp":"2026-02-13 19:43:30"}
{"level":"info","message":"📊 Model Statistics:","timestamp":"2026-02-13 19:43:30"}
{"level":"info","message":"   Total models loaded: 13","timestamp":"2026-02-13 19:43:30"}
{"level":"info","message":"   CUSTOMER: 2 models","timestamp":"2026-02-13 19:43:30"}
{"level":"info","message":"   LOAN: 2 models","timestamp":"2026-02-13 19:43:30"}
{"level":"info","message":"   DEPOSIT: 1 models","timestamp":"2026-02-13 19:43:30"}
{"level":"info","message":"   TRANSACTION: 1 models","timestamp":"2026-02-13 19:43:30"}
{"level":"info","message":"   USER: 1 models","timestamp":"2026-02-13 19:43:30"}
{"level":"info","message":"   ACCOUNTING: 1 models","timestamp":"2026-02-13 19:43:30"}
{"level":"info","message":"   AUDIT: 1 models","timestamp":"2026-02-13 19:43:30"}
{"level":"info","logDir":"logs","message":"🚀 Winston logger initialized","nodeVersion":"v24.13.0","platform":"win32","timestamp":"2026-02-13 19:43:18"}
{"errors":["Role 28: Permission undefined not found in REPORT","Role 28: Permission undefined not found in REPORT","Role 38: Permission undefined not found in VAULT"],"level":"warn","message":"Permission validation errors","timestamp":"2026-02-13 19:43:24"}
{"errors":["Role 28: Permission undefined not found in REPORT","Role 28: Permission undefined not found in REPORT","Role 38: Permission undefined not found in VAULT"],"level":"warn","message":"Permission validation errors","timestamp":"2026-02-13 19:43:25"}
{"level":"info","message":"Server time initialized (WAT): 2026-02-14T04:43:28.697Z","timestamp":"2026-02-13 19:43:28"}
{"error":"auditLogger.info(...).catch is not a function","level":"warn","message":"Could not log startup audit","timestamp":"2026-02-13 19:43:28"}
{"level":"info","message":"🔧 Auto-initializing models in development mode...","timestamp":"2026-02-13 19:43:29"}
{"level":"info","message":"🚀 Initializing model loader...","timestamp":"2026-02-13 19:43:29"}
{"level":"info","message":"✅ Models loaded via index.js","timestamp":"2026-02-13 19:43:30"}
{"level":"info","message":"✅ Loaded critical model User on demand","timestamp":"2026-02-13 19:43:30"}
{"level":"info","message":"✅ Loaded critical model Customer on demand","timestamp":"2026-02-13 19:43:30"}
{"level":"info","message":"✅ Loaded critical model CustomerAccount on demand","timestamp":"2026-02-13 19:43:30"}
{"level":"info","message":"✅ Loaded critical model LoanAccount on demand","timestamp":"2026-02-13 19:43:30"}
{"level":"info","message":"✅ Loaded critical model LoanRepayment on demand","timestamp":"2026-02-13 19:43:30"}
{"level":"info","message":"✅ Loaded critical model Deposit on demand","timestamp":"2026-02-13 19:43:30"}
{"level":"info","message":"✅ Loaded critical model Transaction on demand","timestamp":"2026-02-13 19:43:30"}
{"level":"info","message":"✅ Loaded critical model GLAccount on demand","timestamp":"2026-02-13 19:43:30"}
{"level":"info","message":"✅ Loaded critical model AuditTrail on demand","timestamp":"2026-02-13 19:43:30"}
{"level":"info","message":"✅ Model loader initialized successfully","timestamp":"2026-02-13 19:43:30"}
{"level":"info","message":"📊 Loaded models: sequelize, Op, DataTypes, QueryTypes, User, Customer, CustomerAccount, LoanAccount, LoanRepayment, Deposit, Transaction, GLAccount, AuditTrail","timestamp":"2026-02-13 19:43:30"}
{"level":"info","message":"📊 Model Statistics:","timestamp":"2026-02-13 19:43:30"}
{"level":"info","message":"   Total models loaded: 13","timestamp":"2026-02-13 19:43:30"}
{"level":"info","message":"   CUSTOMER: 2 models","timestamp":"2026-02-13 19:43:30"}
{"level":"info","message":"   LOAN: 2 models","timestamp":"2026-02-13 19:43:30"}
{"level":"info","message":"   DEPOSIT: 1 models","timestamp":"2026-02-13 19:43:30"}
{"level":"info","message":"   TRANSACTION: 1 models","timestamp":"2026-02-13 19:43:30"}
{"level":"info","message":"   USER: 1 models","timestamp":"2026-02-13 19:43:30"}
{"level":"info","message":"   ACCOUNTING: 1 models","timestamp":"2026-02-13 19:43:30"}
{"level":"info","message":"   AUDIT: 1 models","timestamp":"2026-02-13 19:43:30"}
{"level":"info","logDir":"logs","message":"🚀 Winston logger initialized","nodeVersion":"v24.13.0","platform":"win32","timestamp":"2026-02-13 19:45:30"}
{"errors":["Role 28: Permission undefined not found in REPORT","Role 28: Permission undefined not found in REPORT","Role 38: Permission undefined not found in VAULT"],"level":"warn","message":"Permission validation errors","timestamp":"2026-02-13 19:45:39"}
{"errors":["Role 28: Permission undefined not found in REPORT","Role 28: Permission undefined not found in REPORT","Role 38: Permission undefined not found in VAULT"],"level":"warn","message":"Permission validation errors","timestamp":"2026-02-13 19:45:42"}
{"level":"info","message":"Server time initialized (WAT): 2026-02-14T04:45:47.772Z","timestamp":"2026-02-13 19:45:47"}
{"error":"auditLogger.info(...).catch is not a function","level":"warn","message":"Could not log startup audit","timestamp":"2026-02-13 19:45:47"}
{"level":"info","message":"🔧 Auto-initializing models in development mode...","timestamp":"2026-02-13 19:45:48"}
{"level":"info","message":"🚀 Initializing model loader...","timestamp":"2026-02-13 19:45:48"}
{"level":"info","message":"✅ Models loaded via index.js","timestamp":"2026-02-13 19:45:48"}
{"level":"info","message":"✅ Loaded critical model User on demand","timestamp":"2026-02-13 19:45:48"}
{"level":"info","message":"✅ Loaded critical model Customer on demand","timestamp":"2026-02-13 19:45:48"}
{"level":"info","message":"✅ Loaded critical model CustomerAccount on demand","timestamp":"2026-02-13 19:45:48"}
{"level":"info","message":"✅ Loaded critical model LoanAccount on demand","timestamp":"2026-02-13 19:45:49"}
{"level":"info","message":"✅ Loaded critical model LoanRepayment on demand","timestamp":"2026-02-13 19:45:49"}
{"level":"info","message":"✅ Loaded critical model Deposit on demand","timestamp":"2026-02-13 19:45:49"}
{"level":"info","message":"✅ Loaded critical model Transaction on demand","timestamp":"2026-02-13 19:45:49"}
{"level":"info","message":"✅ Loaded critical model GLAccount on demand","timestamp":"2026-02-13 19:45:49"}
{"level":"info","message":"✅ Loaded critical model AuditTrail on demand","timestamp":"2026-02-13 19:45:49"}
{"level":"info","message":"✅ Model loader initialized successfully","timestamp":"2026-02-13 19:45:49"}
{"level":"info","message":"📊 Loaded models: sequelize, Op, DataTypes, QueryTypes, User, Customer, CustomerAccount, LoanAccount, LoanRepayment, Deposit, Transaction, GLAccount, AuditTrail","timestamp":"2026-02-13 19:45:49"}
{"level":"info","message":"📊 Model Statistics:","timestamp":"2026-02-13 19:45:49"}
{"level":"info","message":"   Total models loaded: 13","timestamp":"2026-02-13 19:45:49"}
{"level":"info","message":"   CUSTOMER: 2 models","timestamp":"2026-02-13 19:45:49"}
{"level":"info","message":"   LOAN: 2 models","timestamp":"2026-02-13 19:45:49"}
{"level":"info","message":"   DEPOSIT: 1 models","timestamp":"2026-02-13 19:45:49"}
{"level":"info","message":"   TRANSACTION: 1 models","timestamp":"2026-02-13 19:45:49"}
{"level":"info","message":"   USER: 1 models","timestamp":"2026-02-13 19:45:49"}
{"level":"info","message":"   ACCOUNTING: 1 models","timestamp":"2026-02-13 19:45:49"}
{"level":"info","message":"   AUDIT: 1 models","timestamp":"2026-02-13 19:45:49"}
{"level":"info","logDir":"logs","message":"🚀 Winston logger initialized","nodeVersion":"v24.13.0","platform":"win32","timestamp":"2026-02-13 19:45:30"}
{"errors":["Role 28: Permission undefined not found in REPORT","Role 28: Permission undefined not found in REPORT","Role 38: Permission undefined not found in VAULT"],"level":"warn","message":"Permission validation errors","timestamp":"2026-02-13 19:45:39"}
{"errors":["Role 28: Permission undefined not found in REPORT","Role 28: Permission undefined not found in REPORT","Role 38: Permission undefined not found in VAULT"],"level":"warn","message":"Permission validation errors","timestamp":"2026-02-13 19:45:42"}
{"level":"info","message":"Server time initialized (WAT): 2026-02-14T04:45:47.764Z","timestamp":"2026-02-13 19:45:47"}
{"error":"auditLogger.info(...).catch is not a function","level":"warn","message":"Could not log startup audit","timestamp":"2026-02-13 19:45:47"}
{"level":"info","message":"🔧 Auto-initializing models in development mode...","timestamp":"2026-02-13 19:45:48"}
{"level":"info","message":"🚀 Initializing model loader...","timestamp":"2026-02-13 19:45:48"}
{"level":"info","message":"✅ Models loaded via index.js","timestamp":"2026-02-13 19:45:48"}
{"level":"info","message":"✅ Loaded critical model User on demand","timestamp":"2026-02-13 19:45:49"}
{"level":"info","message":"✅ Loaded critical model Customer on demand","timestamp":"2026-02-13 19:45:49"}
{"level":"info","message":"✅ Loaded critical model CustomerAccount on demand","timestamp":"2026-02-13 19:45:49"}
{"level":"info","message":"✅ Loaded critical model LoanAccount on demand","timestamp":"2026-02-13 19:45:49"}
{"level":"info","message":"✅ Loaded critical model LoanRepayment on demand","timestamp":"2026-02-13 19:45:49"}
{"level":"info","message":"✅ Loaded critical model Deposit on demand","timestamp":"2026-02-13 19:45:49"}
{"level":"info","message":"✅ Loaded critical model Transaction on demand","timestamp":"2026-02-13 19:45:49"}
{"level":"info","message":"✅ Loaded critical model GLAccount on demand","timestamp":"2026-02-13 19:45:49"}
{"level":"info","message":"✅ Loaded critical model AuditTrail on demand","timestamp":"2026-02-13 19:45:49"}
{"level":"info","message":"✅ Model loader initialized successfully","timestamp":"2026-02-13 19:45:49"}
{"level":"info","message":"📊 Loaded models: sequelize, Op, DataTypes, QueryTypes, User, Customer, CustomerAccount, LoanAccount, LoanRepayment, Deposit, Transaction, GLAccount, AuditTrail","timestamp":"2026-02-13 19:45:49"}
{"level":"info","message":"📊 Model Statistics:","timestamp":"2026-02-13 19:45:49"}
{"level":"info","message":"   Total models loaded: 13","timestamp":"2026-02-13 19:45:49"}
{"level":"info","message":"   CUSTOMER: 2 models","timestamp":"2026-02-13 19:45:49"}
{"level":"info","message":"   LOAN: 2 models","timestamp":"2026-02-13 19:45:49"}
{"level":"info","message":"   DEPOSIT: 1 models","timestamp":"2026-02-13 19:45:49"}
{"level":"info","message":"   TRANSACTION: 1 models","timestamp":"2026-02-13 19:45:49"}
{"level":"info","message":"   USER: 1 models","timestamp":"2026-02-13 19:45:49"}
{"level":"info","message":"   ACCOUNTING: 1 models","timestamp":"2026-02-13 19:45:49"}
{"level":"info","message":"   AUDIT: 1 models","timestamp":"2026-02-13 19:45:49"}
{"level":"info","logDir":"logs","message":"🚀 Winston logger initialized","nodeVersion":"v24.13.0","platform":"win32","timestamp":"2026-02-13 19:45:30"}
{"errors":["Role 28: Permission undefined not found in REPORT","Role 28: Permission undefined not found in REPORT","Role 38: Permission undefined not found in VAULT"],"level":"warn","message":"Permission validation errors","timestamp":"2026-02-13 19:45:39"}
{"errors":["Role 28: Permission undefined not found in REPORT","Role 28: Permission undefined not found in REPORT","Role 38: Permission undefined not found in VAULT"],"level":"warn","message":"Permission validation errors","timestamp":"2026-02-13 19:45:42"}
{"level":"info","message":"Server time initialized (WAT): 2026-02-14T04:45:47.750Z","timestamp":"2026-02-13 19:45:47"}
{"error":"auditLogger.info(...).catch is not a function","level":"warn","message":"Could not log startup audit","timestamp":"2026-02-13 19:45:47"}
{"level":"info","message":"🔧 Auto-initializing models in development mode...","timestamp":"2026-02-13 19:45:48"}
{"level":"info","message":"🚀 Initializing model loader...","timestamp":"2026-02-13 19:45:48"}
{"level":"info","message":"✅ Models loaded via index.js","timestamp":"2026-02-13 19:45:49"}
{"level":"info","message":"✅ Loaded critical model User on demand","timestamp":"2026-02-13 19:45:49"}
{"level":"info","message":"✅ Loaded critical model Customer on demand","timestamp":"2026-02-13 19:45:49"}
{"level":"info","message":"✅ Loaded critical model CustomerAccount on demand","timestamp":"2026-02-13 19:45:49"}
{"level":"info","message":"✅ Loaded critical model LoanAccount on demand","timestamp":"2026-02-13 19:45:49"}
{"level":"info","message":"✅ Loaded critical model LoanRepayment on demand","timestamp":"2026-02-13 19:45:49"}
{"level":"info","message":"✅ Loaded critical model Deposit on demand","timestamp":"2026-02-13 19:45:49"}
{"level":"info","message":"✅ Loaded critical model Transaction on demand","timestamp":"2026-02-13 19:45:49"}
{"level":"info","message":"✅ Loaded critical model GLAccount on demand","timestamp":"2026-02-13 19:45:49"}
{"level":"info","message":"✅ Loaded critical model AuditTrail on demand","timestamp":"2026-02-13 19:45:49"}
{"level":"info","message":"✅ Model loader initialized successfully","timestamp":"2026-02-13 19:45:49"}
{"level":"info","message":"📊 Loaded models: sequelize, Op, DataTypes, QueryTypes, User, Customer, CustomerAccount, LoanAccount, LoanRepayment, Deposit, Transaction, GLAccount, AuditTrail","timestamp":"2026-02-13 19:45:49"}
{"level":"info","message":"📊 Model Statistics:","timestamp":"2026-02-13 19:45:49"}
{"level":"info","message":"   Total models loaded: 13","timestamp":"2026-02-13 19:45:49"}
{"level":"info","message":"   CUSTOMER: 2 models","timestamp":"2026-02-13 19:45:49"}
{"level":"info","message":"   LOAN: 2 models","timestamp":"2026-02-13 19:45:49"}
{"level":"info","message":"   DEPOSIT: 1 models","timestamp":"2026-02-13 19:45:49"}
{"level":"info","message":"   TRANSACTION: 1 models","timestamp":"2026-02-13 19:45:49"}
{"level":"info","message":"   USER: 1 models","timestamp":"2026-02-13 19:45:49"}
{"level":"info","message":"   ACCOUNTING: 1 models","timestamp":"2026-02-13 19:45:49"}
{"level":"info","message":"   AUDIT: 1 models","timestamp":"2026-02-13 19:45:49"}
{"level":"info","logDir":"logs","message":"🚀 Winston logger initialized","nodeVersion":"v24.13.0","platform":"win32","timestamp":"2026-02-13 19:45:30"}
{"errors":["Role 28: Permission undefined not found in REPORT","Role 28: Permission undefined not found in REPORT","Role 38: Permission undefined not found in VAULT"],"level":"warn","message":"Permission validation errors","timestamp":"2026-02-13 19:45:40"}
{"errors":["Role 28: Permission undefined not found in REPORT","Role 28: Permission undefined not found in REPORT","Role 38: Permission undefined not found in VAULT"],"level":"warn","message":"Permission validation errors","timestamp":"2026-02-13 19:45:42"}
{"level":"info","message":"Server time initialized (WAT): 2026-02-14T04:45:47.919Z","timestamp":"2026-02-13 19:45:47"}
{"error":"auditLogger.info(...).catch is not a function","level":"warn","message":"Could not log startup audit","timestamp":"2026-02-13 19:45:47"}
{"level":"info","message":"🔧 Auto-initializing models in development mode...","timestamp":"2026-02-13 19:45:49"}
{"level":"info","message":"🚀 Initializing model loader...","timestamp":"2026-02-13 19:45:49"}
{"level":"info","message":"✅ Models loaded via index.js","timestamp":"2026-02-13 19:45:49"}
{"level":"info","message":"✅ Loaded critical model User on demand","timestamp":"2026-02-13 19:45:49"}
{"level":"info","message":"✅ Loaded critical model Customer on demand","timestamp":"2026-02-13 19:45:49"}
{"level":"info","message":"✅ Loaded critical model CustomerAccount on demand","timestamp":"2026-02-13 19:45:49"}
{"level":"info","message":"✅ Loaded critical model LoanAccount on demand","timestamp":"2026-02-13 19:45:49"}
{"level":"info","message":"✅ Loaded critical model LoanRepayment on demand","timestamp":"2026-02-13 19:45:49"}
{"level":"info","message":"✅ Loaded critical model Deposit on demand","timestamp":"2026-02-13 19:45:49"}
{"level":"info","message":"✅ Loaded critical model Transaction on demand","timestamp":"2026-02-13 19:45:49"}
{"level":"info","message":"✅ Loaded critical model GLAccount on demand","timestamp":"2026-02-13 19:45:49"}
{"level":"info","message":"✅ Loaded critical model AuditTrail on demand","timestamp":"2026-02-13 19:45:49"}
{"level":"info","message":"✅ Model loader initialized successfully","timestamp":"2026-02-13 19:45:49"}
{"level":"info","message":"📊 Loaded models: sequelize, Op, DataTypes, QueryTypes, User, Customer, CustomerAccount, LoanAccount, LoanRepayment, Deposit, Transaction, GLAccount, AuditTrail","timestamp":"2026-02-13 19:45:49"}
{"level":"info","message":"📊 Model Statistics:","timestamp":"2026-02-13 19:45:49"}
{"level":"info","message":"   Total models loaded: 13","timestamp":"2026-02-13 19:45:49"}
{"level":"info","message":"   CUSTOMER: 2 models","timestamp":"2026-02-13 19:45:49"}
{"level":"info","message":"   LOAN: 2 models","timestamp":"2026-02-13 19:45:49"}
{"level":"info","message":"   DEPOSIT: 1 models","timestamp":"2026-02-13 19:45:49"}
{"level":"info","message":"   TRANSACTION: 1 models","timestamp":"2026-02-13 19:45:49"}
{"level":"info","message":"   USER: 1 models","timestamp":"2026-02-13 19:45:49"}
{"level":"info","message":"   ACCOUNTING: 1 models","timestamp":"2026-02-13 19:45:49"}
{"level":"info","message":"   AUDIT: 1 models","timestamp":"2026-02-13 19:45:49"}
{"level":"info","logDir":"logs","message":"🚀 Winston logger initialized","nodeVersion":"v24.13.0","platform":"win32","timestamp":"2026-02-13 19:47:44"}
{"errors":["Role 28: Permission undefined not found in REPORT","Role 28: Permission undefined not found in REPORT","Role 38: Permission undefined not found in VAULT"],"level":"warn","message":"Permission validation errors","timestamp":"2026-02-13 19:47:54"}
{"errors":["Role 28: Permission undefined not found in REPORT","Role 28: Permission undefined not found in REPORT","Role 38: Permission undefined not found in VAULT"],"level":"warn","message":"Permission validation errors","timestamp":"2026-02-13 19:47:56"}
{"level":"info","message":"Server time initialized (WAT): 2026-02-14T04:48:03.616Z","timestamp":"2026-02-13 19:48:03"}
{"error":"auditLogger.info(...).catch is not a function","level":"warn","message":"Could not log startup audit","timestamp":"2026-02-13 19:48:03"}
{"level":"info","message":"🔧 Auto-initializing models in development mode...","timestamp":"2026-02-13 19:48:04"}
{"level":"info","message":"🚀 Initializing model loader...","timestamp":"2026-02-13 19:48:04"}
{"level":"info","message":"✅ Models loaded via index.js","timestamp":"2026-02-13 19:48:04"}
{"level":"info","message":"✅ Loaded critical model User on demand","timestamp":"2026-02-13 19:48:04"}
{"level":"info","message":"✅ Loaded critical model Customer on demand","timestamp":"2026-02-13 19:48:04"}
{"level":"info","message":"✅ Loaded critical model CustomerAccount on demand","timestamp":"2026-02-13 19:48:04"}
{"level":"info","message":"✅ Loaded critical model LoanAccount on demand","timestamp":"2026-02-13 19:48:04"}
{"level":"info","message":"✅ Loaded critical model LoanRepayment on demand","timestamp":"2026-02-13 19:48:04"}
{"level":"info","message":"✅ Loaded critical model Deposit on demand","timestamp":"2026-02-13 19:48:04"}
{"level":"info","message":"✅ Loaded critical model Transaction on demand","timestamp":"2026-02-13 19:48:04"}
{"level":"info","message":"✅ Loaded critical model GLAccount on demand","timestamp":"2026-02-13 19:48:04"}
{"level":"info","message":"✅ Loaded critical model AuditTrail on demand","timestamp":"2026-02-13 19:48:04"}
{"level":"info","message":"✅ Model loader initialized successfully","timestamp":"2026-02-13 19:48:04"}
{"level":"info","message":"📊 Loaded models: sequelize, Op, DataTypes, QueryTypes, User, Customer, CustomerAccount, LoanAccount, LoanRepayment, Deposit, Transaction, GLAccount, AuditTrail","timestamp":"2026-02-13 19:48:04"}
{"level":"info","message":"📊 Model Statistics:","timestamp":"2026-02-13 19:48:04"}
{"level":"info","message":"   Total models loaded: 13","timestamp":"2026-02-13 19:48:04"}
{"level":"info","message":"   CUSTOMER: 2 models","timestamp":"2026-02-13 19:48:04"}
{"level":"info","message":"   LOAN: 2 models","timestamp":"2026-02-13 19:48:04"}
{"level":"info","message":"   DEPOSIT: 1 models","timestamp":"2026-02-13 19:48:04"}
{"level":"info","message":"   TRANSACTION: 1 models","timestamp":"2026-02-13 19:48:04"}
{"level":"info","message":"   USER: 1 models","timestamp":"2026-02-13 19:48:04"}
{"level":"info","message":"   ACCOUNTING: 1 models","timestamp":"2026-02-13 19:48:04"}
{"level":"info","message":"   AUDIT: 1 models","timestamp":"2026-02-13 19:48:04"}
{"level":"info","logDir":"logs","message":"🚀 Winston logger initialized","nodeVersion":"v24.13.0","platform":"win32","timestamp":"2026-02-13 19:47:44"}
{"errors":["Role 28: Permission undefined not found in REPORT","Role 28: Permission undefined not found in REPORT","Role 38: Permission undefined not found in VAULT"],"level":"warn","message":"Permission validation errors","timestamp":"2026-02-13 19:47:54"}
{"errors":["Role 28: Permission undefined not found in REPORT","Role 28: Permission undefined not found in REPORT","Role 38: Permission undefined not found in VAULT"],"level":"warn","message":"Permission validation errors","timestamp":"2026-02-13 19:47:56"}
{"level":"info","message":"Server time initialized (WAT): 2026-02-14T04:48:03.597Z","timestamp":"2026-02-13 19:48:03"}
{"error":"auditLogger.info(...).catch is not a function","level":"warn","message":"Could not log startup audit","timestamp":"2026-02-13 19:48:03"}
{"level":"info","message":"🔧 Auto-initializing models in development mode...","timestamp":"2026-02-13 19:48:04"}
{"level":"info","message":"🚀 Initializing model loader...","timestamp":"2026-02-13 19:48:04"}
{"level":"info","message":"✅ Models loaded via index.js","timestamp":"2026-02-13 19:48:04"}
{"level":"info","message":"✅ Loaded critical model User on demand","timestamp":"2026-02-13 19:48:04"}
{"level":"info","message":"✅ Loaded critical model Customer on demand","timestamp":"2026-02-13 19:48:04"}
{"level":"info","message":"✅ Loaded critical model CustomerAccount on demand","timestamp":"2026-02-13 19:48:04"}
{"level":"info","message":"✅ Loaded critical model LoanAccount on demand","timestamp":"2026-02-13 19:48:04"}
{"level":"info","message":"✅ Loaded critical model LoanRepayment on demand","timestamp":"2026-02-13 19:48:04"}
{"level":"info","message":"✅ Loaded critical model Deposit on demand","timestamp":"2026-02-13 19:48:04"}
{"level":"info","message":"✅ Loaded critical model Transaction on demand","timestamp":"2026-02-13 19:48:04"}
{"level":"info","message":"✅ Loaded critical model GLAccount on demand","timestamp":"2026-02-13 19:48:04"}
{"level":"info","message":"✅ Loaded critical model AuditTrail on demand","timestamp":"2026-02-13 19:48:04"}
{"level":"info","message":"✅ Model loader initialized successfully","timestamp":"2026-02-13 19:48:04"}
{"level":"info","message":"📊 Loaded models: sequelize, Op, DataTypes, QueryTypes, User, Customer, CustomerAccount, LoanAccount, LoanRepayment, Deposit, Transaction, GLAccount, AuditTrail","timestamp":"2026-02-13 19:48:04"}
{"level":"info","message":"📊 Model Statistics:","timestamp":"2026-02-13 19:48:04"}
{"level":"info","message":"   Total models loaded: 13","timestamp":"2026-02-13 19:48:04"}
{"level":"info","message":"   CUSTOMER: 2 models","timestamp":"2026-02-13 19:48:04"}
{"level":"info","message":"   LOAN: 2 models","timestamp":"2026-02-13 19:48:04"}
{"level":"info","message":"   DEPOSIT: 1 models","timestamp":"2026-02-13 19:48:04"}
{"level":"info","message":"   TRANSACTION: 1 models","timestamp":"2026-02-13 19:48:04"}
{"level":"info","message":"   USER: 1 models","timestamp":"2026-02-13 19:48:04"}
{"level":"info","message":"   ACCOUNTING: 1 models","timestamp":"2026-02-13 19:48:04"}
{"level":"info","message":"   AUDIT: 1 models","timestamp":"2026-02-13 19:48:04"}
{"level":"info","logDir":"logs","message":"🚀 Winston logger initialized","nodeVersion":"v24.13.0","platform":"win32","timestamp":"2026-02-13 19:47:44"}
{"errors":["Role 28: Permission undefined not found in REPORT","Role 28: Permission undefined not found in REPORT","Role 38: Permission undefined not found in VAULT"],"level":"warn","message":"Permission validation errors","timestamp":"2026-02-13 19:47:54"}
{"errors":["Role 28: Permission undefined not found in REPORT","Role 28: Permission undefined not found in REPORT","Role 38: Permission undefined not found in VAULT"],"level":"warn","message":"Permission validation errors","timestamp":"2026-02-13 19:47:56"}
{"level":"info","message":"Server time initialized (WAT): 2026-02-14T04:48:03.541Z","timestamp":"2026-02-13 19:48:03"}
{"error":"auditLogger.info(...).catch is not a function","level":"warn","message":"Could not log startup audit","timestamp":"2026-02-13 19:48:03"}
{"level":"info","message":"🔧 Auto-initializing models in development mode...","timestamp":"2026-02-13 19:48:04"}
{"level":"info","message":"🚀 Initializing model loader...","timestamp":"2026-02-13 19:48:04"}
{"level":"info","message":"✅ Models loaded via index.js","timestamp":"2026-02-13 19:48:04"}
{"level":"info","message":"✅ Loaded critical model User on demand","timestamp":"2026-02-13 19:48:04"}
{"level":"info","message":"✅ Loaded critical model Customer on demand","timestamp":"2026-02-13 19:48:04"}
{"level":"info","message":"✅ Loaded critical model CustomerAccount on demand","timestamp":"2026-02-13 19:48:04"}
{"level":"info","message":"✅ Loaded critical model LoanAccount on demand","timestamp":"2026-02-13 19:48:04"}
{"level":"info","message":"✅ Loaded critical model LoanRepayment on demand","timestamp":"2026-02-13 19:48:04"}
{"level":"info","message":"✅ Loaded critical model Deposit on demand","timestamp":"2026-02-13 19:48:04"}
{"level":"info","message":"✅ Loaded critical model Transaction on demand","timestamp":"2026-02-13 19:48:04"}
{"level":"info","message":"✅ Loaded critical model GLAccount on demand","timestamp":"2026-02-13 19:48:04"}
{"level":"info","message":"✅ Loaded critical model AuditTrail on demand","timestamp":"2026-02-13 19:48:04"}
{"level":"info","message":"✅ Model loader initialized successfully","timestamp":"2026-02-13 19:48:04"}
{"level":"info","message":"📊 Loaded models: sequelize, Op, DataTypes, QueryTypes, User, Customer, CustomerAccount, LoanAccount, LoanRepayment, Deposit, Transaction, GLAccount, AuditTrail","timestamp":"2026-02-13 19:48:04"}
{"level":"info","message":"📊 Model Statistics:","timestamp":"2026-02-13 19:48:04"}
{"level":"info","message":"   Total models loaded: 13","timestamp":"2026-02-13 19:48:04"}
{"level":"info","message":"   CUSTOMER: 2 models","timestamp":"2026-02-13 19:48:04"}
{"level":"info","message":"   LOAN: 2 models","timestamp":"2026-02-13 19:48:04"}
{"level":"info","message":"   DEPOSIT: 1 models","timestamp":"2026-02-13 19:48:04"}
{"level":"info","message":"   TRANSACTION: 1 models","timestamp":"2026-02-13 19:48:04"}
{"level":"info","message":"   USER: 1 models","timestamp":"2026-02-13 19:48:04"}
{"level":"info","message":"   ACCOUNTING: 1 models","timestamp":"2026-02-13 19:48:04"}
{"level":"info","message":"   AUDIT: 1 models","timestamp":"2026-02-13 19:48:04"}
{"level":"info","logDir":"logs","message":"🚀 Winston logger initialized","nodeVersion":"v24.13.0","platform":"win32","timestamp":"2026-02-13 19:47:44"}
{"errors":["Role 28: Permission undefined not found in REPORT","Role 28: Permission undefined not found in REPORT","Role 38: Permission undefined not found in VAULT"],"level":"warn","message":"Permission validation errors","timestamp":"2026-02-13 19:47:54"}
{"errors":["Role 28: Permission undefined not found in REPORT","Role 28: Permission undefined not found in REPORT","Role 38: Permission undefined not found in VAULT"],"level":"warn","message":"Permission validation errors","timestamp":"2026-02-13 19:47:56"}
{"level":"info","message":"Server time initialized (WAT): 2026-02-14T04:48:03.613Z","timestamp":"2026-02-13 19:48:03"}
{"error":"auditLogger.info(...).catch is not a function","level":"warn","message":"Could not log startup audit","timestamp":"2026-02-13 19:48:03"}
{"level":"info","message":"🔧 Auto-initializing models in development mode...","timestamp":"2026-02-13 19:48:04"}
{"level":"info","message":"🚀 Initializing model loader...","timestamp":"2026-02-13 19:48:04"}
{"level":"info","message":"✅ Models loaded via index.js","timestamp":"2026-02-13 19:48:04"}
{"level":"info","message":"✅ Loaded critical model User on demand","timestamp":"2026-02-13 19:48:04"}
{"level":"info","message":"✅ Loaded critical model Customer on demand","timestamp":"2026-02-13 19:48:04"}
{"level":"info","message":"✅ Loaded critical model CustomerAccount on demand","timestamp":"2026-02-13 19:48:04"}
{"level":"info","message":"✅ Loaded critical model LoanAccount on demand","timestamp":"2026-02-13 19:48:04"}
{"level":"info","message":"✅ Loaded critical model LoanRepayment on demand","timestamp":"2026-02-13 19:48:04"}
{"level":"info","message":"✅ Loaded critical model Deposit on demand","timestamp":"2026-02-13 19:48:04"}
{"level":"info","message":"✅ Loaded critical model Transaction on demand","timestamp":"2026-02-13 19:48:04"}
{"level":"info","message":"✅ Loaded critical model GLAccount on demand","timestamp":"2026-02-13 19:48:04"}
{"level":"info","message":"✅ Loaded critical model AuditTrail on demand","timestamp":"2026-02-13 19:48:04"}
{"level":"info","message":"✅ Model loader initialized successfully","timestamp":"2026-02-13 19:48:04"}
{"level":"info","message":"📊 Loaded models: sequelize, Op, DataTypes, QueryTypes, User, Customer, CustomerAccount, LoanAccount, LoanRepayment, Deposit, Transaction, GLAccount, AuditTrail","timestamp":"2026-02-13 19:48:04"}
{"level":"info","message":"📊 Model Statistics:","timestamp":"2026-02-13 19:48:04"}
{"level":"info","message":"   Total models loaded: 13","timestamp":"2026-02-13 19:48:04"}
{"level":"info","message":"   CUSTOMER: 2 models","timestamp":"2026-02-13 19:48:04"}
{"level":"info","message":"   LOAN: 2 models","timestamp":"2026-02-13 19:48:04"}
{"level":"info","message":"   DEPOSIT: 1 models","timestamp":"2026-02-13 19:48:04"}
{"level":"info","message":"   TRANSACTION: 1 models","timestamp":"2026-02-13 19:48:04"}
{"level":"info","message":"   USER: 1 models","timestamp":"2026-02-13 19:48:04"}
{"level":"info","message":"   ACCOUNTING: 1 models","timestamp":"2026-02-13 19:48:04"}
{"level":"info","message":"   AUDIT: 1 models","timestamp":"2026-02-13 19:48:04"}
{"level":"info","logDir":"logs","message":"🚀 Winston logger initialized","nodeVersion":"v24.13.0","platform":"win32","timestamp":"2026-02-13 19:50:23"}
{"errors":["Role 28: Permission undefined not found in REPORT","Role 28: Permission undefined not found in REPORT","Role 38: Permission undefined not found in VAULT"],"level":"warn","message":"Permission validation errors","timestamp":"2026-02-13 19:50:30"}
{"errors":["Role 28: Permission undefined not found in REPORT","Role 28: Permission undefined not found in REPORT","Role 38: Permission undefined not found in VAULT"],"level":"warn","message":"Permission validation errors","timestamp":"2026-02-13 19:50:32"}
{"level":"info","message":"Server time initialized (WAT): 2026-02-14T04:50:37.219Z","timestamp":"2026-02-13 19:50:37"}
{"error":"auditLogger.info(...).catch is not a function","level":"warn","message":"Could not log startup audit","timestamp":"2026-02-13 19:50:37"}
{"level":"info","message":"🔧 Auto-initializing models in development mode...","timestamp":"2026-02-13 19:50:37"}
{"level":"info","message":"🚀 Initializing model loader...","timestamp":"2026-02-13 19:50:37"}
{"level":"info","message":"✅ Models loaded via index.js","timestamp":"2026-02-13 19:50:37"}
{"level":"info","message":"✅ Loaded critical model User on demand","timestamp":"2026-02-13 19:50:37"}
{"level":"info","message":"✅ Loaded critical model Customer on demand","timestamp":"2026-02-13 19:50:37"}
{"level":"info","message":"✅ Loaded critical model CustomerAccount on demand","timestamp":"2026-02-13 19:50:37"}
{"level":"info","message":"✅ Loaded critical model LoanAccount on demand","timestamp":"2026-02-13 19:50:37"}
{"level":"info","message":"✅ Loaded critical model LoanRepayment on demand","timestamp":"2026-02-13 19:50:37"}
{"level":"info","message":"✅ Loaded critical model Deposit on demand","timestamp":"2026-02-13 19:50:37"}
{"level":"info","message":"✅ Loaded critical model Transaction on demand","timestamp":"2026-02-13 19:50:37"}
{"level":"info","message":"✅ Loaded critical model GLAccount on demand","timestamp":"2026-02-13 19:50:37"}
{"level":"info","message":"✅ Loaded critical model AuditTrail on demand","timestamp":"2026-02-13 19:50:37"}
{"level":"info","message":"✅ Model loader initialized successfully","timestamp":"2026-02-13 19:50:37"}
{"level":"info","message":"📊 Loaded models: sequelize, Op, DataTypes, QueryTypes, User, Customer, CustomerAccount, LoanAccount, LoanRepayment, Deposit, Transaction, GLAccount, AuditTrail","timestamp":"2026-02-13 19:50:37"}
{"level":"info","message":"📊 Model Statistics:","timestamp":"2026-02-13 19:50:37"}
{"level":"info","message":"   Total models loaded: 13","timestamp":"2026-02-13 19:50:37"}
{"level":"info","message":"   CUSTOMER: 2 models","timestamp":"2026-02-13 19:50:37"}
{"level":"info","message":"   LOAN: 2 models","timestamp":"2026-02-13 19:50:37"}
{"level":"info","message":"   DEPOSIT: 1 models","timestamp":"2026-02-13 19:50:37"}
{"level":"info","message":"   TRANSACTION: 1 models","timestamp":"2026-02-13 19:50:38"}
{"level":"info","message":"   USER: 1 models","timestamp":"2026-02-13 19:50:38"}
{"level":"info","message":"   ACCOUNTING: 1 models","timestamp":"2026-02-13 19:50:38"}
{"level":"info","message":"   AUDIT: 1 models","timestamp":"2026-02-13 19:50:38"}
{"level":"info","logDir":"logs","message":"🚀 Winston logger initialized","nodeVersion":"v24.13.0","platform":"win32","timestamp":"2026-02-13 19:50:23"}
{"errors":["Role 28: Permission undefined not found in REPORT","Role 28: Permission undefined not found in REPORT","Role 38: Permission undefined not found in VAULT"],"level":"warn","message":"Permission validation errors","timestamp":"2026-02-13 19:50:30"}
{"errors":["Role 28: Permission undefined not found in REPORT","Role 28: Permission undefined not found in REPORT","Role 38: Permission undefined not found in VAULT"],"level":"warn","message":"Permission validation errors","timestamp":"2026-02-13 19:50:32"}
{"level":"info","message":"Server time initialized (WAT): 2026-02-14T04:50:37.171Z","timestamp":"2026-02-13 19:50:37"}
{"error":"auditLogger.info(...).catch is not a function","level":"warn","message":"Could not log startup audit","timestamp":"2026-02-13 19:50:37"}
{"level":"info","message":"🔧 Auto-initializing models in development mode...","timestamp":"2026-02-13 19:50:37"}
{"level":"info","message":"🚀 Initializing model loader...","timestamp":"2026-02-13 19:50:37"}
{"level":"info","message":"✅ Models loaded via index.js","timestamp":"2026-02-13 19:50:37"}
{"level":"info","message":"✅ Loaded critical model User on demand","timestamp":"2026-02-13 19:50:37"}
{"level":"info","message":"✅ Loaded critical model Customer on demand","timestamp":"2026-02-13 19:50:37"}
{"level":"info","message":"✅ Loaded critical model CustomerAccount on demand","timestamp":"2026-02-13 19:50:37"}
{"level":"info","message":"✅ Loaded critical model LoanAccount on demand","timestamp":"2026-02-13 19:50:37"}
{"level":"info","message":"✅ Loaded critical model LoanRepayment on demand","timestamp":"2026-02-13 19:50:37"}
{"level":"info","message":"✅ Loaded critical model Deposit on demand","timestamp":"2026-02-13 19:50:37"}
{"level":"info","message":"✅ Loaded critical model Transaction on demand","timestamp":"2026-02-13 19:50:37"}
{"level":"info","message":"✅ Loaded critical model GLAccount on demand","timestamp":"2026-02-13 19:50:37"}
{"level":"info","message":"✅ Loaded critical model AuditTrail on demand","timestamp":"2026-02-13 19:50:37"}
{"level":"info","message":"✅ Model loader initialized successfully","timestamp":"2026-02-13 19:50:38"}
{"level":"info","message":"📊 Loaded models: sequelize, Op, DataTypes, QueryTypes, User, Customer, CustomerAccount, LoanAccount, LoanRepayment, Deposit, Transaction, GLAccount, AuditTrail","timestamp":"2026-02-13 19:50:38"}
{"level":"info","message":"📊 Model Statistics:","timestamp":"2026-02-13 19:50:38"}
{"level":"info","message":"   Total models loaded: 13","timestamp":"2026-02-13 19:50:38"}
{"level":"info","message":"   CUSTOMER: 2 models","timestamp":"2026-02-13 19:50:38"}
{"level":"info","message":"   LOAN: 2 models","timestamp":"2026-02-13 19:50:38"}
{"level":"info","message":"   DEPOSIT: 1 models","timestamp":"2026-02-13 19:50:38"}
{"level":"info","message":"   TRANSACTION: 1 models","timestamp":"2026-02-13 19:50:38"}
{"level":"info","message":"   USER: 1 models","timestamp":"2026-02-13 19:50:38"}
{"level":"info","message":"   ACCOUNTING: 1 models","timestamp":"2026-02-13 19:50:38"}
{"level":"info","message":"   AUDIT: 1 models","timestamp":"2026-02-13 19:50:38"}
{"level":"info","logDir":"logs","message":"🚀 Winston logger initialized","nodeVersion":"v24.13.0","platform":"win32","timestamp":"2026-02-13 19:50:23"}
{"errors":["Role 28: Permission undefined not found in REPORT","Role 28: Permission undefined not found in REPORT","Role 38: Permission undefined not found in VAULT"],"level":"warn","message":"Permission validation errors","timestamp":"2026-02-13 19:50:30"}
{"errors":["Role 28: Permission undefined not found in REPORT","Role 28: Permission undefined not found in REPORT","Role 38: Permission undefined not found in VAULT"],"level":"warn","message":"Permission validation errors","timestamp":"2026-02-13 19:50:32"}
{"level":"info","message":"Server time initialized (WAT): 2026-02-14T04:50:37.223Z","timestamp":"2026-02-13 19:50:37"}
{"error":"auditLogger.info(...).catch is not a function","level":"warn","message":"Could not log startup audit","timestamp":"2026-02-13 19:50:37"}
{"level":"info","message":"🔧 Auto-initializing models in development mode...","timestamp":"2026-02-13 19:50:37"}
{"level":"info","message":"🚀 Initializing model loader...","timestamp":"2026-02-13 19:50:37"}
{"level":"info","message":"✅ Models loaded via index.js","timestamp":"2026-02-13 19:50:37"}
{"level":"info","message":"✅ Loaded critical model User on demand","timestamp":"2026-02-13 19:50:37"}
{"level":"info","message":"✅ Loaded critical model Customer on demand","timestamp":"2026-02-13 19:50:37"}
{"level":"info","message":"✅ Loaded critical model CustomerAccount on demand","timestamp":"2026-02-13 19:50:37"}
{"level":"info","message":"✅ Loaded critical model LoanAccount on demand","timestamp":"2026-02-13 19:50:37"}
{"level":"info","message":"✅ Loaded critical model LoanRepayment on demand","timestamp":"2026-02-13 19:50:37"}
{"level":"info","message":"✅ Loaded critical model Deposit on demand","timestamp":"2026-02-13 19:50:37"}
{"level":"info","message":"✅ Loaded critical model Transaction on demand","timestamp":"2026-02-13 19:50:37"}
{"level":"info","message":"✅ Loaded critical model GLAccount on demand","timestamp":"2026-02-13 19:50:37"}
{"level":"info","message":"✅ Loaded critical model AuditTrail on demand","timestamp":"2026-02-13 19:50:38"}
{"level":"info","message":"✅ Model loader initialized successfully","timestamp":"2026-02-13 19:50:38"}
{"level":"info","message":"📊 Loaded models: sequelize, Op, DataTypes, QueryTypes, User, Customer, CustomerAccount, LoanAccount, LoanRepayment, Deposit, Transaction, GLAccount, AuditTrail","timestamp":"2026-02-13 19:50:38"}
{"level":"info","message":"📊 Model Statistics:","timestamp":"2026-02-13 19:50:38"}
{"level":"info","message":"   Total models loaded: 13","timestamp":"2026-02-13 19:50:38"}
{"level":"info","message":"   CUSTOMER: 2 models","timestamp":"2026-02-13 19:50:38"}
{"level":"info","message":"   LOAN: 2 models","timestamp":"2026-02-13 19:50:38"}
{"level":"info","message":"   DEPOSIT: 1 models","timestamp":"2026-02-13 19:50:38"}
{"level":"info","message":"   TRANSACTION: 1 models","timestamp":"2026-02-13 19:50:38"}
{"level":"info","message":"   USER: 1 models","timestamp":"2026-02-13 19:50:38"}
{"level":"info","message":"   ACCOUNTING: 1 models","timestamp":"2026-02-13 19:50:38"}
{"level":"info","message":"   AUDIT: 1 models","timestamp":"2026-02-13 19:50:38"}
{"level":"info","logDir":"logs","message":"🚀 Winston logger initialized","nodeVersion":"v24.13.0","platform":"win32","timestamp":"2026-02-13 19:50:23"}
{"errors":["Role 28: Permission undefined not found in REPORT","Role 28: Permission undefined not found in REPORT","Role 38: Permission undefined not found in VAULT"],"level":"warn","message":"Permission validation errors","timestamp":"2026-02-13 19:50:30"}
{"errors":["Role 28: Permission undefined not found in REPORT","Role 28: Permission undefined not found in REPORT","Role 38: Permission undefined not found in VAULT"],"level":"warn","message":"Permission validation errors","timestamp":"2026-02-13 19:50:32"}
{"level":"info","message":"Server time initialized (WAT): 2026-02-14T04:50:37.185Z","timestamp":"2026-02-13 19:50:37"}
{"error":"auditLogger.info(...).catch is not a function","level":"warn","message":"Could not log startup audit","timestamp":"2026-02-13 19:50:37"}
{"level":"info","message":"🔧 Auto-initializing models in development mode...","timestamp":"2026-02-13 19:50:37"}
{"level":"info","message":"🚀 Initializing model loader...","timestamp":"2026-02-13 19:50:37"}
{"level":"info","message":"✅ Models loaded via index.js","timestamp":"2026-02-13 19:50:37"}
{"level":"info","message":"✅ Loaded critical model User on demand","timestamp":"2026-02-13 19:50:37"}
{"level":"info","message":"✅ Loaded critical model Customer on demand","timestamp":"2026-02-13 19:50:37"}
{"level":"info","message":"✅ Loaded critical model CustomerAccount on demand","timestamp":"2026-02-13 19:50:37"}
{"level":"info","message":"✅ Loaded critical model LoanAccount on demand","timestamp":"2026-02-13 19:50:37"}
{"level":"info","message":"✅ Loaded critical model LoanRepayment on demand","timestamp":"2026-02-13 19:50:37"}
{"level":"info","message":"✅ Loaded critical model Deposit on demand","timestamp":"2026-02-13 19:50:37"}
{"level":"info","message":"✅ Loaded critical model Transaction on demand","timestamp":"2026-02-13 19:50:38"}
{"level":"info","message":"✅ Loaded critical model GLAccount on demand","timestamp":"2026-02-13 19:50:38"}
{"level":"info","message":"✅ Loaded critical model AuditTrail on demand","timestamp":"2026-02-13 19:50:38"}
{"level":"info","message":"✅ Model loader initialized successfully","timestamp":"2026-02-13 19:50:38"}
{"level":"info","message":"📊 Loaded models: sequelize, Op, DataTypes, QueryTypes, User, Customer, CustomerAccount, LoanAccount, LoanRepayment, Deposit, Transaction, GLAccount, AuditTrail","timestamp":"2026-02-13 19:50:38"}
{"level":"info","message":"📊 Model Statistics:","timestamp":"2026-02-13 19:50:38"}
{"level":"info","message":"   Total models loaded: 13","timestamp":"2026-02-13 19:50:38"}
{"level":"info","message":"   CUSTOMER: 2 models","timestamp":"2026-02-13 19:50:38"}
{"level":"info","message":"   LOAN: 2 models","timestamp":"2026-02-13 19:50:38"}
{"level":"info","message":"   DEPOSIT: 1 models","timestamp":"2026-02-13 19:50:38"}
{"level":"info","message":"   TRANSACTION: 1 models","timestamp":"2026-02-13 19:50:38"}
{"level":"info","message":"   USER: 1 models","timestamp":"2026-02-13 19:50:38"}
{"level":"info","message":"   ACCOUNTING: 1 models","timestamp":"2026-02-13 19:50:38"}
{"level":"info","message":"   AUDIT: 1 models","timestamp":"2026-02-13 19:50:38"}
{"level":"info","logDir":"logs","message":"🚀 Winston logger initialized","nodeVersion":"v24.13.0","platform":"win32","timestamp":"2026-02-13 19:51:22"}
{"errors":["Role 28: Permission undefined not found in REPORT","Role 28: Permission undefined not found in REPORT","Role 38: Permission undefined not found in VAULT"],"level":"warn","message":"Permission validation errors","timestamp":"2026-02-13 19:51:28"}
{"errors":["Role 28: Permission undefined not found in REPORT","Role 28: Permission undefined not found in REPORT","Role 38: Permission undefined not found in VAULT"],"level":"warn","message":"Permission validation errors","timestamp":"2026-02-13 19:51:29"}
{"level":"info","message":"Server time initialized (WAT): 2026-02-14T04:51:33.269Z","timestamp":"2026-02-13 19:51:33"}
{"error":"auditLogger.info(...).catch is not a function","level":"warn","message":"Could not log startup audit","timestamp":"2026-02-13 19:51:33"}
{"level":"info","message":"🔧 Auto-initializing models in development mode...","timestamp":"2026-02-13 19:51:34"}
{"level":"info","message":"🚀 Initializing model loader...","timestamp":"2026-02-13 19:51:34"}
{"level":"info","message":"✅ Models loaded via index.js","timestamp":"2026-02-13 19:51:34"}
{"level":"info","message":"✅ Loaded critical model User on demand","timestamp":"2026-02-13 19:51:34"}
{"level":"info","message":"✅ Loaded critical model Customer on demand","timestamp":"2026-02-13 19:51:34"}
{"level":"info","message":"✅ Loaded critical model CustomerAccount on demand","timestamp":"2026-02-13 19:51:34"}
{"level":"info","message":"✅ Loaded critical model LoanAccount on demand","timestamp":"2026-02-13 19:51:34"}
{"level":"info","message":"✅ Loaded critical model LoanRepayment on demand","timestamp":"2026-02-13 19:51:34"}
{"level":"info","message":"✅ Loaded critical model Deposit on demand","timestamp":"2026-02-13 19:51:34"}
{"level":"info","message":"✅ Loaded critical model Transaction on demand","timestamp":"2026-02-13 19:51:34"}
{"level":"info","message":"✅ Loaded critical model GLAccount on demand","timestamp":"2026-02-13 19:51:34"}
{"level":"info","message":"✅ Loaded critical model AuditTrail on demand","timestamp":"2026-02-13 19:51:34"}
{"level":"info","message":"✅ Model loader initialized successfully","timestamp":"2026-02-13 19:51:34"}
{"level":"info","message":"📊 Loaded models: sequelize, Op, DataTypes, QueryTypes, User, Customer, CustomerAccount, LoanAccount, LoanRepayment, Deposit, Transaction, GLAccount, AuditTrail","timestamp":"2026-02-13 19:51:34"}
{"level":"info","message":"📊 Model Statistics:","timestamp":"2026-02-13 19:51:34"}
{"level":"info","message":"   Total models loaded: 13","timestamp":"2026-02-13 19:51:34"}
{"level":"info","message":"   CUSTOMER: 2 models","timestamp":"2026-02-13 19:51:34"}
{"level":"info","message":"   LOAN: 2 models","timestamp":"2026-02-13 19:51:34"}
{"level":"info","message":"   DEPOSIT: 1 models","timestamp":"2026-02-13 19:51:34"}
{"level":"info","message":"   TRANSACTION: 1 models","timestamp":"2026-02-13 19:51:34"}
{"level":"info","message":"   USER: 1 models","timestamp":"2026-02-13 19:51:34"}
{"level":"info","message":"   ACCOUNTING: 1 models","timestamp":"2026-02-13 19:51:34"}
{"level":"info","message":"   AUDIT: 1 models","timestamp":"2026-02-13 19:51:34"}
{"level":"info","logDir":"logs","message":"🚀 Winston logger initialized","nodeVersion":"v24.13.0","platform":"win32","timestamp":"2026-02-13 19:51:22"}
{"errors":["Role 28: Permission undefined not found in REPORT","Role 28: Permission undefined not found in REPORT","Role 38: Permission undefined not found in VAULT"],"level":"warn","message":"Permission validation errors","timestamp":"2026-02-13 19:51:28"}
{"errors":["Role 28: Permission undefined not found in REPORT","Role 28: Permission undefined not found in REPORT","Role 38: Permission undefined not found in VAULT"],"level":"warn","message":"Permission validation errors","timestamp":"2026-02-13 19:51:29"}
{"level":"info","message":"Server time initialized (WAT): 2026-02-14T04:51:33.242Z","timestamp":"2026-02-13 19:51:33"}
{"error":"auditLogger.info(...).catch is not a function","level":"warn","message":"Could not log startup audit","timestamp":"2026-02-13 19:51:33"}
{"level":"info","message":"🔧 Auto-initializing models in development mode...","timestamp":"2026-02-13 19:51:34"}
{"level":"info","message":"🚀 Initializing model loader...","timestamp":"2026-02-13 19:51:34"}
{"level":"info","message":"✅ Models loaded via index.js","timestamp":"2026-02-13 19:51:34"}
{"level":"info","message":"✅ Loaded critical model User on demand","timestamp":"2026-02-13 19:51:34"}
{"level":"info","message":"✅ Loaded critical model Customer on demand","timestamp":"2026-02-13 19:51:34"}
{"level":"info","message":"✅ Loaded critical model CustomerAccount on demand","timestamp":"2026-02-13 19:51:34"}
{"level":"info","message":"✅ Loaded critical model LoanAccount on demand","timestamp":"2026-02-13 19:51:34"}
{"level":"info","message":"✅ Loaded critical model LoanRepayment on demand","timestamp":"2026-02-13 19:51:34"}
{"level":"info","message":"✅ Loaded critical model Deposit on demand","timestamp":"2026-02-13 19:51:34"}
{"level":"info","message":"✅ Loaded critical model Transaction on demand","timestamp":"2026-02-13 19:51:34"}
{"level":"info","message":"✅ Loaded critical model GLAccount on demand","timestamp":"2026-02-13 19:51:34"}
{"level":"info","message":"✅ Loaded critical model AuditTrail on demand","timestamp":"2026-02-13 19:51:34"}
{"level":"info","message":"✅ Model loader initialized successfully","timestamp":"2026-02-13 19:51:34"}
{"level":"info","message":"📊 Loaded models: sequelize, Op, DataTypes, QueryTypes, User, Customer, CustomerAccount, LoanAccount, LoanRepayment, Deposit, Transaction, GLAccount, AuditTrail","timestamp":"2026-02-13 19:51:34"}
{"level":"info","message":"📊 Model Statistics:","timestamp":"2026-02-13 19:51:34"}
{"level":"info","message":"   Total models loaded: 13","timestamp":"2026-02-13 19:51:34"}
{"level":"info","message":"   CUSTOMER: 2 models","timestamp":"2026-02-13 19:51:34"}
{"level":"info","message":"   LOAN: 2 models","timestamp":"2026-02-13 19:51:34"}
{"level":"info","message":"   DEPOSIT: 1 models","timestamp":"2026-02-13 19:51:34"}
{"level":"info","message":"   TRANSACTION: 1 models","timestamp":"2026-02-13 19:51:34"}
{"level":"info","message":"   USER: 1 models","timestamp":"2026-02-13 19:51:34"}
{"level":"info","message":"   ACCOUNTING: 1 models","timestamp":"2026-02-13 19:51:34"}
{"level":"info","message":"   AUDIT: 1 models","timestamp":"2026-02-13 19:51:34"}
{"level":"info","logDir":"logs","message":"🚀 Winston logger initialized","nodeVersion":"v24.13.0","platform":"win32","timestamp":"2026-02-13 19:51:22"}
{"errors":["Role 28: Permission undefined not found in REPORT","Role 28: Permission undefined not found in REPORT","Role 38: Permission undefined not found in VAULT"],"level":"warn","message":"Permission validation errors","timestamp":"2026-02-13 19:51:28"}
{"errors":["Role 28: Permission undefined not found in REPORT","Role 28: Permission undefined not found in REPORT","Role 38: Permission undefined not found in VAULT"],"level":"warn","message":"Permission validation errors","timestamp":"2026-02-13 19:51:29"}
{"level":"info","message":"Server time initialized (WAT): 2026-02-14T04:51:33.211Z","timestamp":"2026-02-13 19:51:33"}
{"error":"auditLogger.info(...).catch is not a function","level":"warn","message":"Could not log startup audit","timestamp":"2026-02-13 19:51:33"}
{"level":"info","message":"🔧 Auto-initializing models in development mode...","timestamp":"2026-02-13 19:51:34"}
{"level":"info","message":"🚀 Initializing model loader...","timestamp":"2026-02-13 19:51:34"}
{"level":"info","message":"✅ Models loaded via index.js","timestamp":"2026-02-13 19:51:34"}
{"level":"info","message":"✅ Loaded critical model User on demand","timestamp":"2026-02-13 19:51:34"}
{"level":"info","message":"✅ Loaded critical model Customer on demand","timestamp":"2026-02-13 19:51:34"}
{"level":"info","message":"✅ Loaded critical model CustomerAccount on demand","timestamp":"2026-02-13 19:51:34"}
{"level":"info","message":"✅ Loaded critical model LoanAccount on demand","timestamp":"2026-02-13 19:51:34"}
{"level":"info","message":"✅ Loaded critical model LoanRepayment on demand","timestamp":"2026-02-13 19:51:34"}
{"level":"info","message":"✅ Loaded critical model Deposit on demand","timestamp":"2026-02-13 19:51:34"}
{"level":"info","message":"✅ Loaded critical model Transaction on demand","timestamp":"2026-02-13 19:51:34"}
{"level":"info","message":"✅ Loaded critical model GLAccount on demand","timestamp":"2026-02-13 19:51:34"}
{"level":"info","message":"✅ Loaded critical model AuditTrail on demand","timestamp":"2026-02-13 19:51:34"}
{"level":"info","message":"✅ Model loader initialized successfully","timestamp":"2026-02-13 19:51:34"}
{"level":"info","message":"📊 Loaded models: sequelize, Op, DataTypes, QueryTypes, User, Customer, CustomerAccount, LoanAccount, LoanRepayment, Deposit, Transaction, GLAccount, AuditTrail","timestamp":"2026-02-13 19:51:34"}
{"level":"info","message":"📊 Model Statistics:","timestamp":"2026-02-13 19:51:34"}
{"level":"info","message":"   Total models loaded: 13","timestamp":"2026-02-13 19:51:34"}
{"level":"info","message":"   CUSTOMER: 2 models","timestamp":"2026-02-13 19:51:34"}
{"level":"info","message":"   LOAN: 2 models","timestamp":"2026-02-13 19:51:34"}
{"level":"info","message":"   DEPOSIT: 1 models","timestamp":"2026-02-13 19:51:34"}
{"level":"info","message":"   TRANSACTION: 1 models","timestamp":"2026-02-13 19:51:34"}
{"level":"info","message":"   USER: 1 models","timestamp":"2026-02-13 19:51:34"}
{"level":"info","message":"   ACCOUNTING: 1 models","timestamp":"2026-02-13 19:51:34"}
{"level":"info","message":"   AUDIT: 1 models","timestamp":"2026-02-13 19:51:34"}
{"level":"info","logDir":"logs","message":"🚀 Winston logger initialized","nodeVersion":"v24.13.0","platform":"win32","timestamp":"2026-02-13 19:51:22"}
{"errors":["Role 28: Permission undefined not found in REPORT","Role 28: Permission undefined not found in REPORT","Role 38: Permission undefined not found in VAULT"],"level":"warn","message":"Permission validation errors","timestamp":"2026-02-13 19:51:28"}
{"errors":["Role 28: Permission undefined not found in REPORT","Role 28: Permission undefined not found in REPORT","Role 38: Permission undefined not found in VAULT"],"level":"warn","message":"Permission validation errors","timestamp":"2026-02-13 19:51:29"}
{"level":"info","message":"Server time initialized (WAT): 2026-02-14T04:51:33.195Z","timestamp":"2026-02-13 19:51:33"}
{"error":"auditLogger.info(...).catch is not a function","level":"warn","message":"Could not log startup audit","timestamp":"2026-02-13 19:51:33"}
{"level":"info","message":"🔧 Auto-initializing models in development mode...","timestamp":"2026-02-13 19:51:34"}
{"level":"info","message":"🚀 Initializing model loader...","timestamp":"2026-02-13 19:51:34"}
{"level":"info","message":"✅ Models loaded via index.js","timestamp":"2026-02-13 19:51:34"}
{"level":"info","message":"✅ Loaded critical model User on demand","timestamp":"2026-02-13 19:51:34"}
{"level":"info","message":"✅ Loaded critical model Customer on demand","timestamp":"2026-02-13 19:51:34"}
{"level":"info","message":"✅ Loaded critical model CustomerAccount on demand","timestamp":"2026-02-13 19:51:34"}
{"level":"info","message":"✅ Loaded critical model LoanAccount on demand","timestamp":"2026-02-13 19:51:34"}
{"level":"info","message":"✅ Loaded critical model LoanRepayment on demand","timestamp":"2026-02-13 19:51:34"}
{"level":"info","message":"✅ Loaded critical model Deposit on demand","timestamp":"2026-02-13 19:51:34"}
{"level":"info","message":"✅ Loaded critical model Transaction on demand","timestamp":"2026-02-13 19:51:34"}
{"level":"info","message":"✅ Loaded critical model GLAccount on demand","timestamp":"2026-02-13 19:51:34"}
{"level":"info","message":"✅ Loaded critical model AuditTrail on demand","timestamp":"2026-02-13 19:51:34"}
{"level":"info","message":"✅ Model loader initialized successfully","timestamp":"2026-02-13 19:51:34"}
{"level":"info","message":"📊 Loaded models: sequelize, Op, DataTypes, QueryTypes, User, Customer, CustomerAccount, LoanAccount, LoanRepayment, Deposit, Transaction, GLAccount, AuditTrail","timestamp":"2026-02-13 19:51:34"}
{"level":"info","message":"📊 Model Statistics:","timestamp":"2026-02-13 19:51:34"}
{"level":"info","message":"   Total models loaded: 13","timestamp":"2026-02-13 19:51:34"}
{"level":"info","message":"   CUSTOMER: 2 models","timestamp":"2026-02-13 19:51:34"}
{"level":"info","message":"   LOAN: 2 models","timestamp":"2026-02-13 19:51:34"}
{"level":"info","message":"   DEPOSIT: 1 models","timestamp":"2026-02-13 19:51:34"}
{"level":"info","message":"   TRANSACTION: 1 models","timestamp":"2026-02-13 19:51:34"}
{"level":"info","message":"   USER: 1 models","timestamp":"2026-02-13 19:51:34"}
{"level":"info","message":"   ACCOUNTING: 1 models","timestamp":"2026-02-13 19:51:34"}
{"level":"info","message":"   AUDIT: 1 models","timestamp":"2026-02-13 19:51:34"}
{"level":"info","logDir":"logs","message":"🚀 Winston logger initialized","nodeVersion":"v24.13.0","platform":"win32","timestamp":"2026-02-13 19:52:19"}
{"errors":["Role 28: Permission undefined not found in REPORT","Role 28: Permission undefined not found in REPORT","Role 38: Permission undefined not found in VAULT"],"level":"warn","message":"Permission validation errors","timestamp":"2026-02-13 19:52:22"}
{"errors":["Role 28: Permission undefined not found in REPORT","Role 28: Permission undefined not found in REPORT","Role 38: Permission undefined not found in VAULT"],"level":"warn","message":"Permission validation errors","timestamp":"2026-02-13 19:52:23"}
{"level":"info","message":"Server time initialized (WAT): 2026-02-14T04:52:27.771Z","timestamp":"2026-02-13 19:52:27"}
{"error":"auditLogger.info(...).catch is not a function","level":"warn","message":"Could not log startup audit","timestamp":"2026-02-13 19:52:27"}
{"level":"info","message":"🔧 Auto-initializing models in development mode...","timestamp":"2026-02-13 19:52:28"}
{"level":"info","message":"🚀 Initializing model loader...","timestamp":"2026-02-13 19:52:28"}
{"level":"info","message":"✅ Models loaded via index.js","timestamp":"2026-02-13 19:52:28"}
{"level":"info","message":"✅ Loaded critical model User on demand","timestamp":"2026-02-13 19:52:28"}
{"level":"info","message":"✅ Loaded critical model Customer on demand","timestamp":"2026-02-13 19:52:28"}
{"level":"info","message":"✅ Loaded critical model CustomerAccount on demand","timestamp":"2026-02-13 19:52:28"}
{"level":"info","message":"✅ Loaded critical model LoanAccount on demand","timestamp":"2026-02-13 19:52:28"}
{"level":"info","message":"✅ Loaded critical model LoanRepayment on demand","timestamp":"2026-02-13 19:52:28"}
{"level":"info","message":"✅ Loaded critical model Deposit on demand","timestamp":"2026-02-13 19:52:28"}
{"level":"info","message":"✅ Loaded critical model Transaction on demand","timestamp":"2026-02-13 19:52:28"}
{"level":"info","message":"✅ Loaded critical model GLAccount on demand","timestamp":"2026-02-13 19:52:28"}
{"level":"info","message":"✅ Loaded critical model AuditTrail on demand","timestamp":"2026-02-13 19:52:29"}
{"level":"info","message":"✅ Model loader initialized successfully","timestamp":"2026-02-13 19:52:29"}
{"level":"info","message":"📊 Loaded models: sequelize, Op, DataTypes, QueryTypes, User, Customer, CustomerAccount, LoanAccount, LoanRepayment, Deposit, Transaction, GLAccount, AuditTrail","timestamp":"2026-02-13 19:52:29"}
{"level":"info","message":"📊 Model Statistics:","timestamp":"2026-02-13 19:52:29"}
{"level":"info","message":"   Total models loaded: 13","timestamp":"2026-02-13 19:52:29"}
{"level":"info","message":"   CUSTOMER: 2 models","timestamp":"2026-02-13 19:52:29"}
{"level":"info","message":"   LOAN: 2 models","timestamp":"2026-02-13 19:52:29"}
{"level":"info","message":"   DEPOSIT: 1 models","timestamp":"2026-02-13 19:52:29"}
{"level":"info","message":"   TRANSACTION: 1 models","timestamp":"2026-02-13 19:52:29"}
{"level":"info","message":"   USER: 1 models","timestamp":"2026-02-13 19:52:29"}
{"level":"info","message":"   ACCOUNTING: 1 models","timestamp":"2026-02-13 19:52:29"}
{"level":"info","message":"   AUDIT: 1 models","timestamp":"2026-02-13 19:52:29"}
{"level":"info","logDir":"logs","message":"🚀 Winston logger initialized","nodeVersion":"v24.13.0","platform":"win32","timestamp":"2026-02-13 19:52:19"}
{"errors":["Role 28: Permission undefined not found in REPORT","Role 28: Permission undefined not found in REPORT","Role 38: Permission undefined not found in VAULT"],"level":"warn","message":"Permission validation errors","timestamp":"2026-02-13 19:52:22"}
{"errors":["Role 28: Permission undefined not found in REPORT","Role 28: Permission undefined not found in REPORT","Role 38: Permission undefined not found in VAULT"],"level":"warn","message":"Permission validation errors","timestamp":"2026-02-13 19:52:23"}
{"level":"info","message":"Server time initialized (WAT): 2026-02-14T04:52:27.839Z","timestamp":"2026-02-13 19:52:27"}
{"error":"auditLogger.info(...).catch is not a function","level":"warn","message":"Could not log startup audit","timestamp":"2026-02-13 19:52:27"}
{"level":"info","message":"🔧 Auto-initializing models in development mode...","timestamp":"2026-02-13 19:52:29"}
{"level":"info","message":"🚀 Initializing model loader...","timestamp":"2026-02-13 19:52:29"}
{"level":"info","message":"✅ Models loaded via index.js","timestamp":"2026-02-13 19:52:29"}
{"level":"info","message":"✅ Loaded critical model User on demand","timestamp":"2026-02-13 19:52:29"}
{"level":"info","message":"✅ Loaded critical model Customer on demand","timestamp":"2026-02-13 19:52:29"}
{"level":"info","message":"✅ Loaded critical model CustomerAccount on demand","timestamp":"2026-02-13 19:52:29"}
{"level":"info","message":"✅ Loaded critical model LoanAccount on demand","timestamp":"2026-02-13 19:52:29"}
{"level":"info","message":"✅ Loaded critical model LoanRepayment on demand","timestamp":"2026-02-13 19:52:29"}
{"level":"info","message":"✅ Loaded critical model Deposit on demand","timestamp":"2026-02-13 19:52:29"}
{"level":"info","message":"✅ Loaded critical model Transaction on demand","timestamp":"2026-02-13 19:52:29"}
{"level":"info","message":"✅ Loaded critical model GLAccount on demand","timestamp":"2026-02-13 19:52:29"}
{"level":"info","message":"✅ Loaded critical model AuditTrail on demand","timestamp":"2026-02-13 19:52:29"}
{"level":"info","message":"✅ Model loader initialized successfully","timestamp":"2026-02-13 19:52:29"}
{"level":"info","message":"📊 Loaded models: sequelize, Op, DataTypes, QueryTypes, User, Customer, CustomerAccount, LoanAccount, LoanRepayment, Deposit, Transaction, GLAccount, AuditTrail","timestamp":"2026-02-13 19:52:29"}
{"level":"info","message":"📊 Model Statistics:","timestamp":"2026-02-13 19:52:29"}
{"level":"info","message":"   Total models loaded: 13","timestamp":"2026-02-13 19:52:29"}
{"level":"info","message":"   CUSTOMER: 2 models","timestamp":"2026-02-13 19:52:29"}
{"level":"info","message":"   LOAN: 2 models","timestamp":"2026-02-13 19:52:29"}
{"level":"info","message":"   DEPOSIT: 1 models","timestamp":"2026-02-13 19:52:29"}
{"level":"info","message":"   TRANSACTION: 1 models","timestamp":"2026-02-13 19:52:29"}
{"level":"info","message":"   USER: 1 models","timestamp":"2026-02-13 19:52:29"}
{"level":"info","message":"   ACCOUNTING: 1 models","timestamp":"2026-02-13 19:52:29"}
{"level":"info","message":"   AUDIT: 1 models","timestamp":"2026-02-13 19:52:29"}
{"level":"info","logDir":"logs","message":"🚀 Winston logger initialized","nodeVersion":"v24.13.0","platform":"win32","timestamp":"2026-02-13 19:52:19"}
{"errors":["Role 28: Permission undefined not found in REPORT","Role 28: Permission undefined not found in REPORT","Role 38: Permission undefined not found in VAULT"],"level":"warn","message":"Permission validation errors","timestamp":"2026-02-13 19:52:23"}
{"errors":["Role 28: Permission undefined not found in REPORT","Role 28: Permission undefined not found in REPORT","Role 38: Permission undefined not found in VAULT"],"level":"warn","message":"Permission validation errors","timestamp":"2026-02-13 19:52:24"}
{"level":"info","message":"Server time initialized (WAT): 2026-02-14T04:52:28.492Z","timestamp":"2026-02-13 19:52:28"}
{"error":"auditLogger.info(...).catch is not a function","level":"warn","message":"Could not log startup audit","timestamp":"2026-02-13 19:52:28"}
{"level":"info","message":"🔧 Auto-initializing models in development mode...","timestamp":"2026-02-13 19:52:29"}
{"level":"info","message":"🚀 Initializing model loader...","timestamp":"2026-02-13 19:52:29"}
{"level":"info","message":"✅ Models loaded via index.js","timestamp":"2026-02-13 19:52:29"}
{"level":"info","message":"✅ Loaded critical model User on demand","timestamp":"2026-02-13 19:52:29"}
{"level":"info","message":"✅ Loaded critical model Customer on demand","timestamp":"2026-02-13 19:52:29"}
{"level":"info","message":"✅ Loaded critical model CustomerAccount on demand","timestamp":"2026-02-13 19:52:29"}
{"level":"info","message":"✅ Loaded critical model LoanAccount on demand","timestamp":"2026-02-13 19:52:29"}
{"level":"info","message":"✅ Loaded critical model LoanRepayment on demand","timestamp":"2026-02-13 19:52:29"}
{"level":"info","message":"✅ Loaded critical model Deposit on demand","timestamp":"2026-02-13 19:52:29"}
{"level":"info","message":"✅ Loaded critical model Transaction on demand","timestamp":"2026-02-13 19:52:29"}
{"level":"info","message":"✅ Loaded critical model GLAccount on demand","timestamp":"2026-02-13 19:52:29"}
{"level":"info","message":"✅ Loaded critical model AuditTrail on demand","timestamp":"2026-02-13 19:52:29"}
{"level":"info","message":"✅ Model loader initialized successfully","timestamp":"2026-02-13 19:52:29"}
{"level":"info","message":"📊 Loaded models: sequelize, Op, DataTypes, QueryTypes, User, Customer, CustomerAccount, LoanAccount, LoanRepayment, Deposit, Transaction, GLAccount, AuditTrail","timestamp":"2026-02-13 19:52:29"}
{"level":"info","message":"📊 Model Statistics:","timestamp":"2026-02-13 19:52:29"}
{"level":"info","message":"   Total models loaded: 13","timestamp":"2026-02-13 19:52:29"}
{"level":"info","message":"   CUSTOMER: 2 models","timestamp":"2026-02-13 19:52:29"}
{"level":"info","message":"   LOAN: 2 models","timestamp":"2026-02-13 19:52:29"}
{"level":"info","message":"   DEPOSIT: 1 models","timestamp":"2026-02-13 19:52:29"}
{"level":"info","message":"   TRANSACTION: 1 models","timestamp":"2026-02-13 19:52:29"}
{"level":"info","message":"   USER: 1 models","timestamp":"2026-02-13 19:52:29"}
{"level":"info","message":"   ACCOUNTING: 1 models","timestamp":"2026-02-13 19:52:29"}
{"level":"info","message":"   AUDIT: 1 models","timestamp":"2026-02-13 19:52:29"}
{"level":"info","logDir":"logs","message":"🚀 Winston logger initialized","nodeVersion":"v24.13.0","platform":"win32","timestamp":"2026-02-13 19:52:19"}
{"errors":["Role 28: Permission undefined not found in REPORT","Role 28: Permission undefined not found in REPORT","Role 38: Permission undefined not found in VAULT"],"level":"warn","message":"Permission validation errors","timestamp":"2026-02-13 19:52:23"}
{"errors":["Role 28: Permission undefined not found in REPORT","Role 28: Permission undefined not found in REPORT","Role 38: Permission undefined not found in VAULT"],"level":"warn","message":"Permission validation errors","timestamp":"2026-02-13 19:52:24"}
{"level":"info","message":"Server time initialized (WAT): 2026-02-14T04:52:28.582Z","timestamp":"2026-02-13 19:52:28"}
{"error":"auditLogger.info(...).catch is not a function","level":"warn","message":"Could not log startup audit","timestamp":"2026-02-13 19:52:28"}
{"level":"info","message":"🔧 Auto-initializing models in development mode...","timestamp":"2026-02-13 19:52:29"}
{"level":"info","message":"🚀 Initializing model loader...","timestamp":"2026-02-13 19:52:29"}
{"level":"info","message":"✅ Models loaded via index.js","timestamp":"2026-02-13 19:52:29"}
{"level":"info","message":"✅ Loaded critical model User on demand","timestamp":"2026-02-13 19:52:29"}
{"level":"info","message":"✅ Loaded critical model Customer on demand","timestamp":"2026-02-13 19:52:29"}
{"level":"info","message":"✅ Loaded critical model CustomerAccount on demand","timestamp":"2026-02-13 19:52:29"}
{"level":"info","message":"✅ Loaded critical model LoanAccount on demand","timestamp":"2026-02-13 19:52:29"}
{"level":"info","message":"✅ Loaded critical model LoanRepayment on demand","timestamp":"2026-02-13 19:52:29"}
{"level":"info","message":"✅ Loaded critical model Deposit on demand","timestamp":"2026-02-13 19:52:29"}
{"level":"info","message":"✅ Loaded critical model Transaction on demand","timestamp":"2026-02-13 19:52:29"}
{"level":"info","message":"✅ Loaded critical model GLAccount on demand","timestamp":"2026-02-13 19:52:29"}
{"level":"info","message":"✅ Loaded critical model AuditTrail on demand","timestamp":"2026-02-13 19:52:29"}
{"level":"info","message":"✅ Model loader initialized successfully","timestamp":"2026-02-13 19:52:29"}
{"level":"info","message":"📊 Loaded models: sequelize, Op, DataTypes, QueryTypes, User, Customer, CustomerAccount, LoanAccount, LoanRepayment, Deposit, Transaction, GLAccount, AuditTrail","timestamp":"2026-02-13 19:52:30"}
{"level":"info","message":"📊 Model Statistics:","timestamp":"2026-02-13 19:52:30"}
{"level":"info","message":"   Total models loaded: 13","timestamp":"2026-02-13 19:52:30"}
{"level":"info","message":"   CUSTOMER: 2 models","timestamp":"2026-02-13 19:52:30"}
{"level":"info","message":"   LOAN: 2 models","timestamp":"2026-02-13 19:52:30"}
{"level":"info","message":"   DEPOSIT: 1 models","timestamp":"2026-02-13 19:52:30"}
{"level":"info","message":"   TRANSACTION: 1 models","timestamp":"2026-02-13 19:52:30"}
{"level":"info","message":"   USER: 1 models","timestamp":"2026-02-13 19:52:30"}
{"level":"info","message":"   ACCOUNTING: 1 models","timestamp":"2026-02-13 19:52:30"}
{"level":"info","message":"   AUDIT: 1 models","timestamp":"2026-02-13 19:52:30"}
{"level":"info","logDir":"logs","message":"🚀 Winston logger initialized","nodeVersion":"v24.13.0","platform":"win32","timestamp":"2026-02-13 19:54:32"}
{"errors":["Role 28: Permission undefined not found in REPORT","Role 28: Permission undefined not found in REPORT","Role 38: Permission undefined not found in VAULT"],"level":"warn","message":"Permission validation errors","timestamp":"2026-02-13 19:54:42"}
{"errors":["Role 28: Permission undefined not found in REPORT","Role 28: Permission undefined not found in REPORT","Role 38: Permission undefined not found in VAULT"],"level":"warn","message":"Permission validation errors","timestamp":"2026-02-13 19:54:44"}
{"level":"info","message":"Server time initialized (WAT): 2026-02-14T04:54:49.983Z","timestamp":"2026-02-13 19:54:49"}
{"error":"auditLogger.info(...).catch is not a function","level":"warn","message":"Could not log startup audit","timestamp":"2026-02-13 19:54:50"}
{"level":"info","message":"🔧 Auto-initializing models in development mode...","timestamp":"2026-02-13 19:54:50"}
{"level":"info","message":"🚀 Initializing model loader...","timestamp":"2026-02-13 19:54:50"}
{"level":"info","message":"✅ Models loaded via index.js","timestamp":"2026-02-13 19:54:50"}
{"level":"info","message":"✅ Loaded critical model User on demand","timestamp":"2026-02-13 19:54:50"}
{"level":"info","message":"✅ Loaded critical model Customer on demand","timestamp":"2026-02-13 19:54:50"}
{"level":"info","message":"✅ Loaded critical model CustomerAccount on demand","timestamp":"2026-02-13 19:54:50"}
{"level":"info","message":"✅ Loaded critical model LoanAccount on demand","timestamp":"2026-02-13 19:54:50"}
{"level":"info","message":"✅ Loaded critical model LoanRepayment on demand","timestamp":"2026-02-13 19:54:50"}
{"level":"info","message":"✅ Loaded critical model Deposit on demand","timestamp":"2026-02-13 19:54:50"}
{"level":"info","message":"✅ Loaded critical model Transaction on demand","timestamp":"2026-02-13 19:54:50"}
{"level":"info","message":"✅ Loaded critical model GLAccount on demand","timestamp":"2026-02-13 19:54:50"}
{"level":"info","message":"✅ Loaded critical model AuditTrail on demand","timestamp":"2026-02-13 19:54:50"}
{"level":"info","message":"✅ Model loader initialized successfully","timestamp":"2026-02-13 19:54:50"}
{"level":"info","message":"📊 Loaded models: sequelize, Op, DataTypes, QueryTypes, User, Customer, CustomerAccount, LoanAccount, LoanRepayment, Deposit, Transaction, GLAccount, AuditTrail","timestamp":"2026-02-13 19:54:50"}
{"level":"info","message":"📊 Model Statistics:","timestamp":"2026-02-13 19:54:51"}
{"level":"info","message":"   Total models loaded: 13","timestamp":"2026-02-13 19:54:51"}
{"level":"info","message":"   CUSTOMER: 2 models","timestamp":"2026-02-13 19:54:51"}
{"level":"info","message":"   LOAN: 2 models","timestamp":"2026-02-13 19:54:51"}
{"level":"info","message":"   DEPOSIT: 1 models","timestamp":"2026-02-13 19:54:51"}
{"level":"info","message":"   TRANSACTION: 1 models","timestamp":"2026-02-13 19:54:51"}
{"level":"info","message":"   USER: 1 models","timestamp":"2026-02-13 19:54:51"}
{"level":"info","message":"   ACCOUNTING: 1 models","timestamp":"2026-02-13 19:54:51"}
{"level":"info","message":"   AUDIT: 1 models","timestamp":"2026-02-13 19:54:51"}
{"level":"info","logDir":"logs","message":"🚀 Winston logger initialized","nodeVersion":"v24.13.0","platform":"win32","timestamp":"2026-02-13 19:54:32"}
{"errors":["Role 28: Permission undefined not found in REPORT","Role 28: Permission undefined not found in REPORT","Role 38: Permission undefined not found in VAULT"],"level":"warn","message":"Permission validation errors","timestamp":"2026-02-13 19:54:42"}
{"errors":["Role 28: Permission undefined not found in REPORT","Role 28: Permission undefined not found in REPORT","Role 38: Permission undefined not found in VAULT"],"level":"warn","message":"Permission validation errors","timestamp":"2026-02-13 19:54:44"}
{"level":"info","message":"Server time initialized (WAT): 2026-02-14T04:54:50.003Z","timestamp":"2026-02-13 19:54:50"}
{"error":"auditLogger.info(...).catch is not a function","level":"warn","message":"Could not log startup audit","timestamp":"2026-02-13 19:54:50"}
{"level":"info","message":"🔧 Auto-initializing models in development mode...","timestamp":"2026-02-13 19:54:50"}
{"level":"info","message":"🚀 Initializing model loader...","timestamp":"2026-02-13 19:54:50"}
{"level":"info","message":"✅ Models loaded via index.js","timestamp":"2026-02-13 19:54:50"}
{"level":"info","message":"✅ Loaded critical model User on demand","timestamp":"2026-02-13 19:54:50"}
{"level":"info","message":"✅ Loaded critical model Customer on demand","timestamp":"2026-02-13 19:54:50"}
{"level":"info","message":"✅ Loaded critical model CustomerAccount on demand","timestamp":"2026-02-13 19:54:50"}
{"level":"info","message":"✅ Loaded critical model LoanAccount on demand","timestamp":"2026-02-13 19:54:50"}
{"level":"info","message":"✅ Loaded critical model LoanRepayment on demand","timestamp":"2026-02-13 19:54:50"}
{"level":"info","message":"✅ Loaded critical model Deposit on demand","timestamp":"2026-02-13 19:54:50"}
{"level":"info","message":"✅ Loaded critical model Transaction on demand","timestamp":"2026-02-13 19:54:50"}
{"level":"info","message":"✅ Loaded critical model GLAccount on demand","timestamp":"2026-02-13 19:54:50"}
{"level":"info","message":"✅ Loaded critical model AuditTrail on demand","timestamp":"2026-02-13 19:54:51"}
{"level":"info","message":"✅ Model loader initialized successfully","timestamp":"2026-02-13 19:54:51"}
{"level":"info","message":"📊 Loaded models: sequelize, Op, DataTypes, QueryTypes, User, Customer, CustomerAccount, LoanAccount, LoanRepayment, Deposit, Transaction, GLAccount, AuditTrail","timestamp":"2026-02-13 19:54:51"}
{"level":"info","message":"📊 Model Statistics:","timestamp":"2026-02-13 19:54:51"}
{"level":"info","logDir":"logs","message":"🚀 Winston logger initialized","nodeVersion":"v24.13.0","platform":"win32","timestamp":"2026-02-13 19:54:32"}
{"level":"info","logDir":"logs","message":"🚀 Winston logger initialized","nodeVersion":"v24.13.0","platform":"win32","timestamp":"2026-02-13 19:54:32"}
{"errors":["Role 28: Permission undefined not found in REPORT","Role 28: Permission undefined not found in REPORT","Role 38: Permission undefined not found in VAULT"],"level":"warn","message":"Permission validation errors","timestamp":"2026-02-13 19:54:42"}
{"errors":["Role 28: Permission undefined not found in REPORT","Role 28: Permission undefined not found in REPORT","Role 38: Permission undefined not found in VAULT"],"level":"warn","message":"Permission validation errors","timestamp":"2026-02-13 19:54:44"}
{"level":"info","message":"Server time initialized (WAT): 2026-02-14T04:54:49.994Z","timestamp":"2026-02-13 19:54:49"}
{"error":"auditLogger.info(...).catch is not a function","level":"warn","message":"Could not log startup audit","timestamp":"2026-02-13 19:54:50"}
{"level":"info","message":"🔧 Auto-initializing models in development mode...","timestamp":"2026-02-13 19:54:50"}
{"level":"info","message":"🚀 Initializing model loader...","timestamp":"2026-02-13 19:54:50"}
{"level":"info","message":"   Total models loaded: 13","timestamp":"2026-02-13 19:54:51"}
{"level":"info","message":"   CUSTOMER: 2 models","timestamp":"2026-02-13 19:54:51"}
{"level":"info","message":"   LOAN: 2 models","timestamp":"2026-02-13 19:54:51"}
{"level":"info","message":"   DEPOSIT: 1 models","timestamp":"2026-02-13 19:54:51"}
{"level":"info","message":"   TRANSACTION: 1 models","timestamp":"2026-02-13 19:54:51"}
{"level":"info","message":"   USER: 1 models","timestamp":"2026-02-13 19:54:51"}
{"level":"info","message":"   ACCOUNTING: 1 models","timestamp":"2026-02-13 19:54:51"}
{"level":"info","message":"   AUDIT: 1 models","timestamp":"2026-02-13 19:54:51"}
{"errors":["Role 28: Permission undefined not found in REPORT","Role 28: Permission undefined not found in REPORT","Role 38: Permission undefined not found in VAULT"],"level":"warn","message":"Permission validation errors","timestamp":"2026-02-13 19:54:42"}
{"errors":["Role 28: Permission undefined not found in REPORT","Role 28: Permission undefined not found in REPORT","Role 38: Permission undefined not found in VAULT"],"level":"warn","message":"Permission validation errors","timestamp":"2026-02-13 19:54:44"}
{"level":"info","message":"Server time initialized (WAT): 2026-02-14T04:54:49.949Z","timestamp":"2026-02-13 19:54:49"}
{"error":"auditLogger.info(...).catch is not a function","level":"warn","message":"Could not log startup audit","timestamp":"2026-02-13 19:54:49"}
{"level":"info","message":"🔧 Auto-initializing models in development mode...","timestamp":"2026-02-13 19:54:50"}
{"level":"info","message":"🚀 Initializing model loader...","timestamp":"2026-02-13 19:54:50"}
{"level":"info","message":"✅ Models loaded via index.js","timestamp":"2026-02-13 19:54:50"}
{"level":"info","message":"✅ Loaded critical model User on demand","timestamp":"2026-02-13 19:54:50"}
{"level":"info","message":"✅ Loaded critical model Customer on demand","timestamp":"2026-02-13 19:54:50"}
{"level":"info","message":"✅ Loaded critical model CustomerAccount on demand","timestamp":"2026-02-13 19:54:50"}
{"level":"info","message":"✅ Loaded critical model LoanAccount on demand","timestamp":"2026-02-13 19:54:50"}
{"level":"info","message":"✅ Loaded critical model LoanRepayment on demand","timestamp":"2026-02-13 19:54:50"}
{"level":"info","message":"✅ Loaded critical model Deposit on demand","timestamp":"2026-02-13 19:54:50"}
{"level":"info","message":"✅ Loaded critical model Transaction on demand","timestamp":"2026-02-13 19:54:50"}
{"level":"info","message":"✅ Loaded critical model GLAccount on demand","timestamp":"2026-02-13 19:54:50"}
{"level":"info","message":"✅ Loaded critical model AuditTrail on demand","timestamp":"2026-02-13 19:54:51"}
{"level":"info","message":"✅ Model loader initialized successfully","timestamp":"2026-02-13 19:54:51"}
{"level":"info","message":"📊 Loaded models: sequelize, Op, DataTypes, QueryTypes, User, Customer, CustomerAccount, LoanAccount, LoanRepayment, Deposit, Transaction, GLAccount, AuditTrail","timestamp":"2026-02-13 19:54:51"}
{"level":"info","message":"📊 Model Statistics:","timestamp":"2026-02-13 19:54:51"}
{"level":"info","message":"   Total models loaded: 13","timestamp":"2026-02-13 19:54:51"}
{"level":"info","message":"   CUSTOMER: 2 models","timestamp":"2026-02-13 19:54:51"}
{"level":"info","message":"   LOAN: 2 models","timestamp":"2026-02-13 19:54:51"}
{"level":"info","message":"   DEPOSIT: 1 models","timestamp":"2026-02-13 19:54:51"}
{"level":"info","message":"   TRANSACTION: 1 models","timestamp":"2026-02-13 19:54:51"}
{"level":"info","message":"   USER: 1 models","timestamp":"2026-02-13 19:54:51"}
{"level":"info","message":"   ACCOUNTING: 1 models","timestamp":"2026-02-13 19:54:51"}
{"level":"info","message":"   AUDIT: 1 models","timestamp":"2026-02-13 19:54:51"}
{"level":"info","message":"✅ Models loaded via index.js","timestamp":"2026-02-13 19:54:50"}
{"level":"info","message":"✅ Loaded critical model User on demand","timestamp":"2026-02-13 19:54:50"}
{"level":"info","message":"✅ Loaded critical model Customer on demand","timestamp":"2026-02-13 19:54:50"}
{"level":"info","message":"✅ Loaded critical model CustomerAccount on demand","timestamp":"2026-02-13 19:54:50"}
{"level":"info","message":"✅ Loaded critical model LoanAccount on demand","timestamp":"2026-02-13 19:54:50"}
{"level":"info","message":"✅ Loaded critical model LoanRepayment on demand","timestamp":"2026-02-13 19:54:50"}
{"level":"info","message":"✅ Loaded critical model Deposit on demand","timestamp":"2026-02-13 19:54:50"}
{"level":"info","message":"✅ Loaded critical model Transaction on demand","timestamp":"2026-02-13 19:54:50"}
{"level":"info","message":"✅ Loaded critical model GLAccount on demand","timestamp":"2026-02-13 19:54:50"}
{"level":"info","message":"✅ Loaded critical model AuditTrail on demand","timestamp":"2026-02-13 19:54:51"}
{"level":"info","message":"✅ Model loader initialized successfully","timestamp":"2026-02-13 19:54:51"}
{"level":"info","message":"📊 Loaded models: sequelize, Op, DataTypes, QueryTypes, User, Customer, CustomerAccount, LoanAccount, LoanRepayment, Deposit, Transaction, GLAccount, AuditTrail","timestamp":"2026-02-13 19:54:51"}
{"level":"info","message":"📊 Model Statistics:","timestamp":"2026-02-13 19:54:51"}
{"level":"info","message":"   Total models loaded: 13","timestamp":"2026-02-13 19:54:51"}
{"level":"info","message":"   CUSTOMER: 2 models","timestamp":"2026-02-13 19:54:51"}
{"level":"info","message":"   LOAN: 2 models","timestamp":"2026-02-13 19:54:51"}
{"level":"info","message":"   DEPOSIT: 1 models","timestamp":"2026-02-13 19:54:51"}
{"level":"info","message":"   TRANSACTION: 1 models","timestamp":"2026-02-13 19:54:51"}
{"level":"info","message":"   USER: 1 models","timestamp":"2026-02-13 19:54:51"}
{"level":"info","message":"   ACCOUNTING: 1 models","timestamp":"2026-02-13 19:54:51"}
{"level":"info","message":"   AUDIT: 1 models","timestamp":"2026-02-13 19:54:51"}
{"level":"info","logDir":"logs","message":"🚀 Winston logger initialized","nodeVersion":"v24.13.0","platform":"win32","timestamp":"2026-02-13 19:55:42"}
{"errors":["Role 28: Permission undefined not found in REPORT","Role 28: Permission undefined not found in REPORT","Role 38: Permission undefined not found in VAULT"],"level":"warn","message":"Permission validation errors","timestamp":"2026-02-13 19:55:48"}
{"errors":["Role 28: Permission undefined not found in REPORT","Role 28: Permission undefined not found in REPORT","Role 38: Permission undefined not found in VAULT"],"level":"warn","message":"Permission validation errors","timestamp":"2026-02-13 19:55:50"}
{"level":"info","message":"Server time initialized (WAT): 2026-02-14T04:55:54.974Z","timestamp":"2026-02-13 19:55:54"}
{"error":"auditLogger.info(...).catch is not a function","level":"warn","message":"Could not log startup audit","timestamp":"2026-02-13 19:55:54"}
{"level":"info","message":"🔧 Auto-initializing models in development mode...","timestamp":"2026-02-13 19:55:55"}
{"level":"info","message":"🚀 Initializing model loader...","timestamp":"2026-02-13 19:55:55"}
{"level":"info","message":"✅ Models loaded via index.js","timestamp":"2026-02-13 19:55:55"}
{"level":"info","message":"✅ Loaded critical model User on demand","timestamp":"2026-02-13 19:55:55"}
{"level":"info","message":"✅ Loaded critical model Customer on demand","timestamp":"2026-02-13 19:55:55"}
{"level":"info","message":"✅ Loaded critical model CustomerAccount on demand","timestamp":"2026-02-13 19:55:55"}
{"level":"info","message":"✅ Loaded critical model LoanAccount on demand","timestamp":"2026-02-13 19:55:55"}
{"level":"info","message":"✅ Loaded critical model LoanRepayment on demand","timestamp":"2026-02-13 19:55:55"}
{"level":"info","message":"✅ Loaded critical model Deposit on demand","timestamp":"2026-02-13 19:55:55"}
{"level":"info","message":"✅ Loaded critical model Transaction on demand","timestamp":"2026-02-13 19:55:55"}
{"level":"info","message":"✅ Loaded critical model GLAccount on demand","timestamp":"2026-02-13 19:55:55"}
{"level":"info","message":"✅ Loaded critical model AuditTrail on demand","timestamp":"2026-02-13 19:55:55"}
{"level":"info","message":"✅ Model loader initialized successfully","timestamp":"2026-02-13 19:55:55"}
{"level":"info","message":"📊 Loaded models: sequelize, Op, DataTypes, QueryTypes, User, Customer, CustomerAccount, LoanAccount, LoanRepayment, Deposit, Transaction, GLAccount, AuditTrail","timestamp":"2026-02-13 19:55:55"}
{"level":"info","message":"📊 Model Statistics:","timestamp":"2026-02-13 19:55:56"}
{"level":"info","message":"   Total models loaded: 13","timestamp":"2026-02-13 19:55:56"}
{"level":"info","message":"   CUSTOMER: 2 models","timestamp":"2026-02-13 19:55:56"}
{"level":"info","message":"   LOAN: 2 models","timestamp":"2026-02-13 19:55:56"}
{"level":"info","message":"   DEPOSIT: 1 models","timestamp":"2026-02-13 19:55:56"}
{"level":"info","message":"   TRANSACTION: 1 models","timestamp":"2026-02-13 19:55:56"}
{"level":"info","message":"   USER: 1 models","timestamp":"2026-02-13 19:55:56"}
{"level":"info","message":"   ACCOUNTING: 1 models","timestamp":"2026-02-13 19:55:56"}
{"level":"info","message":"   AUDIT: 1 models","timestamp":"2026-02-13 19:55:56"}
{"level":"info","logDir":"logs","message":"🚀 Winston logger initialized","nodeVersion":"v24.13.0","platform":"win32","timestamp":"2026-02-13 19:55:42"}
{"errors":["Role 28: Permission undefined not found in REPORT","Role 28: Permission undefined not found in REPORT","Role 38: Permission undefined not found in VAULT"],"level":"warn","message":"Permission validation errors","timestamp":"2026-02-13 19:55:48"}
{"errors":["Role 28: Permission undefined not found in REPORT","Role 28: Permission undefined not found in REPORT","Role 38: Permission undefined not found in VAULT"],"level":"warn","message":"Permission validation errors","timestamp":"2026-02-13 19:55:50"}
{"level":"info","message":"Server time initialized (WAT): 2026-02-14T04:55:54.954Z","timestamp":"2026-02-13 19:55:54"}
{"error":"auditLogger.info(...).catch is not a function","level":"warn","message":"Could not log startup audit","timestamp":"2026-02-13 19:55:54"}
{"level":"info","message":"🔧 Auto-initializing models in development mode...","timestamp":"2026-02-13 19:55:55"}
{"level":"info","message":"🚀 Initializing model loader...","timestamp":"2026-02-13 19:55:55"}
{"level":"info","message":"✅ Models loaded via index.js","timestamp":"2026-02-13 19:55:55"}
{"level":"info","message":"✅ Loaded critical model User on demand","timestamp":"2026-02-13 19:55:55"}
{"level":"info","message":"✅ Loaded critical model Customer on demand","timestamp":"2026-02-13 19:55:55"}
{"level":"info","message":"✅ Loaded critical model CustomerAccount on demand","timestamp":"2026-02-13 19:55:55"}
{"level":"info","message":"✅ Loaded critical model LoanAccount on demand","timestamp":"2026-02-13 19:55:55"}
{"level":"info","message":"✅ Loaded critical model LoanRepayment on demand","timestamp":"2026-02-13 19:55:55"}
{"level":"info","message":"✅ Loaded critical model Deposit on demand","timestamp":"2026-02-13 19:55:55"}
{"level":"info","message":"✅ Loaded critical model Transaction on demand","timestamp":"2026-02-13 19:55:55"}
{"level":"info","message":"✅ Loaded critical model GLAccount on demand","timestamp":"2026-02-13 19:55:55"}
{"level":"info","message":"✅ Loaded critical model AuditTrail on demand","timestamp":"2026-02-13 19:55:55"}
{"level":"info","message":"✅ Model loader initialized successfully","timestamp":"2026-02-13 19:55:55"}
{"level":"info","message":"📊 Loaded models: sequelize, Op, DataTypes, QueryTypes, User, Customer, CustomerAccount, LoanAccount, LoanRepayment, Deposit, Transaction, GLAccount, AuditTrail","timestamp":"2026-02-13 19:55:55"}
{"level":"info","message":"📊 Model Statistics:","timestamp":"2026-02-13 19:55:56"}
{"level":"info","message":"   Total models loaded: 13","timestamp":"2026-02-13 19:55:56"}
{"level":"info","message":"   CUSTOMER: 2 models","timestamp":"2026-02-13 19:55:56"}
{"level":"info","message":"   LOAN: 2 models","timestamp":"2026-02-13 19:55:56"}
{"level":"info","message":"   DEPOSIT: 1 models","timestamp":"2026-02-13 19:55:56"}
{"level":"info","message":"   TRANSACTION: 1 models","timestamp":"2026-02-13 19:55:56"}
{"level":"info","message":"   USER: 1 models","timestamp":"2026-02-13 19:55:56"}
{"level":"info","message":"   ACCOUNTING: 1 models","timestamp":"2026-02-13 19:55:56"}
{"level":"info","message":"   AUDIT: 1 models","timestamp":"2026-02-13 19:55:56"}
{"level":"info","logDir":"logs","message":"🚀 Winston logger initialized","nodeVersion":"v24.13.0","platform":"win32","timestamp":"2026-02-13 19:55:42"}
{"errors":["Role 28: Permission undefined not found in REPORT","Role 28: Permission undefined not found in REPORT","Role 38: Permission undefined not found in VAULT"],"level":"warn","message":"Permission validation errors","timestamp":"2026-02-13 19:55:48"}
{"errors":["Role 28: Permission undefined not found in REPORT","Role 28: Permission undefined not found in REPORT","Role 38: Permission undefined not found in VAULT"],"level":"warn","message":"Permission validation errors","timestamp":"2026-02-13 19:55:50"}
{"level":"info","message":"Server time initialized (WAT): 2026-02-14T04:55:55.021Z","timestamp":"2026-02-13 19:55:55"}
{"error":"auditLogger.info(...).catch is not a function","level":"warn","message":"Could not log startup audit","timestamp":"2026-02-13 19:55:55"}
{"level":"info","message":"🔧 Auto-initializing models in development mode...","timestamp":"2026-02-13 19:55:55"}
{"level":"info","message":"🚀 Initializing model loader...","timestamp":"2026-02-13 19:55:55"}
{"level":"info","message":"✅ Models loaded via index.js","timestamp":"2026-02-13 19:55:55"}
{"level":"info","message":"✅ Loaded critical model User on demand","timestamp":"2026-02-13 19:55:55"}
{"level":"info","message":"✅ Loaded critical model Customer on demand","timestamp":"2026-02-13 19:55:55"}
{"level":"info","message":"✅ Loaded critical model CustomerAccount on demand","timestamp":"2026-02-13 19:55:55"}
{"level":"info","message":"✅ Loaded critical model LoanAccount on demand","timestamp":"2026-02-13 19:55:55"}
{"level":"info","message":"✅ Loaded critical model LoanRepayment on demand","timestamp":"2026-02-13 19:55:55"}
{"level":"info","message":"✅ Loaded critical model Deposit on demand","timestamp":"2026-02-13 19:55:55"}
{"level":"info","message":"✅ Loaded critical model Transaction on demand","timestamp":"2026-02-13 19:55:55"}
{"level":"info","message":"✅ Loaded critical model GLAccount on demand","timestamp":"2026-02-13 19:55:55"}
{"level":"info","message":"✅ Loaded critical model AuditTrail on demand","timestamp":"2026-02-13 19:55:56"}
{"level":"info","message":"✅ Model loader initialized successfully","timestamp":"2026-02-13 19:55:56"}
{"level":"info","message":"📊 Loaded models: sequelize, Op, DataTypes, QueryTypes, User, Customer, CustomerAccount, LoanAccount, LoanRepayment, Deposit, Transaction, GLAccount, AuditTrail","timestamp":"2026-02-13 19:55:56"}
{"level":"info","message":"📊 Model Statistics:","timestamp":"2026-02-13 19:55:56"}
{"level":"info","message":"   Total models loaded: 13","timestamp":"2026-02-13 19:55:56"}
{"level":"info","message":"   CUSTOMER: 2 models","timestamp":"2026-02-13 19:55:56"}
{"level":"info","message":"   LOAN: 2 models","timestamp":"2026-02-13 19:55:56"}
{"level":"info","message":"   DEPOSIT: 1 models","timestamp":"2026-02-13 19:55:56"}
{"level":"info","message":"   TRANSACTION: 1 models","timestamp":"2026-02-13 19:55:56"}
{"level":"info","message":"   USER: 1 models","timestamp":"2026-02-13 19:55:56"}
{"level":"info","message":"   ACCOUNTING: 1 models","timestamp":"2026-02-13 19:55:56"}
{"level":"info","message":"   AUDIT: 1 models","timestamp":"2026-02-13 19:55:56"}
{"level":"info","logDir":"logs","message":"🚀 Winston logger initialized","nodeVersion":"v24.13.0","platform":"win32","timestamp":"2026-02-13 19:55:42"}
{"errors":["Role 28: Permission undefined not found in REPORT","Role 28: Permission undefined not found in REPORT","Role 38: Permission undefined not found in VAULT"],"level":"warn","message":"Permission validation errors","timestamp":"2026-02-13 19:55:48"}
{"errors":["Role 28: Permission undefined not found in REPORT","Role 28: Permission undefined not found in REPORT","Role 38: Permission undefined not found in VAULT"],"level":"warn","message":"Permission validation errors","timestamp":"2026-02-13 19:55:50"}
{"level":"info","message":"Server time initialized (WAT): 2026-02-14T04:55:54.974Z","timestamp":"2026-02-13 19:55:54"}
{"error":"auditLogger.info(...).catch is not a function","level":"warn","message":"Could not log startup audit","timestamp":"2026-02-13 19:55:54"}
{"level":"info","message":"🔧 Auto-initializing models in development mode...","timestamp":"2026-02-13 19:55:55"}
{"level":"info","message":"🚀 Initializing model loader...","timestamp":"2026-02-13 19:55:55"}
{"level":"info","message":"✅ Models loaded via index.js","timestamp":"2026-02-13 19:55:55"}
{"level":"info","message":"✅ Loaded critical model User on demand","timestamp":"2026-02-13 19:55:55"}
{"level":"info","message":"✅ Loaded critical model Customer on demand","timestamp":"2026-02-13 19:55:55"}
{"level":"info","message":"✅ Loaded critical model CustomerAccount on demand","timestamp":"2026-02-13 19:55:55"}
{"level":"info","message":"✅ Loaded critical model LoanAccount on demand","timestamp":"2026-02-13 19:55:55"}
{"level":"info","message":"✅ Loaded critical model LoanRepayment on demand","timestamp":"2026-02-13 19:55:55"}
{"level":"info","message":"✅ Loaded critical model Deposit on demand","timestamp":"2026-02-13 19:55:55"}
{"level":"info","message":"✅ Loaded critical model Transaction on demand","timestamp":"2026-02-13 19:55:55"}
{"level":"info","message":"✅ Loaded critical model GLAccount on demand","timestamp":"2026-02-13 19:55:55"}
{"level":"info","message":"✅ Loaded critical model AuditTrail on demand","timestamp":"2026-02-13 19:55:56"}
{"level":"info","message":"✅ Model loader initialized successfully","timestamp":"2026-02-13 19:55:56"}
{"level":"info","message":"📊 Loaded models: sequelize, Op, DataTypes, QueryTypes, User, Customer, CustomerAccount, LoanAccount, LoanRepayment, Deposit, Transaction, GLAccount, AuditTrail","timestamp":"2026-02-13 19:55:56"}
{"level":"info","message":"📊 Model Statistics:","timestamp":"2026-02-13 19:55:56"}
{"level":"info","message":"   Total models loaded: 13","timestamp":"2026-02-13 19:55:56"}
{"level":"info","message":"   CUSTOMER: 2 models","timestamp":"2026-02-13 19:55:56"}
{"level":"info","message":"   LOAN: 2 models","timestamp":"2026-02-13 19:55:56"}
{"level":"info","message":"   DEPOSIT: 1 models","timestamp":"2026-02-13 19:55:56"}
{"level":"info","message":"   TRANSACTION: 1 models","timestamp":"2026-02-13 19:55:56"}
{"level":"info","message":"   USER: 1 models","timestamp":"2026-02-13 19:55:56"}
{"level":"info","message":"   ACCOUNTING: 1 models","timestamp":"2026-02-13 19:55:56"}
{"level":"info","message":"   AUDIT: 1 models","timestamp":"2026-02-13 19:55:56"}
{"level":"info","logDir":"logs","message":"🚀 Winston logger initialized","nodeVersion":"v24.13.0","platform":"win32","timestamp":"2026-02-13 19:56:51"}
{"errors":["Role 28: Permission undefined not found in REPORT","Role 28: Permission undefined not found in REPORT","Role 38: Permission undefined not found in VAULT"],"level":"warn","message":"Permission validation errors","timestamp":"2026-02-13 19:56:59"}
{"errors":["Role 28: Permission undefined not found in REPORT","Role 28: Permission undefined not found in REPORT","Role 38: Permission undefined not found in VAULT"],"level":"warn","message":"Permission validation errors","timestamp":"2026-02-13 19:57:01"}
{"level":"info","message":"Server time initialized (WAT): 2026-02-14T04:57:07.854Z","timestamp":"2026-02-13 19:57:07"}
{"error":"auditLogger.info(...).catch is not a function","level":"warn","message":"Could not log startup audit","timestamp":"2026-02-13 19:57:07"}
{"level":"info","message":"🔧 Auto-initializing models in development mode...","timestamp":"2026-02-13 19:57:08"}
{"level":"info","message":"🚀 Initializing model loader...","timestamp":"2026-02-13 19:57:08"}
{"level":"info","message":"✅ Models loaded via index.js","timestamp":"2026-02-13 19:57:08"}
{"level":"info","message":"✅ Loaded critical model User on demand","timestamp":"2026-02-13 19:57:08"}
{"level":"info","message":"✅ Loaded critical model Customer on demand","timestamp":"2026-02-13 19:57:09"}
{"level":"info","message":"✅ Loaded critical model CustomerAccount on demand","timestamp":"2026-02-13 19:57:09"}
{"level":"info","message":"✅ Loaded critical model LoanAccount on demand","timestamp":"2026-02-13 19:57:09"}
{"level":"info","message":"✅ Loaded critical model LoanRepayment on demand","timestamp":"2026-02-13 19:57:09"}
{"level":"info","message":"✅ Loaded critical model Deposit on demand","timestamp":"2026-02-13 19:57:09"}
{"level":"info","message":"✅ Loaded critical model Transaction on demand","timestamp":"2026-02-13 19:57:09"}
{"level":"info","message":"✅ Loaded critical model GLAccount on demand","timestamp":"2026-02-13 19:57:09"}
{"level":"info","message":"✅ Loaded critical model AuditTrail on demand","timestamp":"2026-02-13 19:57:09"}
{"level":"info","message":"✅ Model loader initialized successfully","timestamp":"2026-02-13 19:57:09"}
{"level":"info","message":"📊 Loaded models: sequelize, Op, DataTypes, QueryTypes, User, Customer, CustomerAccount, LoanAccount, LoanRepayment, Deposit, Transaction, GLAccount, AuditTrail","timestamp":"2026-02-13 19:57:09"}
{"level":"info","message":"📊 Model Statistics:","timestamp":"2026-02-13 19:57:09"}
{"level":"info","message":"   Total models loaded: 13","timestamp":"2026-02-13 19:57:09"}
{"level":"info","message":"   CUSTOMER: 2 models","timestamp":"2026-02-13 19:57:09"}
{"level":"info","message":"   LOAN: 2 models","timestamp":"2026-02-13 19:57:09"}
{"level":"info","message":"   DEPOSIT: 1 models","timestamp":"2026-02-13 19:57:09"}
{"level":"info","message":"   TRANSACTION: 1 models","timestamp":"2026-02-13 19:57:09"}
{"level":"info","message":"   USER: 1 models","timestamp":"2026-02-13 19:57:09"}
{"level":"info","message":"   ACCOUNTING: 1 models","timestamp":"2026-02-13 19:57:09"}
{"level":"info","message":"   AUDIT: 1 models","timestamp":"2026-02-13 19:57:09"}
{"level":"info","logDir":"logs","message":"🚀 Winston logger initialized","nodeVersion":"v24.13.0","platform":"win32","timestamp":"2026-02-13 19:56:51"}
{"errors":["Role 28: Permission undefined not found in REPORT","Role 28: Permission undefined not found in REPORT","Role 38: Permission undefined not found in VAULT"],"level":"warn","message":"Permission validation errors","timestamp":"2026-02-13 19:56:59"}
{"errors":["Role 28: Permission undefined not found in REPORT","Role 28: Permission undefined not found in REPORT","Role 38: Permission undefined not found in VAULT"],"level":"warn","message":"Permission validation errors","timestamp":"2026-02-13 19:57:01"}
{"level":"info","message":"Server time initialized (WAT): 2026-02-14T04:57:07.904Z","timestamp":"2026-02-13 19:57:07"}
{"error":"auditLogger.info(...).catch is not a function","level":"warn","message":"Could not log startup audit","timestamp":"2026-02-13 19:57:07"}
{"level":"info","message":"🔧 Auto-initializing models in development mode...","timestamp":"2026-02-13 19:57:08"}
{"level":"info","message":"🚀 Initializing model loader...","timestamp":"2026-02-13 19:57:09"}
{"level":"info","message":"✅ Models loaded via index.js","timestamp":"2026-02-13 19:57:09"}
{"level":"info","message":"✅ Loaded critical model User on demand","timestamp":"2026-02-13 19:57:09"}
{"level":"info","message":"✅ Loaded critical model Customer on demand","timestamp":"2026-02-13 19:57:09"}
{"level":"info","message":"✅ Loaded critical model CustomerAccount on demand","timestamp":"2026-02-13 19:57:09"}
{"level":"info","message":"✅ Loaded critical model LoanAccount on demand","timestamp":"2026-02-13 19:57:09"}
{"level":"info","message":"✅ Loaded critical model LoanRepayment on demand","timestamp":"2026-02-13 19:57:09"}
{"level":"info","message":"✅ Loaded critical model Deposit on demand","timestamp":"2026-02-13 19:57:09"}
{"level":"info","message":"✅ Loaded critical model Transaction on demand","timestamp":"2026-02-13 19:57:09"}
{"level":"info","message":"✅ Loaded critical model GLAccount on demand","timestamp":"2026-02-13 19:57:09"}
{"level":"info","message":"✅ Loaded critical model AuditTrail on demand","timestamp":"2026-02-13 19:57:09"}
{"level":"info","message":"✅ Model loader initialized successfully","timestamp":"2026-02-13 19:57:09"}
{"level":"info","message":"📊 Loaded models: sequelize, Op, DataTypes, QueryTypes, User, Customer, CustomerAccount, LoanAccount, LoanRepayment, Deposit, Transaction, GLAccount, AuditTrail","timestamp":"2026-02-13 19:57:09"}
{"level":"info","message":"📊 Model Statistics:","timestamp":"2026-02-13 19:57:09"}
{"level":"info","message":"   Total models loaded: 13","timestamp":"2026-02-13 19:57:09"}
{"level":"info","message":"   CUSTOMER: 2 models","timestamp":"2026-02-13 19:57:09"}
{"level":"info","message":"   LOAN: 2 models","timestamp":"2026-02-13 19:57:09"}
{"level":"info","message":"   DEPOSIT: 1 models","timestamp":"2026-02-13 19:57:09"}
{"level":"info","message":"   TRANSACTION: 1 models","timestamp":"2026-02-13 19:57:09"}
{"level":"info","message":"   USER: 1 models","timestamp":"2026-02-13 19:57:09"}
{"level":"info","message":"   ACCOUNTING: 1 models","timestamp":"2026-02-13 19:57:09"}
{"level":"info","message":"   AUDIT: 1 models","timestamp":"2026-02-13 19:57:09"}
{"level":"info","logDir":"logs","message":"🚀 Winston logger initialized","nodeVersion":"v24.13.0","platform":"win32","timestamp":"2026-02-13 19:56:51"}
{"errors":["Role 28: Permission undefined not found in REPORT","Role 28: Permission undefined not found in REPORT","Role 38: Permission undefined not found in VAULT"],"level":"warn","message":"Permission validation errors","timestamp":"2026-02-13 19:56:59"}
{"errors":["Role 28: Permission undefined not found in REPORT","Role 28: Permission undefined not found in REPORT","Role 38: Permission undefined not found in VAULT"],"level":"warn","message":"Permission validation errors","timestamp":"2026-02-13 19:57:01"}
{"level":"info","message":"Server time initialized (WAT): 2026-02-14T04:57:07.849Z","timestamp":"2026-02-13 19:57:07"}
{"error":"auditLogger.info(...).catch is not a function","level":"warn","message":"Could not log startup audit","timestamp":"2026-02-13 19:57:07"}
{"level":"info","message":"🔧 Auto-initializing models in development mode...","timestamp":"2026-02-13 19:57:09"}
{"level":"info","message":"🚀 Initializing model loader...","timestamp":"2026-02-13 19:57:09"}
{"level":"info","message":"✅ Models loaded via index.js","timestamp":"2026-02-13 19:57:09"}
{"level":"info","message":"✅ Loaded critical model User on demand","timestamp":"2026-02-13 19:57:09"}
{"level":"info","message":"✅ Loaded critical model Customer on demand","timestamp":"2026-02-13 19:57:09"}
{"level":"info","message":"✅ Loaded critical model CustomerAccount on demand","timestamp":"2026-02-13 19:57:09"}
{"level":"info","message":"✅ Loaded critical model LoanAccount on demand","timestamp":"2026-02-13 19:57:09"}
{"level":"info","message":"✅ Loaded critical model LoanRepayment on demand","timestamp":"2026-02-13 19:57:09"}
{"level":"info","message":"✅ Loaded critical model Deposit on demand","timestamp":"2026-02-13 19:57:09"}
{"level":"info","message":"✅ Loaded critical model Transaction on demand","timestamp":"2026-02-13 19:57:09"}
{"level":"info","message":"✅ Loaded critical model GLAccount on demand","timestamp":"2026-02-13 19:57:09"}
{"level":"info","message":"✅ Loaded critical model AuditTrail on demand","timestamp":"2026-02-13 19:57:09"}
{"level":"info","message":"✅ Model loader initialized successfully","timestamp":"2026-02-13 19:57:09"}
{"level":"info","message":"📊 Loaded models: sequelize, Op, DataTypes, QueryTypes, User, Customer, CustomerAccount, LoanAccount, LoanRepayment, Deposit, Transaction, GLAccount, AuditTrail","timestamp":"2026-02-13 19:57:09"}
{"level":"info","message":"📊 Model Statistics:","timestamp":"2026-02-13 19:57:09"}
{"level":"info","message":"   Total models loaded: 13","timestamp":"2026-02-13 19:57:09"}
{"level":"info","message":"   CUSTOMER: 2 models","timestamp":"2026-02-13 19:57:09"}
{"level":"info","message":"   LOAN: 2 models","timestamp":"2026-02-13 19:57:09"}
{"level":"info","message":"   DEPOSIT: 1 models","timestamp":"2026-02-13 19:57:09"}
{"level":"info","message":"   TRANSACTION: 1 models","timestamp":"2026-02-13 19:57:09"}
{"level":"info","message":"   USER: 1 models","timestamp":"2026-02-13 19:57:09"}
{"level":"info","message":"   ACCOUNTING: 1 models","timestamp":"2026-02-13 19:57:09"}
{"level":"info","message":"   AUDIT: 1 models","timestamp":"2026-02-13 19:57:09"}
{"level":"info","logDir":"logs","message":"🚀 Winston logger initialized","nodeVersion":"v24.13.0","platform":"win32","timestamp":"2026-02-13 19:56:51"}
{"errors":["Role 28: Permission undefined not found in REPORT","Role 28: Permission undefined not found in REPORT","Role 38: Permission undefined not found in VAULT"],"level":"warn","message":"Permission validation errors","timestamp":"2026-02-13 19:56:59"}
{"errors":["Role 28: Permission undefined not found in REPORT","Role 28: Permission undefined not found in REPORT","Role 38: Permission undefined not found in VAULT"],"level":"warn","message":"Permission validation errors","timestamp":"2026-02-13 19:57:01"}
{"level":"info","message":"Server time initialized (WAT): 2026-02-14T04:57:07.864Z","timestamp":"2026-02-13 19:57:07"}
{"error":"auditLogger.info(...).catch is not a function","level":"warn","message":"Could not log startup audit","timestamp":"2026-02-13 19:57:07"}
{"level":"info","message":"🔧 Auto-initializing models in development mode...","timestamp":"2026-02-13 19:57:09"}
{"level":"info","message":"🚀 Initializing model loader...","timestamp":"2026-02-13 19:57:09"}
{"level":"info","message":"✅ Models loaded via index.js","timestamp":"2026-02-13 19:57:09"}
{"level":"info","message":"✅ Loaded critical model User on demand","timestamp":"2026-02-13 19:57:09"}
{"level":"info","message":"✅ Loaded critical model Customer on demand","timestamp":"2026-02-13 19:57:09"}
{"level":"info","message":"✅ Loaded critical model CustomerAccount on demand","timestamp":"2026-02-13 19:57:09"}
{"level":"info","message":"✅ Loaded critical model LoanAccount on demand","timestamp":"2026-02-13 19:57:09"}
{"level":"info","message":"✅ Loaded critical model LoanRepayment on demand","timestamp":"2026-02-13 19:57:09"}
{"level":"info","message":"✅ Loaded critical model Deposit on demand","timestamp":"2026-02-13 19:57:09"}
{"level":"info","message":"✅ Loaded critical model Transaction on demand","timestamp":"2026-02-13 19:57:09"}
{"level":"info","message":"✅ Loaded critical model GLAccount on demand","timestamp":"2026-02-13 19:57:09"}
{"level":"info","message":"✅ Loaded critical model AuditTrail on demand","timestamp":"2026-02-13 19:57:09"}
{"level":"info","message":"✅ Model loader initialized successfully","timestamp":"2026-02-13 19:57:09"}
{"level":"info","message":"📊 Loaded models: sequelize, Op, DataTypes, QueryTypes, User, Customer, CustomerAccount, LoanAccount, LoanRepayment, Deposit, Transaction, GLAccount, AuditTrail","timestamp":"2026-02-13 19:57:09"}
{"level":"info","message":"📊 Model Statistics:","timestamp":"2026-02-13 19:57:09"}
{"level":"info","message":"   Total models loaded: 13","timestamp":"2026-02-13 19:57:09"}
{"level":"info","message":"   CUSTOMER: 2 models","timestamp":"2026-02-13 19:57:09"}
{"level":"info","message":"   LOAN: 2 models","timestamp":"2026-02-13 19:57:09"}
{"level":"info","message":"   DEPOSIT: 1 models","timestamp":"2026-02-13 19:57:09"}
{"level":"info","message":"   TRANSACTION: 1 models","timestamp":"2026-02-13 19:57:09"}
{"level":"info","message":"   USER: 1 models","timestamp":"2026-02-13 19:57:09"}
{"level":"info","message":"   ACCOUNTING: 1 models","timestamp":"2026-02-13 19:57:09"}
{"level":"info","message":"   AUDIT: 1 models","timestamp":"2026-02-13 19:57:09"}
{"level":"info","logDir":"logs","message":"🚀 Winston logger initialized","nodeVersion":"v24.13.0","platform":"win32","timestamp":"2026-02-13 19:59:48"}
{"errors":["Role 28: Permission undefined not found in REPORT","Role 28: Permission undefined not found in REPORT","Role 38: Permission undefined not found in VAULT"],"level":"warn","message":"Permission validation errors","timestamp":"2026-02-13 19:59:53"}
{"errors":["Role 28: Permission undefined not found in REPORT","Role 28: Permission undefined not found in REPORT","Role 38: Permission undefined not found in VAULT"],"level":"warn","message":"Permission validation errors","timestamp":"2026-02-13 19:59:54"}
{"level":"info","message":"Server time initialized (WAT): 2026-02-14T04:59:58.277Z","timestamp":"2026-02-13 19:59:58"}
{"error":"auditLogger.info(...).catch is not a function","level":"warn","message":"Could not log startup audit","timestamp":"2026-02-13 19:59:58"}
{"level":"info","message":"🔧 Auto-initializing models in development mode...","timestamp":"2026-02-13 19:59:58"}
{"level":"info","message":"🚀 Initializing model loader...","timestamp":"2026-02-13 19:59:58"}
{"level":"info","message":"✅ Models loaded via index.js","timestamp":"2026-02-13 19:59:58"}
{"level":"info","message":"✅ Loaded critical model User on demand","timestamp":"2026-02-13 19:59:58"}
{"level":"info","message":"✅ Loaded critical model Customer on demand","timestamp":"2026-02-13 19:59:58"}
{"level":"info","message":"✅ Loaded critical model CustomerAccount on demand","timestamp":"2026-02-13 19:59:58"}
{"level":"info","message":"✅ Loaded critical model LoanAccount on demand","timestamp":"2026-02-13 19:59:58"}
{"level":"info","message":"✅ Loaded critical model LoanRepayment on demand","timestamp":"2026-02-13 19:59:59"}
{"level":"info","message":"✅ Loaded critical model Deposit on demand","timestamp":"2026-02-13 19:59:59"}
{"level":"info","message":"✅ Loaded critical model Transaction on demand","timestamp":"2026-02-13 19:59:59"}
{"level":"info","message":"✅ Loaded critical model GLAccount on demand","timestamp":"2026-02-13 19:59:59"}
{"level":"info","message":"✅ Loaded critical model AuditTrail on demand","timestamp":"2026-02-13 19:59:59"}
{"level":"info","message":"✅ Model loader initialized successfully","timestamp":"2026-02-13 19:59:59"}
{"level":"info","message":"📊 Loaded models: sequelize, Op, DataTypes, QueryTypes, User, Customer, CustomerAccount, LoanAccount, LoanRepayment, Deposit, Transaction, GLAccount, AuditTrail","timestamp":"2026-02-13 19:59:59"}
{"level":"info","message":"📊 Model Statistics:","timestamp":"2026-02-13 19:59:59"}
{"level":"info","message":"   Total models loaded: 13","timestamp":"2026-02-13 19:59:59"}
{"level":"info","message":"   CUSTOMER: 2 models","timestamp":"2026-02-13 19:59:59"}
{"level":"info","message":"   LOAN: 2 models","timestamp":"2026-02-13 19:59:59"}
{"level":"info","message":"   DEPOSIT: 1 models","timestamp":"2026-02-13 19:59:59"}
{"level":"info","message":"   TRANSACTION: 1 models","timestamp":"2026-02-13 19:59:59"}
{"level":"info","message":"   USER: 1 models","timestamp":"2026-02-13 19:59:59"}
{"level":"info","message":"   ACCOUNTING: 1 models","timestamp":"2026-02-13 19:59:59"}
{"level":"info","message":"   AUDIT: 1 models","timestamp":"2026-02-13 19:59:59"}
{"level":"info","logDir":"logs","message":"🚀 Winston logger initialized","nodeVersion":"v24.13.0","platform":"win32","timestamp":"2026-02-13 19:59:48"}
{"errors":["Role 28: Permission undefined not found in REPORT","Role 28: Permission undefined not found in REPORT","Role 38: Permission undefined not found in VAULT"],"level":"warn","message":"Permission validation errors","timestamp":"2026-02-13 19:59:53"}
{"errors":["Role 28: Permission undefined not found in REPORT","Role 28: Permission undefined not found in REPORT","Role 38: Permission undefined not found in VAULT"],"level":"warn","message":"Permission validation errors","timestamp":"2026-02-13 19:59:54"}
{"level":"info","message":"Server time initialized (WAT): 2026-02-14T04:59:58.283Z","timestamp":"2026-02-13 19:59:58"}
{"error":"auditLogger.info(...).catch is not a function","level":"warn","message":"Could not log startup audit","timestamp":"2026-02-13 19:59:58"}
{"level":"info","message":"🔧 Auto-initializing models in development mode...","timestamp":"2026-02-13 19:59:58"}
{"level":"info","message":"🚀 Initializing model loader...","timestamp":"2026-02-13 19:59:58"}
{"level":"info","message":"✅ Models loaded via index.js","timestamp":"2026-02-13 19:59:58"}
{"level":"info","message":"✅ Loaded critical model User on demand","timestamp":"2026-02-13 19:59:58"}
{"level":"info","message":"✅ Loaded critical model Customer on demand","timestamp":"2026-02-13 19:59:58"}
{"level":"info","message":"✅ Loaded critical model CustomerAccount on demand","timestamp":"2026-02-13 19:59:59"}
{"level":"info","message":"✅ Loaded critical model LoanAccount on demand","timestamp":"2026-02-13 19:59:59"}
{"level":"info","message":"✅ Loaded critical model LoanRepayment on demand","timestamp":"2026-02-13 19:59:59"}
{"level":"info","message":"✅ Loaded critical model Deposit on demand","timestamp":"2026-02-13 19:59:59"}
{"level":"info","message":"✅ Loaded critical model Transaction on demand","timestamp":"2026-02-13 19:59:59"}
{"level":"info","message":"✅ Loaded critical model GLAccount on demand","timestamp":"2026-02-13 19:59:59"}
{"level":"info","message":"✅ Loaded critical model AuditTrail on demand","timestamp":"2026-02-13 19:59:59"}
{"level":"info","message":"✅ Model loader initialized successfully","timestamp":"2026-02-13 19:59:59"}
{"level":"info","message":"📊 Loaded models: sequelize, Op, DataTypes, QueryTypes, User, Customer, CustomerAccount, LoanAccount, LoanRepayment, Deposit, Transaction, GLAccount, AuditTrail","timestamp":"2026-02-13 19:59:59"}
{"level":"info","message":"📊 Model Statistics:","timestamp":"2026-02-13 19:59:59"}
{"level":"info","message":"   Total models loaded: 13","timestamp":"2026-02-13 19:59:59"}
{"level":"info","message":"   CUSTOMER: 2 models","timestamp":"2026-02-13 19:59:59"}
{"level":"info","message":"   LOAN: 2 models","timestamp":"2026-02-13 19:59:59"}
{"level":"info","message":"   DEPOSIT: 1 models","timestamp":"2026-02-13 19:59:59"}
{"level":"info","message":"   TRANSACTION: 1 models","timestamp":"2026-02-13 19:59:59"}
{"level":"info","message":"   USER: 1 models","timestamp":"2026-02-13 19:59:59"}
{"level":"info","message":"   ACCOUNTING: 1 models","timestamp":"2026-02-13 19:59:59"}
{"level":"info","message":"   AUDIT: 1 models","timestamp":"2026-02-13 19:59:59"}
{"level":"info","logDir":"logs","message":"🚀 Winston logger initialized","nodeVersion":"v24.13.0","platform":"win32","timestamp":"2026-02-13 19:59:48"}
{"errors":["Role 28: Permission undefined not found in REPORT","Role 28: Permission undefined not found in REPORT","Role 38: Permission undefined not found in VAULT"],"level":"warn","message":"Permission validation errors","timestamp":"2026-02-13 19:59:53"}
{"errors":["Role 28: Permission undefined not found in REPORT","Role 28: Permission undefined not found in REPORT","Role 38: Permission undefined not found in VAULT"],"level":"warn","message":"Permission validation errors","timestamp":"2026-02-13 19:59:54"}
{"level":"info","message":"Server time initialized (WAT): 2026-02-14T04:59:58.295Z","timestamp":"2026-02-13 19:59:58"}
{"error":"auditLogger.info(...).catch is not a function","level":"warn","message":"Could not log startup audit","timestamp":"2026-02-13 19:59:58"}
{"level":"info","message":"🔧 Auto-initializing models in development mode...","timestamp":"2026-02-13 19:59:58"}
{"level":"info","message":"🚀 Initializing model loader...","timestamp":"2026-02-13 19:59:58"}
{"level":"info","message":"✅ Models loaded via index.js","timestamp":"2026-02-13 19:59:58"}
{"level":"info","message":"✅ Loaded critical model User on demand","timestamp":"2026-02-13 19:59:58"}
{"level":"info","message":"✅ Loaded critical model Customer on demand","timestamp":"2026-02-13 19:59:58"}
{"level":"info","message":"✅ Loaded critical model CustomerAccount on demand","timestamp":"2026-02-13 19:59:59"}
{"level":"info","message":"✅ Loaded critical model LoanAccount on demand","timestamp":"2026-02-13 19:59:59"}
{"level":"info","message":"✅ Loaded critical model LoanRepayment on demand","timestamp":"2026-02-13 19:59:59"}
{"level":"info","message":"✅ Loaded critical model Deposit on demand","timestamp":"2026-02-13 19:59:59"}
{"level":"info","message":"✅ Loaded critical model Transaction on demand","timestamp":"2026-02-13 19:59:59"}
{"level":"info","message":"✅ Loaded critical model GLAccount on demand","timestamp":"2026-02-13 19:59:59"}
{"level":"info","message":"✅ Loaded critical model AuditTrail on demand","timestamp":"2026-02-13 19:59:59"}
{"level":"info","message":"✅ Model loader initialized successfully","timestamp":"2026-02-13 19:59:59"}
{"level":"info","message":"📊 Loaded models: sequelize, Op, DataTypes, QueryTypes, User, Customer, CustomerAccount, LoanAccount, LoanRepayment, Deposit, Transaction, GLAccount, AuditTrail","timestamp":"2026-02-13 19:59:59"}
{"level":"info","message":"📊 Model Statistics:","timestamp":"2026-02-13 19:59:59"}
{"level":"info","message":"   Total models loaded: 13","timestamp":"2026-02-13 19:59:59"}
{"level":"info","message":"   CUSTOMER: 2 models","timestamp":"2026-02-13 19:59:59"}
{"level":"info","message":"   LOAN: 2 models","timestamp":"2026-02-13 19:59:59"}
{"level":"info","message":"   DEPOSIT: 1 models","timestamp":"2026-02-13 19:59:59"}
{"level":"info","message":"   TRANSACTION: 1 models","timestamp":"2026-02-13 19:59:59"}
{"level":"info","message":"   USER: 1 models","timestamp":"2026-02-13 19:59:59"}
{"level":"info","message":"   ACCOUNTING: 1 models","timestamp":"2026-02-13 19:59:59"}
{"level":"info","message":"   AUDIT: 1 models","timestamp":"2026-02-13 19:59:59"}
{"level":"info","logDir":"logs","message":"🚀 Winston logger initialized","nodeVersion":"v24.13.0","platform":"win32","timestamp":"2026-02-13 19:59:48"}
{"errors":["Role 28: Permission undefined not found in REPORT","Role 28: Permission undefined not found in REPORT","Role 38: Permission undefined not found in VAULT"],"level":"warn","message":"Permission validation errors","timestamp":"2026-02-13 19:59:53"}
{"errors":["Role 28: Permission undefined not found in REPORT","Role 28: Permission undefined not found in REPORT","Role 38: Permission undefined not found in VAULT"],"level":"warn","message":"Permission validation errors","timestamp":"2026-02-13 19:59:54"}
{"level":"info","message":"Server time initialized (WAT): 2026-02-14T04:59:58.256Z","timestamp":"2026-02-13 19:59:58"}
{"error":"auditLogger.info(...).catch is not a function","level":"warn","message":"Could not log startup audit","timestamp":"2026-02-13 19:59:58"}
{"level":"info","message":"🔧 Auto-initializing models in development mode...","timestamp":"2026-02-13 19:59:58"}
{"level":"info","message":"🚀 Initializing model loader...","timestamp":"2026-02-13 19:59:58"}
{"level":"info","message":"✅ Models loaded via index.js","timestamp":"2026-02-13 19:59:59"}
{"level":"info","message":"✅ Loaded critical model User on demand","timestamp":"2026-02-13 19:59:59"}
{"level":"info","message":"✅ Loaded critical model Customer on demand","timestamp":"2026-02-13 19:59:59"}
{"level":"info","message":"✅ Loaded critical model CustomerAccount on demand","timestamp":"2026-02-13 19:59:59"}
{"level":"info","message":"✅ Loaded critical model LoanAccount on demand","timestamp":"2026-02-13 19:59:59"}
{"level":"info","message":"✅ Loaded critical model LoanRepayment on demand","timestamp":"2026-02-13 19:59:59"}
{"level":"info","message":"✅ Loaded critical model Deposit on demand","timestamp":"2026-02-13 19:59:59"}
{"level":"info","message":"✅ Loaded critical model Transaction on demand","timestamp":"2026-02-13 19:59:59"}
{"level":"info","message":"✅ Loaded critical model GLAccount on demand","timestamp":"2026-02-13 19:59:59"}
{"level":"info","message":"✅ Loaded critical model AuditTrail on demand","timestamp":"2026-02-13 19:59:59"}
{"level":"info","message":"✅ Model loader initialized successfully","timestamp":"2026-02-13 19:59:59"}
{"level":"info","message":"📊 Loaded models: sequelize, Op, DataTypes, QueryTypes, User, Customer, CustomerAccount, LoanAccount, LoanRepayment, Deposit, Transaction, GLAccount, AuditTrail","timestamp":"2026-02-13 19:59:59"}
{"level":"info","message":"📊 Model Statistics:","timestamp":"2026-02-13 19:59:59"}
{"level":"info","message":"   Total models loaded: 13","timestamp":"2026-02-13 19:59:59"}
{"level":"info","message":"   CUSTOMER: 2 models","timestamp":"2026-02-13 19:59:59"}
{"level":"info","message":"   LOAN: 2 models","timestamp":"2026-02-13 19:59:59"}
{"level":"info","message":"   DEPOSIT: 1 models","timestamp":"2026-02-13 19:59:59"}
{"level":"info","message":"   TRANSACTION: 1 models","timestamp":"2026-02-13 19:59:59"}
{"level":"info","message":"   USER: 1 models","timestamp":"2026-02-13 19:59:59"}
{"level":"info","message":"   ACCOUNTING: 1 models","timestamp":"2026-02-13 19:59:59"}
{"level":"info","message":"   AUDIT: 1 models","timestamp":"2026-02-13 19:59:59"}
{"level":"info","logDir":"logs","message":"🚀 Winston logger initialized","nodeVersion":"v24.13.0","platform":"win32","timestamp":"2026-02-13 20:00:45"}
{"errors":["Role 28: Permission undefined not found in REPORT","Role 28: Permission undefined not found in REPORT","Role 38: Permission undefined not found in VAULT"],"level":"warn","message":"Permission validation errors","timestamp":"2026-02-13 20:00:51"}
{"errors":["Role 28: Permission undefined not found in REPORT","Role 28: Permission undefined not found in REPORT","Role 38: Permission undefined not found in VAULT"],"level":"warn","message":"Permission validation errors","timestamp":"2026-02-13 20:00:53"}
{"level":"info","message":"Server time initialized (WAT): 2026-02-14T05:00:57.554Z","timestamp":"2026-02-13 20:00:57"}
{"error":"auditLogger.info(...).catch is not a function","level":"warn","message":"Could not log startup audit","timestamp":"2026-02-13 20:00:57"}
{"level":"info","message":"🔧 Auto-initializing models in development mode...","timestamp":"2026-02-13 20:00:58"}
{"level":"info","message":"🚀 Initializing model loader...","timestamp":"2026-02-13 20:00:58"}
{"level":"info","message":"✅ Models loaded via index.js","timestamp":"2026-02-13 20:00:58"}
{"level":"info","message":"✅ Loaded critical model User on demand","timestamp":"2026-02-13 20:00:58"}
{"level":"info","message":"✅ Loaded critical model Customer on demand","timestamp":"2026-02-13 20:00:58"}
{"level":"info","message":"✅ Loaded critical model CustomerAccount on demand","timestamp":"2026-02-13 20:00:58"}
{"level":"info","message":"✅ Loaded critical model LoanAccount on demand","timestamp":"2026-02-13 20:00:58"}
{"level":"info","message":"✅ Loaded critical model LoanRepayment on demand","timestamp":"2026-02-13 20:00:58"}
{"level":"info","message":"✅ Loaded critical model Deposit on demand","timestamp":"2026-02-13 20:00:58"}
{"level":"info","message":"✅ Loaded critical model Transaction on demand","timestamp":"2026-02-13 20:00:58"}
{"level":"info","message":"✅ Loaded critical model GLAccount on demand","timestamp":"2026-02-13 20:00:58"}
{"level":"info","message":"✅ Loaded critical model AuditTrail on demand","timestamp":"2026-02-13 20:00:58"}
{"level":"info","message":"✅ Model loader initialized successfully","timestamp":"2026-02-13 20:00:58"}
{"level":"info","message":"📊 Loaded models: sequelize, Op, DataTypes, QueryTypes, User, Customer, CustomerAccount, LoanAccount, LoanRepayment, Deposit, Transaction, GLAccount, AuditTrail","timestamp":"2026-02-13 20:00:58"}
{"level":"info","message":"📊 Model Statistics:","timestamp":"2026-02-13 20:00:58"}
{"level":"info","message":"   Total models loaded: 13","timestamp":"2026-02-13 20:00:58"}
{"level":"info","message":"   CUSTOMER: 2 models","timestamp":"2026-02-13 20:00:58"}
{"level":"info","message":"   LOAN: 2 models","timestamp":"2026-02-13 20:00:58"}
{"level":"info","message":"   DEPOSIT: 1 models","timestamp":"2026-02-13 20:00:58"}
{"level":"info","message":"   TRANSACTION: 1 models","timestamp":"2026-02-13 20:00:58"}
{"level":"info","message":"   USER: 1 models","timestamp":"2026-02-13 20:00:58"}
{"level":"info","message":"   ACCOUNTING: 1 models","timestamp":"2026-02-13 20:00:58"}
{"level":"info","message":"   AUDIT: 1 models","timestamp":"2026-02-13 20:00:58"}
{"level":"info","logDir":"logs","message":"🚀 Winston logger initialized","nodeVersion":"v24.13.0","platform":"win32","timestamp":"2026-02-13 20:00:45"}
{"errors":["Role 28: Permission undefined not found in REPORT","Role 28: Permission undefined not found in REPORT","Role 38: Permission undefined not found in VAULT"],"level":"warn","message":"Permission validation errors","timestamp":"2026-02-13 20:00:52"}
{"errors":["Role 28: Permission undefined not found in REPORT","Role 28: Permission undefined not found in REPORT","Role 38: Permission undefined not found in VAULT"],"level":"warn","message":"Permission validation errors","timestamp":"2026-02-13 20:00:53"}
{"level":"info","message":"Server time initialized (WAT): 2026-02-14T05:00:57.531Z","timestamp":"2026-02-13 20:00:57"}
{"error":"auditLogger.info(...).catch is not a function","level":"warn","message":"Could not log startup audit","timestamp":"2026-02-13 20:00:57"}
{"level":"info","message":"🔧 Auto-initializing models in development mode...","timestamp":"2026-02-13 20:00:58"}
{"level":"info","message":"🚀 Initializing model loader...","timestamp":"2026-02-13 20:00:58"}
{"level":"info","message":"✅ Models loaded via index.js","timestamp":"2026-02-13 20:00:58"}
{"level":"info","message":"✅ Loaded critical model User on demand","timestamp":"2026-02-13 20:00:58"}
{"level":"info","message":"✅ Loaded critical model Customer on demand","timestamp":"2026-02-13 20:00:58"}
{"level":"info","message":"✅ Loaded critical model CustomerAccount on demand","timestamp":"2026-02-13 20:00:58"}
{"level":"info","message":"✅ Loaded critical model LoanAccount on demand","timestamp":"2026-02-13 20:00:58"}
{"level":"info","message":"✅ Loaded critical model LoanRepayment on demand","timestamp":"2026-02-13 20:00:58"}
{"level":"info","message":"✅ Loaded critical model Deposit on demand","timestamp":"2026-02-13 20:00:58"}
{"level":"info","message":"✅ Loaded critical model Transaction on demand","timestamp":"2026-02-13 20:00:58"}
{"level":"info","message":"✅ Loaded critical model GLAccount on demand","timestamp":"2026-02-13 20:00:58"}
{"level":"info","message":"✅ Loaded critical model AuditTrail on demand","timestamp":"2026-02-13 20:00:58"}
{"level":"info","message":"✅ Model loader initialized successfully","timestamp":"2026-02-13 20:00:58"}
{"level":"info","message":"📊 Loaded models: sequelize, Op, DataTypes, QueryTypes, User, Customer, CustomerAccount, LoanAccount, LoanRepayment, Deposit, Transaction, GLAccount, AuditTrail","timestamp":"2026-02-13 20:00:58"}
{"level":"info","message":"📊 Model Statistics:","timestamp":"2026-02-13 20:00:58"}
{"level":"info","message":"   Total models loaded: 13","timestamp":"2026-02-13 20:00:58"}
{"level":"info","message":"   CUSTOMER: 2 models","timestamp":"2026-02-13 20:00:58"}
{"level":"info","message":"   LOAN: 2 models","timestamp":"2026-02-13 20:00:58"}
{"level":"info","message":"   DEPOSIT: 1 models","timestamp":"2026-02-13 20:00:58"}
{"level":"info","message":"   TRANSACTION: 1 models","timestamp":"2026-02-13 20:00:58"}
{"level":"info","message":"   USER: 1 models","timestamp":"2026-02-13 20:00:58"}
{"level":"info","message":"   ACCOUNTING: 1 models","timestamp":"2026-02-13 20:00:58"}
{"level":"info","message":"   AUDIT: 1 models","timestamp":"2026-02-13 20:00:58"}
{"level":"info","logDir":"logs","message":"🚀 Winston logger initialized","nodeVersion":"v24.13.0","platform":"win32","timestamp":"2026-02-13 20:00:45"}
{"errors":["Role 28: Permission undefined not found in REPORT","Role 28: Permission undefined not found in REPORT","Role 38: Permission undefined not found in VAULT"],"level":"warn","message":"Permission validation errors","timestamp":"2026-02-13 20:00:52"}
{"errors":["Role 28: Permission undefined not found in REPORT","Role 28: Permission undefined not found in REPORT","Role 38: Permission undefined not found in VAULT"],"level":"warn","message":"Permission validation errors","timestamp":"2026-02-13 20:00:53"}
{"level":"info","message":"Server time initialized (WAT): 2026-02-14T05:00:57.566Z","timestamp":"2026-02-13 20:00:57"}
{"error":"auditLogger.info(...).catch is not a function","level":"warn","message":"Could not log startup audit","timestamp":"2026-02-13 20:00:57"}
{"level":"info","message":"🔧 Auto-initializing models in development mode...","timestamp":"2026-02-13 20:00:58"}
{"level":"info","message":"🚀 Initializing model loader...","timestamp":"2026-02-13 20:00:58"}
{"level":"info","message":"✅ Models loaded via index.js","timestamp":"2026-02-13 20:00:58"}
{"level":"info","message":"✅ Loaded critical model User on demand","timestamp":"2026-02-13 20:00:58"}
{"level":"info","message":"✅ Loaded critical model Customer on demand","timestamp":"2026-02-13 20:00:58"}
{"level":"info","message":"✅ Loaded critical model CustomerAccount on demand","timestamp":"2026-02-13 20:00:58"}
{"level":"info","message":"✅ Loaded critical model LoanAccount on demand","timestamp":"2026-02-13 20:00:58"}
{"level":"info","message":"✅ Loaded critical model LoanRepayment on demand","timestamp":"2026-02-13 20:00:58"}
{"level":"info","message":"✅ Loaded critical model Deposit on demand","timestamp":"2026-02-13 20:00:58"}
{"level":"info","message":"✅ Loaded critical model Transaction on demand","timestamp":"2026-02-13 20:00:58"}
{"level":"info","message":"✅ Loaded critical model GLAccount on demand","timestamp":"2026-02-13 20:00:58"}
{"level":"info","message":"✅ Loaded critical model AuditTrail on demand","timestamp":"2026-02-13 20:00:58"}
{"level":"info","message":"✅ Model loader initialized successfully","timestamp":"2026-02-13 20:00:58"}
{"level":"info","message":"📊 Loaded models: sequelize, Op, DataTypes, QueryTypes, User, Customer, CustomerAccount, LoanAccount, LoanRepayment, Deposit, Transaction, GLAccount, AuditTrail","timestamp":"2026-02-13 20:00:58"}
{"level":"info","message":"📊 Model Statistics:","timestamp":"2026-02-13 20:00:58"}
{"level":"info","message":"   Total models loaded: 13","timestamp":"2026-02-13 20:00:58"}
{"level":"info","message":"   CUSTOMER: 2 models","timestamp":"2026-02-13 20:00:58"}
{"level":"info","message":"   LOAN: 2 models","timestamp":"2026-02-13 20:00:58"}
{"level":"info","message":"   DEPOSIT: 1 models","timestamp":"2026-02-13 20:00:58"}
{"level":"info","message":"   TRANSACTION: 1 models","timestamp":"2026-02-13 20:00:58"}
{"level":"info","message":"   USER: 1 models","timestamp":"2026-02-13 20:00:58"}
{"level":"info","message":"   ACCOUNTING: 1 models","timestamp":"2026-02-13 20:00:58"}
{"level":"info","message":"   AUDIT: 1 models","timestamp":"2026-02-13 20:00:58"}
{"level":"info","logDir":"logs","message":"🚀 Winston logger initialized","nodeVersion":"v24.13.0","platform":"win32","timestamp":"2026-02-13 20:00:45"}
{"errors":["Role 28: Permission undefined not found in REPORT","Role 28: Permission undefined not found in REPORT","Role 38: Permission undefined not found in VAULT"],"level":"warn","message":"Permission validation errors","timestamp":"2026-02-13 20:00:51"}
{"errors":["Role 28: Permission undefined not found in REPORT","Role 28: Permission undefined not found in REPORT","Role 38: Permission undefined not found in VAULT"],"level":"warn","message":"Permission validation errors","timestamp":"2026-02-13 20:00:53"}
{"level":"info","message":"Server time initialized (WAT): 2026-02-14T05:00:57.551Z","timestamp":"2026-02-13 20:00:57"}
{"error":"auditLogger.info(...).catch is not a function","level":"warn","message":"Could not log startup audit","timestamp":"2026-02-13 20:00:57"}
{"level":"info","message":"🔧 Auto-initializing models in development mode...","timestamp":"2026-02-13 20:00:58"}
{"level":"info","message":"🚀 Initializing model loader...","timestamp":"2026-02-13 20:00:58"}
{"level":"info","message":"✅ Models loaded via index.js","timestamp":"2026-02-13 20:00:58"}
{"level":"info","message":"✅ Loaded critical model User on demand","timestamp":"2026-02-13 20:00:58"}
{"level":"info","message":"✅ Loaded critical model Customer on demand","timestamp":"2026-02-13 20:00:58"}
{"level":"info","message":"✅ Loaded critical model CustomerAccount on demand","timestamp":"2026-02-13 20:00:58"}
{"level":"info","message":"✅ Loaded critical model LoanAccount on demand","timestamp":"2026-02-13 20:00:58"}
{"level":"info","message":"✅ Loaded critical model LoanRepayment on demand","timestamp":"2026-02-13 20:00:58"}
{"level":"info","message":"✅ Loaded critical model Deposit on demand","timestamp":"2026-02-13 20:00:58"}
{"level":"info","message":"✅ Loaded critical model Transaction on demand","timestamp":"2026-02-13 20:00:58"}
{"level":"info","message":"✅ Loaded critical model GLAccount on demand","timestamp":"2026-02-13 20:00:58"}
{"level":"info","message":"✅ Loaded critical model AuditTrail on demand","timestamp":"2026-02-13 20:00:58"}
{"level":"info","message":"✅ Model loader initialized successfully","timestamp":"2026-02-13 20:00:58"}
{"level":"info","message":"📊 Loaded models: sequelize, Op, DataTypes, QueryTypes, User, Customer, CustomerAccount, LoanAccount, LoanRepayment, Deposit, Transaction, GLAccount, AuditTrail","timestamp":"2026-02-13 20:00:58"}
{"level":"info","message":"📊 Model Statistics:","timestamp":"2026-02-13 20:00:58"}
{"level":"info","message":"   Total models loaded: 13","timestamp":"2026-02-13 20:00:58"}
{"level":"info","message":"   CUSTOMER: 2 models","timestamp":"2026-02-13 20:00:58"}
{"level":"info","message":"   LOAN: 2 models","timestamp":"2026-02-13 20:00:58"}
{"level":"info","message":"   DEPOSIT: 1 models","timestamp":"2026-02-13 20:00:58"}
{"level":"info","message":"   TRANSACTION: 1 models","timestamp":"2026-02-13 20:00:58"}
{"level":"info","message":"   USER: 1 models","timestamp":"2026-02-13 20:00:58"}
{"level":"info","message":"   ACCOUNTING: 1 models","timestamp":"2026-02-13 20:00:58"}
{"level":"info","message":"   AUDIT: 1 models","timestamp":"2026-02-13 20:00:58"}
{"level":"info","logDir":"logs","message":"🚀 Winston logger initialized","nodeVersion":"v24.13.0","platform":"win32","timestamp":"2026-02-13 20:01:39"}
{"errors":["Role 28: Permission undefined not found in REPORT","Role 28: Permission undefined not found in REPORT","Role 38: Permission undefined not found in VAULT"],"level":"warn","message":"Permission validation errors","timestamp":"2026-02-13 20:01:41"}
{"errors":["Role 28: Permission undefined not found in REPORT","Role 28: Permission undefined not found in REPORT","Role 38: Permission undefined not found in VAULT"],"level":"warn","message":"Permission validation errors","timestamp":"2026-02-13 20:01:41"}
{"level":"info","message":"Server time initialized (WAT): 2026-02-14T05:01:44.026Z","timestamp":"2026-02-13 20:01:44"}
{"error":"auditLogger.info(...).catch is not a function","level":"warn","message":"Could not log startup audit","timestamp":"2026-02-13 20:01:44"}
{"level":"info","message":"🔧 Auto-initializing models in development mode...","timestamp":"2026-02-13 20:01:44"}
{"level":"info","message":"🚀 Initializing model loader...","timestamp":"2026-02-13 20:01:44"}
{"level":"info","message":"✅ Models loaded via index.js","timestamp":"2026-02-13 20:01:44"}
{"level":"info","message":"✅ Loaded critical model User on demand","timestamp":"2026-02-13 20:01:44"}
{"level":"info","message":"✅ Loaded critical model Customer on demand","timestamp":"2026-02-13 20:01:44"}
{"level":"info","message":"✅ Loaded critical model CustomerAccount on demand","timestamp":"2026-02-13 20:01:44"}
{"level":"info","message":"✅ Loaded critical model LoanAccount on demand","timestamp":"2026-02-13 20:01:44"}
{"level":"info","message":"✅ Loaded critical model LoanRepayment on demand","timestamp":"2026-02-13 20:01:44"}
{"level":"info","message":"✅ Loaded critical model Deposit on demand","timestamp":"2026-02-13 20:01:44"}
{"level":"info","message":"✅ Loaded critical model Transaction on demand","timestamp":"2026-02-13 20:01:44"}
{"level":"info","message":"✅ Loaded critical model GLAccount on demand","timestamp":"2026-02-13 20:01:44"}
{"level":"info","message":"✅ Loaded critical model AuditTrail on demand","timestamp":"2026-02-13 20:01:44"}
{"level":"info","message":"✅ Model loader initialized successfully","timestamp":"2026-02-13 20:01:44"}
{"level":"info","message":"📊 Loaded models: sequelize, Op, DataTypes, QueryTypes, User, Customer, CustomerAccount, LoanAccount, LoanRepayment, Deposit, Transaction, GLAccount, AuditTrail","timestamp":"2026-02-13 20:01:44"}
{"level":"info","message":"📊 Model Statistics:","timestamp":"2026-02-13 20:01:44"}
{"level":"info","message":"   Total models loaded: 13","timestamp":"2026-02-13 20:01:44"}
{"level":"info","message":"   CUSTOMER: 2 models","timestamp":"2026-02-13 20:01:44"}
{"level":"info","message":"   LOAN: 2 models","timestamp":"2026-02-13 20:01:44"}
{"level":"info","message":"   DEPOSIT: 1 models","timestamp":"2026-02-13 20:01:44"}
{"level":"info","message":"   TRANSACTION: 1 models","timestamp":"2026-02-13 20:01:44"}
{"level":"info","message":"   USER: 1 models","timestamp":"2026-02-13 20:01:44"}
{"level":"info","message":"   ACCOUNTING: 1 models","timestamp":"2026-02-13 20:01:44"}
{"level":"info","message":"   AUDIT: 1 models","timestamp":"2026-02-13 20:01:44"}
{"level":"info","logDir":"logs","message":"🚀 Winston logger initialized","nodeVersion":"v24.13.0","platform":"win32","timestamp":"2026-02-13 20:01:39"}
{"errors":["Role 28: Permission undefined not found in REPORT","Role 28: Permission undefined not found in REPORT","Role 38: Permission undefined not found in VAULT"],"level":"warn","message":"Permission validation errors","timestamp":"2026-02-13 20:01:41"}
{"errors":["Role 28: Permission undefined not found in REPORT","Role 28: Permission undefined not found in REPORT","Role 38: Permission undefined not found in VAULT"],"level":"warn","message":"Permission validation errors","timestamp":"2026-02-13 20:01:42"}
{"level":"info","message":"Server time initialized (WAT): 2026-02-14T05:01:44.047Z","timestamp":"2026-02-13 20:01:44"}
{"error":"auditLogger.info(...).catch is not a function","level":"warn","message":"Could not log startup audit","timestamp":"2026-02-13 20:01:44"}
{"level":"info","message":"🔧 Auto-initializing models in development mode...","timestamp":"2026-02-13 20:01:44"}
{"level":"info","message":"🚀 Initializing model loader...","timestamp":"2026-02-13 20:01:44"}
{"level":"info","message":"✅ Models loaded via index.js","timestamp":"2026-02-13 20:01:44"}
{"level":"info","message":"✅ Loaded critical model User on demand","timestamp":"2026-02-13 20:01:44"}
{"level":"info","message":"✅ Loaded critical model Customer on demand","timestamp":"2026-02-13 20:01:44"}
{"level":"info","message":"✅ Loaded critical model CustomerAccount on demand","timestamp":"2026-02-13 20:01:44"}
{"level":"info","message":"✅ Loaded critical model LoanAccount on demand","timestamp":"2026-02-13 20:01:44"}
{"level":"info","message":"✅ Loaded critical model LoanRepayment on demand","timestamp":"2026-02-13 20:01:44"}
{"level":"info","message":"✅ Loaded critical model Deposit on demand","timestamp":"2026-02-13 20:01:44"}
{"level":"info","message":"✅ Loaded critical model Transaction on demand","timestamp":"2026-02-13 20:01:44"}
{"level":"info","message":"✅ Loaded critical model GLAccount on demand","timestamp":"2026-02-13 20:01:44"}
{"level":"info","message":"✅ Loaded critical model AuditTrail on demand","timestamp":"2026-02-13 20:01:44"}
{"level":"info","message":"✅ Model loader initialized successfully","timestamp":"2026-02-13 20:01:44"}
{"level":"info","message":"📊 Loaded models: sequelize, Op, DataTypes, QueryTypes, User, Customer, CustomerAccount, LoanAccount, LoanRepayment, Deposit, Transaction, GLAccount, AuditTrail","timestamp":"2026-02-13 20:01:44"}
{"level":"info","message":"📊 Model Statistics:","timestamp":"2026-02-13 20:01:44"}
{"level":"info","message":"   Total models loaded: 13","timestamp":"2026-02-13 20:01:44"}
{"level":"info","message":"   CUSTOMER: 2 models","timestamp":"2026-02-13 20:01:44"}
{"level":"info","message":"   LOAN: 2 models","timestamp":"2026-02-13 20:01:44"}
{"level":"info","message":"   DEPOSIT: 1 models","timestamp":"2026-02-13 20:01:44"}
{"level":"info","message":"   TRANSACTION: 1 models","timestamp":"2026-02-13 20:01:44"}
{"level":"info","message":"   USER: 1 models","timestamp":"2026-02-13 20:01:44"}
{"level":"info","message":"   ACCOUNTING: 1 models","timestamp":"2026-02-13 20:01:44"}
{"level":"info","message":"   AUDIT: 1 models","timestamp":"2026-02-13 20:01:44"}
{"level":"info","logDir":"logs","message":"🚀 Winston logger initialized","nodeVersion":"v24.13.0","platform":"win32","timestamp":"2026-02-13 20:01:39"}
{"errors":["Role 28: Permission undefined not found in REPORT","Role 28: Permission undefined not found in REPORT","Role 38: Permission undefined not found in VAULT"],"level":"warn","message":"Permission validation errors","timestamp":"2026-02-13 20:01:41"}
{"errors":["Role 28: Permission undefined not found in REPORT","Role 28: Permission undefined not found in REPORT","Role 38: Permission undefined not found in VAULT"],"level":"warn","message":"Permission validation errors","timestamp":"2026-02-13 20:01:42"}
{"level":"info","message":"Server time initialized (WAT): 2026-02-14T05:01:44.171Z","timestamp":"2026-02-13 20:01:44"}
{"error":"auditLogger.info(...).catch is not a function","level":"warn","message":"Could not log startup audit","timestamp":"2026-02-13 20:01:44"}
{"level":"info","message":"🔧 Auto-initializing models in development mode...","timestamp":"2026-02-13 20:01:44"}
{"level":"info","message":"🚀 Initializing model loader...","timestamp":"2026-02-13 20:01:44"}
{"level":"info","message":"✅ Models loaded via index.js","timestamp":"2026-02-13 20:01:44"}
{"level":"info","message":"✅ Loaded critical model User on demand","timestamp":"2026-02-13 20:01:44"}
{"level":"info","message":"✅ Loaded critical model Customer on demand","timestamp":"2026-02-13 20:01:44"}
{"level":"info","message":"✅ Loaded critical model CustomerAccount on demand","timestamp":"2026-02-13 20:01:44"}
{"level":"info","message":"✅ Loaded critical model LoanAccount on demand","timestamp":"2026-02-13 20:01:44"}
{"level":"info","message":"✅ Loaded critical model LoanRepayment on demand","timestamp":"2026-02-13 20:01:44"}
{"level":"info","message":"✅ Loaded critical model Deposit on demand","timestamp":"2026-02-13 20:01:45"}
{"level":"info","message":"✅ Loaded critical model Transaction on demand","timestamp":"2026-02-13 20:01:45"}
{"level":"info","message":"✅ Loaded critical model GLAccount on demand","timestamp":"2026-02-13 20:01:45"}
{"level":"info","message":"✅ Loaded critical model AuditTrail on demand","timestamp":"2026-02-13 20:01:45"}
{"level":"info","message":"✅ Model loader initialized successfully","timestamp":"2026-02-13 20:01:45"}
{"level":"info","message":"📊 Loaded models: sequelize, Op, DataTypes, QueryTypes, User, Customer, CustomerAccount, LoanAccount, LoanRepayment, Deposit, Transaction, GLAccount, AuditTrail","timestamp":"2026-02-13 20:01:45"}
{"level":"info","message":"📊 Model Statistics:","timestamp":"2026-02-13 20:01:45"}
{"level":"info","message":"   Total models loaded: 13","timestamp":"2026-02-13 20:01:45"}
{"level":"info","message":"   CUSTOMER: 2 models","timestamp":"2026-02-13 20:01:45"}
{"level":"info","message":"   LOAN: 2 models","timestamp":"2026-02-13 20:01:45"}
{"level":"info","message":"   DEPOSIT: 1 models","timestamp":"2026-02-13 20:01:45"}
{"level":"info","message":"   TRANSACTION: 1 models","timestamp":"2026-02-13 20:01:45"}
{"level":"info","message":"   USER: 1 models","timestamp":"2026-02-13 20:01:45"}
{"level":"info","message":"   ACCOUNTING: 1 models","timestamp":"2026-02-13 20:01:45"}
{"level":"info","message":"   AUDIT: 1 models","timestamp":"2026-02-13 20:01:45"}
{"level":"info","logDir":"logs","message":"🚀 Winston logger initialized","nodeVersion":"v24.13.0","platform":"win32","timestamp":"2026-02-13 20:01:39"}
{"errors":["Role 28: Permission undefined not found in REPORT","Role 28: Permission undefined not found in REPORT","Role 38: Permission undefined not found in VAULT"],"level":"warn","message":"Permission validation errors","timestamp":"2026-02-13 20:01:41"}
{"errors":["Role 28: Permission undefined not found in REPORT","Role 28: Permission undefined not found in REPORT","Role 38: Permission undefined not found in VAULT"],"level":"warn","message":"Permission validation errors","timestamp":"2026-02-13 20:01:42"}
{"level":"info","message":"Server time initialized (WAT): 2026-02-14T05:01:44.182Z","timestamp":"2026-02-13 20:01:44"}
{"error":"auditLogger.info(...).catch is not a function","level":"warn","message":"Could not log startup audit","timestamp":"2026-02-13 20:01:44"}
{"level":"info","message":"🔧 Auto-initializing models in development mode...","timestamp":"2026-02-13 20:01:44"}
{"level":"info","message":"🚀 Initializing model loader...","timestamp":"2026-02-13 20:01:44"}
{"level":"info","message":"✅ Models loaded via index.js","timestamp":"2026-02-13 20:01:44"}
{"level":"info","message":"✅ Loaded critical model User on demand","timestamp":"2026-02-13 20:01:44"}
{"level":"info","message":"✅ Loaded critical model Customer on demand","timestamp":"2026-02-13 20:01:44"}
{"level":"info","message":"✅ Loaded critical model CustomerAccount on demand","timestamp":"2026-02-13 20:01:44"}
{"level":"info","message":"✅ Loaded critical model LoanAccount on demand","timestamp":"2026-02-13 20:01:44"}
{"level":"info","message":"✅ Loaded critical model LoanRepayment on demand","timestamp":"2026-02-13 20:01:44"}
{"level":"info","message":"✅ Loaded critical model Deposit on demand","timestamp":"2026-02-13 20:01:45"}
{"level":"info","message":"✅ Loaded critical model Transaction on demand","timestamp":"2026-02-13 20:01:45"}
{"level":"info","message":"✅ Loaded critical model GLAccount on demand","timestamp":"2026-02-13 20:01:45"}
{"level":"info","message":"✅ Loaded critical model AuditTrail on demand","timestamp":"2026-02-13 20:01:45"}
{"level":"info","message":"✅ Model loader initialized successfully","timestamp":"2026-02-13 20:01:45"}
{"level":"info","message":"📊 Loaded models: sequelize, Op, DataTypes, QueryTypes, User, Customer, CustomerAccount, LoanAccount, LoanRepayment, Deposit, Transaction, GLAccount, AuditTrail","timestamp":"2026-02-13 20:01:45"}
{"level":"info","message":"📊 Model Statistics:","timestamp":"2026-02-13 20:01:45"}
{"level":"info","message":"   Total models loaded: 13","timestamp":"2026-02-13 20:01:45"}
{"level":"info","message":"   CUSTOMER: 2 models","timestamp":"2026-02-13 20:01:45"}
{"level":"info","message":"   LOAN: 2 models","timestamp":"2026-02-13 20:01:45"}
{"level":"info","message":"   DEPOSIT: 1 models","timestamp":"2026-02-13 20:01:45"}
{"level":"info","message":"   TRANSACTION: 1 models","timestamp":"2026-02-13 20:01:45"}
{"level":"info","message":"   USER: 1 models","timestamp":"2026-02-13 20:01:45"}
{"level":"info","message":"   ACCOUNTING: 1 models","timestamp":"2026-02-13 20:01:45"}
{"level":"info","message":"   AUDIT: 1 models","timestamp":"2026-02-13 20:01:45"}
{"level":"info","logDir":"logs","message":"🚀 Winston logger initialized","nodeVersion":"v24.13.0","platform":"win32","timestamp":"2026-02-13 20:02:31"}
{"errors":["Role 28: Permission undefined not found in REPORT","Role 28: Permission undefined not found in REPORT","Role 38: Permission undefined not found in VAULT"],"level":"warn","message":"Permission validation errors","timestamp":"2026-02-13 20:02:33"}
{"errors":["Role 28: Permission undefined not found in REPORT","Role 28: Permission undefined not found in REPORT","Role 38: Permission undefined not found in VAULT"],"level":"warn","message":"Permission validation errors","timestamp":"2026-02-13 20:02:34"}
{"level":"info","message":"Server time initialized (WAT): 2026-02-14T05:02:36.508Z","timestamp":"2026-02-13 20:02:36"}
{"error":"auditLogger.info(...).catch is not a function","level":"warn","message":"Could not log startup audit","timestamp":"2026-02-13 20:02:36"}
{"level":"info","message":"🔧 Auto-initializing models in development mode...","timestamp":"2026-02-13 20:02:37"}
{"level":"info","message":"🚀 Initializing model loader...","timestamp":"2026-02-13 20:02:37"}
{"level":"info","message":"✅ Models loaded via index.js","timestamp":"2026-02-13 20:02:37"}
{"level":"info","message":"✅ Loaded critical model User on demand","timestamp":"2026-02-13 20:02:37"}
{"level":"info","message":"✅ Loaded critical model Customer on demand","timestamp":"2026-02-13 20:02:37"}
{"level":"info","message":"✅ Loaded critical model CustomerAccount on demand","timestamp":"2026-02-13 20:02:37"}
{"level":"info","message":"✅ Loaded critical model LoanAccount on demand","timestamp":"2026-02-13 20:02:37"}
{"level":"info","message":"✅ Loaded critical model LoanRepayment on demand","timestamp":"2026-02-13 20:02:37"}
{"level":"info","message":"✅ Loaded critical model Deposit on demand","timestamp":"2026-02-13 20:02:37"}
{"level":"info","message":"✅ Loaded critical model Transaction on demand","timestamp":"2026-02-13 20:02:37"}
{"level":"info","message":"✅ Loaded critical model GLAccount on demand","timestamp":"2026-02-13 20:02:37"}
{"level":"info","message":"✅ Loaded critical model AuditTrail on demand","timestamp":"2026-02-13 20:02:37"}
{"level":"info","message":"✅ Model loader initialized successfully","timestamp":"2026-02-13 20:02:37"}
{"level":"info","message":"📊 Loaded models: sequelize, Op, DataTypes, QueryTypes, User, Customer, CustomerAccount, LoanAccount, LoanRepayment, Deposit, Transaction, GLAccount, AuditTrail","timestamp":"2026-02-13 20:02:37"}
{"level":"info","message":"📊 Model Statistics:","timestamp":"2026-02-13 20:02:37"}
{"level":"info","message":"   Total models loaded: 13","timestamp":"2026-02-13 20:02:37"}
{"level":"info","message":"   CUSTOMER: 2 models","timestamp":"2026-02-13 20:02:37"}
{"level":"info","message":"   LOAN: 2 models","timestamp":"2026-02-13 20:02:37"}
{"level":"info","message":"   DEPOSIT: 1 models","timestamp":"2026-02-13 20:02:37"}
{"level":"info","message":"   TRANSACTION: 1 models","timestamp":"2026-02-13 20:02:37"}
{"level":"info","message":"   USER: 1 models","timestamp":"2026-02-13 20:02:37"}
{"level":"info","message":"   ACCOUNTING: 1 models","timestamp":"2026-02-13 20:02:37"}
{"level":"info","message":"   AUDIT: 1 models","timestamp":"2026-02-13 20:02:37"}
{"level":"info","logDir":"logs","message":"🚀 Winston logger initialized","nodeVersion":"v24.13.0","platform":"win32","timestamp":"2026-02-13 20:02:31"}
{"errors":["Role 28: Permission undefined not found in REPORT","Role 28: Permission undefined not found in REPORT","Role 38: Permission undefined not found in VAULT"],"level":"warn","message":"Permission validation errors","timestamp":"2026-02-13 20:02:33"}
{"errors":["Role 28: Permission undefined not found in REPORT","Role 28: Permission undefined not found in REPORT","Role 38: Permission undefined not found in VAULT"],"level":"warn","message":"Permission validation errors","timestamp":"2026-02-13 20:02:34"}
{"level":"info","message":"Server time initialized (WAT): 2026-02-14T05:02:36.555Z","timestamp":"2026-02-13 20:02:36"}
{"error":"auditLogger.info(...).catch is not a function","level":"warn","message":"Could not log startup audit","timestamp":"2026-02-13 20:02:36"}
{"level":"info","message":"🔧 Auto-initializing models in development mode...","timestamp":"2026-02-13 20:02:37"}
{"level":"info","message":"🚀 Initializing model loader...","timestamp":"2026-02-13 20:02:37"}
{"level":"info","message":"✅ Models loaded via index.js","timestamp":"2026-02-13 20:02:37"}
{"level":"info","message":"✅ Loaded critical model User on demand","timestamp":"2026-02-13 20:02:37"}
{"level":"info","message":"✅ Loaded critical model Customer on demand","timestamp":"2026-02-13 20:02:37"}
{"level":"info","message":"✅ Loaded critical model CustomerAccount on demand","timestamp":"2026-02-13 20:02:37"}
{"level":"info","message":"✅ Loaded critical model LoanAccount on demand","timestamp":"2026-02-13 20:02:37"}
{"level":"info","message":"✅ Loaded critical model LoanRepayment on demand","timestamp":"2026-02-13 20:02:37"}
{"level":"info","message":"✅ Loaded critical model Deposit on demand","timestamp":"2026-02-13 20:02:37"}
{"level":"info","message":"✅ Loaded critical model Transaction on demand","timestamp":"2026-02-13 20:02:37"}
{"level":"info","message":"✅ Loaded critical model GLAccount on demand","timestamp":"2026-02-13 20:02:37"}
{"level":"info","message":"✅ Loaded critical model AuditTrail on demand","timestamp":"2026-02-13 20:02:37"}
{"level":"info","message":"✅ Model loader initialized successfully","timestamp":"2026-02-13 20:02:37"}
{"level":"info","message":"📊 Loaded models: sequelize, Op, DataTypes, QueryTypes, User, Customer, CustomerAccount, LoanAccount, LoanRepayment, Deposit, Transaction, GLAccount, AuditTrail","timestamp":"2026-02-13 20:02:37"}
{"level":"info","message":"📊 Model Statistics:","timestamp":"2026-02-13 20:02:37"}
{"level":"info","message":"   Total models loaded: 13","timestamp":"2026-02-13 20:02:37"}
{"level":"info","message":"   CUSTOMER: 2 models","timestamp":"2026-02-13 20:02:37"}
{"level":"info","message":"   LOAN: 2 models","timestamp":"2026-02-13 20:02:37"}
{"level":"info","message":"   DEPOSIT: 1 models","timestamp":"2026-02-13 20:02:37"}
{"level":"info","message":"   TRANSACTION: 1 models","timestamp":"2026-02-13 20:02:37"}
{"level":"info","message":"   USER: 1 models","timestamp":"2026-02-13 20:02:37"}
{"level":"info","message":"   ACCOUNTING: 1 models","timestamp":"2026-02-13 20:02:37"}
{"level":"info","message":"   AUDIT: 1 models","timestamp":"2026-02-13 20:02:37"}
{"level":"info","logDir":"logs","message":"🚀 Winston logger initialized","nodeVersion":"v24.13.0","platform":"win32","timestamp":"2026-02-13 20:02:31"}
{"errors":["Role 28: Permission undefined not found in REPORT","Role 28: Permission undefined not found in REPORT","Role 38: Permission undefined not found in VAULT"],"level":"warn","message":"Permission validation errors","timestamp":"2026-02-13 20:02:33"}
{"errors":["Role 28: Permission undefined not found in REPORT","Role 28: Permission undefined not found in REPORT","Role 38: Permission undefined not found in VAULT"],"level":"warn","message":"Permission validation errors","timestamp":"2026-02-13 20:02:34"}
{"level":"info","message":"Server time initialized (WAT): 2026-02-14T05:02:36.718Z","timestamp":"2026-02-13 20:02:36"}
{"error":"auditLogger.info(...).catch is not a function","level":"warn","message":"Could not log startup audit","timestamp":"2026-02-13 20:02:36"}
{"level":"info","message":"🔧 Auto-initializing models in development mode...","timestamp":"2026-02-13 20:02:37"}
{"level":"info","message":"🚀 Initializing model loader...","timestamp":"2026-02-13 20:02:37"}
{"level":"info","message":"✅ Models loaded via index.js","timestamp":"2026-02-13 20:02:37"}
{"level":"info","message":"✅ Loaded critical model User on demand","timestamp":"2026-02-13 20:02:37"}
{"level":"info","message":"✅ Loaded critical model Customer on demand","timestamp":"2026-02-13 20:02:37"}
{"level":"info","message":"✅ Loaded critical model CustomerAccount on demand","timestamp":"2026-02-13 20:02:37"}
{"level":"info","message":"✅ Loaded critical model LoanAccount on demand","timestamp":"2026-02-13 20:02:37"}
{"level":"info","message":"✅ Loaded critical model LoanRepayment on demand","timestamp":"2026-02-13 20:02:37"}
{"level":"info","message":"✅ Loaded critical model Deposit on demand","timestamp":"2026-02-13 20:02:37"}
{"level":"info","message":"✅ Loaded critical model Transaction on demand","timestamp":"2026-02-13 20:02:37"}
{"level":"info","message":"✅ Loaded critical model GLAccount on demand","timestamp":"2026-02-13 20:02:37"}
{"level":"info","message":"✅ Loaded critical model AuditTrail on demand","timestamp":"2026-02-13 20:02:37"}
{"level":"info","message":"✅ Model loader initialized successfully","timestamp":"2026-02-13 20:02:37"}
{"level":"info","message":"📊 Loaded models: sequelize, Op, DataTypes, QueryTypes, User, Customer, CustomerAccount, LoanAccount, LoanRepayment, Deposit, Transaction, GLAccount, AuditTrail","timestamp":"2026-02-13 20:02:37"}
{"level":"info","message":"📊 Model Statistics:","timestamp":"2026-02-13 20:02:37"}
{"level":"info","message":"   Total models loaded: 13","timestamp":"2026-02-13 20:02:37"}
{"level":"info","message":"   CUSTOMER: 2 models","timestamp":"2026-02-13 20:02:37"}
{"level":"info","message":"   LOAN: 2 models","timestamp":"2026-02-13 20:02:37"}
{"level":"info","message":"   DEPOSIT: 1 models","timestamp":"2026-02-13 20:02:37"}
{"level":"info","message":"   TRANSACTION: 1 models","timestamp":"2026-02-13 20:02:37"}
{"level":"info","message":"   USER: 1 models","timestamp":"2026-02-13 20:02:37"}
{"level":"info","message":"   ACCOUNTING: 1 models","timestamp":"2026-02-13 20:02:37"}
{"level":"info","message":"   AUDIT: 1 models","timestamp":"2026-02-13 20:02:37"}
{"level":"info","logDir":"logs","message":"🚀 Winston logger initialized","nodeVersion":"v24.13.0","platform":"win32","timestamp":"2026-02-13 20:02:31"}
{"errors":["Role 28: Permission undefined not found in REPORT","Role 28: Permission undefined not found in REPORT","Role 38: Permission undefined not found in VAULT"],"level":"warn","message":"Permission validation errors","timestamp":"2026-02-13 20:02:33"}
{"errors":["Role 28: Permission undefined not found in REPORT","Role 28: Permission undefined not found in REPORT","Role 38: Permission undefined not found in VAULT"],"level":"warn","message":"Permission validation errors","timestamp":"2026-02-13 20:02:34"}
{"level":"info","message":"Server time initialized (WAT): 2026-02-14T05:02:36.812Z","timestamp":"2026-02-13 20:02:36"}
{"error":"auditLogger.info(...).catch is not a function","level":"warn","message":"Could not log startup audit","timestamp":"2026-02-13 20:02:36"}
{"level":"info","message":"🔧 Auto-initializing models in development mode...","timestamp":"2026-02-13 20:02:37"}
{"level":"info","message":"🚀 Initializing model loader...","timestamp":"2026-02-13 20:02:37"}
{"level":"info","message":"✅ Models loaded via index.js","timestamp":"2026-02-13 20:02:37"}
{"level":"info","message":"✅ Loaded critical model User on demand","timestamp":"2026-02-13 20:02:37"}
{"level":"info","message":"✅ Loaded critical model Customer on demand","timestamp":"2026-02-13 20:02:37"}
{"level":"info","message":"✅ Loaded critical model CustomerAccount on demand","timestamp":"2026-02-13 20:02:37"}
{"level":"info","message":"✅ Loaded critical model LoanAccount on demand","timestamp":"2026-02-13 20:02:37"}
{"level":"info","message":"✅ Loaded critical model LoanRepayment on demand","timestamp":"2026-02-13 20:02:37"}
{"level":"info","message":"✅ Loaded critical model Deposit on demand","timestamp":"2026-02-13 20:02:37"}
{"level":"info","message":"✅ Loaded critical model Transaction on demand","timestamp":"2026-02-13 20:02:37"}
{"level":"info","message":"✅ Loaded critical model GLAccount on demand","timestamp":"2026-02-13 20:02:37"}
{"level":"info","message":"✅ Loaded critical model AuditTrail on demand","timestamp":"2026-02-13 20:02:37"}
{"level":"info","message":"✅ Model loader initialized successfully","timestamp":"2026-02-13 20:02:37"}
{"level":"info","message":"📊 Loaded models: sequelize, Op, DataTypes, QueryTypes, User, Customer, CustomerAccount, LoanAccount, LoanRepayment, Deposit, Transaction, GLAccount, AuditTrail","timestamp":"2026-02-13 20:02:37"}
{"level":"info","message":"📊 Model Statistics:","timestamp":"2026-02-13 20:02:37"}
{"level":"info","message":"   Total models loaded: 13","timestamp":"2026-02-13 20:02:37"}
{"level":"info","message":"   CUSTOMER: 2 models","timestamp":"2026-02-13 20:02:37"}
{"level":"info","message":"   LOAN: 2 models","timestamp":"2026-02-13 20:02:37"}
{"level":"info","message":"   DEPOSIT: 1 models","timestamp":"2026-02-13 20:02:37"}
{"level":"info","message":"   TRANSACTION: 1 models","timestamp":"2026-02-13 20:02:37"}
{"level":"info","message":"   USER: 1 models","timestamp":"2026-02-13 20:02:37"}
{"level":"info","message":"   ACCOUNTING: 1 models","timestamp":"2026-02-13 20:02:37"}
{"level":"info","message":"   AUDIT: 1 models","timestamp":"2026-02-13 20:02:37"}
{"level":"info","logDir":"logs","message":"🚀 Winston logger initialized","nodeVersion":"v24.13.0","platform":"win32","timestamp":"2026-02-13 20:04:26"}
{"errors":["Role 28: Permission undefined not found in REPORT","Role 28: Permission undefined not found in REPORT","Role 38: Permission undefined not found in VAULT"],"level":"warn","message":"Permission validation errors","timestamp":"2026-02-13 20:04:35"}
{"errors":["Role 28: Permission undefined not found in REPORT","Role 28: Permission undefined not found in REPORT","Role 38: Permission undefined not found in VAULT"],"level":"warn","message":"Permission validation errors","timestamp":"2026-02-13 20:04:37"}
{"level":"info","message":"Server time initialized (WAT): 2026-02-14T05:04:43.814Z","timestamp":"2026-02-13 20:04:43"}
{"error":"auditLogger.info(...).catch is not a function","level":"warn","message":"Could not log startup audit","timestamp":"2026-02-13 20:04:43"}
{"level":"info","message":"🔧 Auto-initializing models in development mode...","timestamp":"2026-02-13 20:04:44"}
{"level":"info","message":"🚀 Initializing model loader...","timestamp":"2026-02-13 20:04:44"}
{"level":"info","message":"✅ Models loaded via index.js","timestamp":"2026-02-13 20:04:44"}
{"level":"info","message":"✅ Loaded critical model User on demand","timestamp":"2026-02-13 20:04:44"}
{"level":"info","message":"✅ Loaded critical model Customer on demand","timestamp":"2026-02-13 20:04:44"}
{"level":"info","message":"✅ Loaded critical model CustomerAccount on demand","timestamp":"2026-02-13 20:04:44"}
{"level":"info","message":"✅ Loaded critical model LoanAccount on demand","timestamp":"2026-02-13 20:04:44"}
{"level":"info","message":"✅ Loaded critical model LoanRepayment on demand","timestamp":"2026-02-13 20:04:44"}
{"level":"info","message":"✅ Loaded critical model Deposit on demand","timestamp":"2026-02-13 20:04:44"}
{"level":"info","message":"✅ Loaded critical model Transaction on demand","timestamp":"2026-02-13 20:04:44"}
{"level":"info","message":"✅ Loaded critical model GLAccount on demand","timestamp":"2026-02-13 20:04:44"}
{"level":"info","message":"✅ Loaded critical model AuditTrail on demand","timestamp":"2026-02-13 20:04:44"}
{"level":"info","message":"✅ Model loader initialized successfully","timestamp":"2026-02-13 20:04:44"}
{"level":"info","message":"📊 Loaded models: sequelize, Op, DataTypes, QueryTypes, User, Customer, CustomerAccount, LoanAccount, LoanRepayment, Deposit, Transaction, GLAccount, AuditTrail","timestamp":"2026-02-13 20:04:44"}
{"level":"info","message":"📊 Model Statistics:","timestamp":"2026-02-13 20:04:44"}
{"level":"info","message":"   Total models loaded: 13","timestamp":"2026-02-13 20:04:44"}
{"level":"info","message":"   CUSTOMER: 2 models","timestamp":"2026-02-13 20:04:44"}
{"level":"info","message":"   LOAN: 2 models","timestamp":"2026-02-13 20:04:44"}
{"level":"info","message":"   DEPOSIT: 1 models","timestamp":"2026-02-13 20:04:44"}
{"level":"info","message":"   TRANSACTION: 1 models","timestamp":"2026-02-13 20:04:44"}
{"level":"info","message":"   USER: 1 models","timestamp":"2026-02-13 20:04:44"}
{"level":"info","message":"   ACCOUNTING: 1 models","timestamp":"2026-02-13 20:04:44"}
{"level":"info","message":"   AUDIT: 1 models","timestamp":"2026-02-13 20:04:44"}
{"level":"info","logDir":"logs","message":"🚀 Winston logger initialized","nodeVersion":"v24.13.0","platform":"win32","timestamp":"2026-02-13 20:04:26"}
{"errors":["Role 28: Permission undefined not found in REPORT","Role 28: Permission undefined not found in REPORT","Role 38: Permission undefined not found in VAULT"],"level":"warn","message":"Permission validation errors","timestamp":"2026-02-13 20:04:36"}
{"errors":["Role 28: Permission undefined not found in REPORT","Role 28: Permission undefined not found in REPORT","Role 38: Permission undefined not found in VAULT"],"level":"warn","message":"Permission validation errors","timestamp":"2026-02-13 20:04:37"}
{"level":"info","message":"Server time initialized (WAT): 2026-02-14T05:04:43.845Z","timestamp":"2026-02-13 20:04:43"}
{"error":"auditLogger.info(...).catch is not a function","level":"warn","message":"Could not log startup audit","timestamp":"2026-02-13 20:04:43"}
{"level":"info","message":"🔧 Auto-initializing models in development mode...","timestamp":"2026-02-13 20:04:44"}
{"level":"info","message":"🚀 Initializing model loader...","timestamp":"2026-02-13 20:04:44"}
{"level":"info","message":"✅ Models loaded via index.js","timestamp":"2026-02-13 20:04:44"}
{"level":"info","message":"✅ Loaded critical model User on demand","timestamp":"2026-02-13 20:04:44"}
{"level":"info","message":"✅ Loaded critical model Customer on demand","timestamp":"2026-02-13 20:04:44"}
{"level":"info","message":"✅ Loaded critical model CustomerAccount on demand","timestamp":"2026-02-13 20:04:44"}
{"level":"info","message":"✅ Loaded critical model LoanAccount on demand","timestamp":"2026-02-13 20:04:44"}
{"level":"info","message":"✅ Loaded critical model LoanRepayment on demand","timestamp":"2026-02-13 20:04:44"}
{"level":"info","message":"✅ Loaded critical model Deposit on demand","timestamp":"2026-02-13 20:04:44"}
{"level":"info","message":"✅ Loaded critical model Transaction on demand","timestamp":"2026-02-13 20:04:44"}
{"level":"info","message":"✅ Loaded critical model GLAccount on demand","timestamp":"2026-02-13 20:04:44"}
{"level":"info","message":"✅ Loaded critical model AuditTrail on demand","timestamp":"2026-02-13 20:04:44"}
{"level":"info","message":"✅ Model loader initialized successfully","timestamp":"2026-02-13 20:04:44"}
{"level":"info","message":"📊 Loaded models: sequelize, Op, DataTypes, QueryTypes, User, Customer, CustomerAccount, LoanAccount, LoanRepayment, Deposit, Transaction, GLAccount, AuditTrail","timestamp":"2026-02-13 20:04:44"}
{"level":"info","message":"📊 Model Statistics:","timestamp":"2026-02-13 20:04:44"}
{"level":"info","message":"   Total models loaded: 13","timestamp":"2026-02-13 20:04:44"}
{"level":"info","message":"   CUSTOMER: 2 models","timestamp":"2026-02-13 20:04:44"}
{"level":"info","message":"   LOAN: 2 models","timestamp":"2026-02-13 20:04:44"}
{"level":"info","message":"   DEPOSIT: 1 models","timestamp":"2026-02-13 20:04:44"}
{"level":"info","message":"   TRANSACTION: 1 models","timestamp":"2026-02-13 20:04:44"}
{"level":"info","message":"   USER: 1 models","timestamp":"2026-02-13 20:04:44"}
{"level":"info","message":"   ACCOUNTING: 1 models","timestamp":"2026-02-13 20:04:44"}
{"level":"info","message":"   AUDIT: 1 models","timestamp":"2026-02-13 20:04:44"}
{"level":"info","logDir":"logs","message":"🚀 Winston logger initialized","nodeVersion":"v24.13.0","platform":"win32","timestamp":"2026-02-13 20:04:26"}
{"errors":["Role 28: Permission undefined not found in REPORT","Role 28: Permission undefined not found in REPORT","Role 38: Permission undefined not found in VAULT"],"level":"warn","message":"Permission validation errors","timestamp":"2026-02-13 20:04:35"}
{"errors":["Role 28: Permission undefined not found in REPORT","Role 28: Permission undefined not found in REPORT","Role 38: Permission undefined not found in VAULT"],"level":"warn","message":"Permission validation errors","timestamp":"2026-02-13 20:04:37"}
{"level":"info","message":"Server time initialized (WAT): 2026-02-14T05:04:43.791Z","timestamp":"2026-02-13 20:04:43"}
{"error":"auditLogger.info(...).catch is not a function","level":"warn","message":"Could not log startup audit","timestamp":"2026-02-13 20:04:43"}
{"level":"info","message":"🔧 Auto-initializing models in development mode...","timestamp":"2026-02-13 20:04:44"}
{"level":"info","message":"🚀 Initializing model loader...","timestamp":"2026-02-13 20:04:44"}
{"level":"info","message":"✅ Models loaded via index.js","timestamp":"2026-02-13 20:04:44"}
{"level":"info","message":"✅ Loaded critical model User on demand","timestamp":"2026-02-13 20:04:44"}
{"level":"info","message":"✅ Loaded critical model Customer on demand","timestamp":"2026-02-13 20:04:44"}
{"level":"info","message":"✅ Loaded critical model CustomerAccount on demand","timestamp":"2026-02-13 20:04:44"}
{"level":"info","message":"✅ Loaded critical model LoanAccount on demand","timestamp":"2026-02-13 20:04:44"}
{"level":"info","message":"✅ Loaded critical model LoanRepayment on demand","timestamp":"2026-02-13 20:04:44"}
{"level":"info","message":"✅ Loaded critical model Deposit on demand","timestamp":"2026-02-13 20:04:44"}
{"level":"info","message":"✅ Loaded critical model Transaction on demand","timestamp":"2026-02-13 20:04:44"}
{"level":"info","message":"✅ Loaded critical model GLAccount on demand","timestamp":"2026-02-13 20:04:44"}
{"level":"info","message":"✅ Loaded critical model AuditTrail on demand","timestamp":"2026-02-13 20:04:44"}
{"level":"info","message":"✅ Model loader initialized successfully","timestamp":"2026-02-13 20:04:44"}
{"level":"info","message":"📊 Loaded models: sequelize, Op, DataTypes, QueryTypes, User, Customer, CustomerAccount, LoanAccount, LoanRepayment, Deposit, Transaction, GLAccount, AuditTrail","timestamp":"2026-02-13 20:04:44"}
{"level":"info","message":"📊 Model Statistics:","timestamp":"2026-02-13 20:04:44"}
{"level":"info","message":"   Total models loaded: 13","timestamp":"2026-02-13 20:04:44"}
{"level":"info","message":"   CUSTOMER: 2 models","timestamp":"2026-02-13 20:04:44"}
{"level":"info","message":"   LOAN: 2 models","timestamp":"2026-02-13 20:04:44"}
{"level":"info","message":"   DEPOSIT: 1 models","timestamp":"2026-02-13 20:04:44"}
{"level":"info","message":"   TRANSACTION: 1 models","timestamp":"2026-02-13 20:04:44"}
{"level":"info","message":"   USER: 1 models","timestamp":"2026-02-13 20:04:44"}
{"level":"info","message":"   ACCOUNTING: 1 models","timestamp":"2026-02-13 20:04:45"}
{"level":"info","message":"   AUDIT: 1 models","timestamp":"2026-02-13 20:04:45"}
{"level":"info","logDir":"logs","message":"🚀 Winston logger initialized","nodeVersion":"v24.13.0","platform":"win32","timestamp":"2026-02-13 20:04:26"}
{"errors":["Role 28: Permission undefined not found in REPORT","Role 28: Permission undefined not found in REPORT","Role 38: Permission undefined not found in VAULT"],"level":"warn","message":"Permission validation errors","timestamp":"2026-02-13 20:04:35"}
{"errors":["Role 28: Permission undefined not found in REPORT","Role 28: Permission undefined not found in REPORT","Role 38: Permission undefined not found in VAULT"],"level":"warn","message":"Permission validation errors","timestamp":"2026-02-13 20:04:37"}
{"level":"info","message":"Server time initialized (WAT): 2026-02-14T05:04:43.807Z","timestamp":"2026-02-13 20:04:43"}
{"error":"auditLogger.info(...).catch is not a function","level":"warn","message":"Could not log startup audit","timestamp":"2026-02-13 20:04:43"}
{"level":"info","message":"🔧 Auto-initializing models in development mode...","timestamp":"2026-02-13 20:04:44"}
{"level":"info","message":"🚀 Initializing model loader...","timestamp":"2026-02-13 20:04:44"}
{"level":"info","message":"✅ Models loaded via index.js","timestamp":"2026-02-13 20:04:44"}
{"level":"info","message":"✅ Loaded critical model User on demand","timestamp":"2026-02-13 20:04:44"}
{"level":"info","message":"✅ Loaded critical model Customer on demand","timestamp":"2026-02-13 20:04:44"}
{"level":"info","message":"✅ Loaded critical model CustomerAccount on demand","timestamp":"2026-02-13 20:04:44"}
{"level":"info","message":"✅ Loaded critical model LoanAccount on demand","timestamp":"2026-02-13 20:04:44"}
{"level":"info","message":"✅ Loaded critical model LoanRepayment on demand","timestamp":"2026-02-13 20:04:44"}
{"level":"info","message":"✅ Loaded critical model Deposit on demand","timestamp":"2026-02-13 20:04:44"}
{"level":"info","message":"✅ Loaded critical model Transaction on demand","timestamp":"2026-02-13 20:04:44"}
{"level":"info","message":"✅ Loaded critical model GLAccount on demand","timestamp":"2026-02-13 20:04:44"}
{"level":"info","message":"✅ Loaded critical model AuditTrail on demand","timestamp":"2026-02-13 20:04:44"}
{"level":"info","message":"✅ Model loader initialized successfully","timestamp":"2026-02-13 20:04:44"}
{"level":"info","message":"📊 Loaded models: sequelize, Op, DataTypes, QueryTypes, User, Customer, CustomerAccount, LoanAccount, LoanRepayment, Deposit, Transaction, GLAccount, AuditTrail","timestamp":"2026-02-13 20:04:44"}
{"level":"info","message":"📊 Model Statistics:","timestamp":"2026-02-13 20:04:44"}
{"level":"info","message":"   Total models loaded: 13","timestamp":"2026-02-13 20:04:44"}
{"level":"info","message":"   CUSTOMER: 2 models","timestamp":"2026-02-13 20:04:44"}
{"level":"info","message":"   LOAN: 2 models","timestamp":"2026-02-13 20:04:44"}
{"level":"info","message":"   DEPOSIT: 1 models","timestamp":"2026-02-13 20:04:44"}
{"level":"info","message":"   TRANSACTION: 1 models","timestamp":"2026-02-13 20:04:44"}
{"level":"info","message":"   USER: 1 models","timestamp":"2026-02-13 20:04:44"}
{"level":"info","message":"   ACCOUNTING: 1 models","timestamp":"2026-02-13 20:04:44"}
{"level":"info","message":"   AUDIT: 1 models","timestamp":"2026-02-13 20:04:44"}
{"level":"info","logDir":"logs","message":"🚀 Winston logger initialized","nodeVersion":"v24.13.0","platform":"win32","timestamp":"2026-02-13 21:12:36"}
{"level":"info","logDir":"logs","message":"🚀 Winston logger initialized","nodeVersion":"v24.13.0","platform":"win32","timestamp":"2026-02-13 21:12:36"}
{"errors":["Role 28: Permission undefined not found in REPORT","Role 28: Permission undefined not found in REPORT","Role 38: Permission undefined not found in VAULT"],"level":"warn","message":"Permission validation errors","timestamp":"2026-02-13 21:12:47"}
{"errors":["Role 28: Permission undefined not found in REPORT","Role 28: Permission undefined not found in REPORT","Role 38: Permission undefined not found in VAULT"],"level":"warn","message":"Permission validation errors","timestamp":"2026-02-13 21:12:47"}
{"level":"info","logDir":"logs","message":"🚀 Winston logger initialized","nodeVersion":"v24.13.0","platform":"win32","timestamp":"2026-02-13 21:12:36"}
{"level":"info","logDir":"logs","message":"🚀 Winston logger initialized","nodeVersion":"v24.13.0","platform":"win32","timestamp":"2026-02-13 21:12:36"}
{"errors":["Role 28: Permission undefined not found in REPORT","Role 28: Permission undefined not found in REPORT","Role 38: Permission undefined not found in VAULT"],"level":"warn","message":"Permission validation errors","timestamp":"2026-02-13 21:12:49"}
{"errors":["Role 28: Permission undefined not found in REPORT","Role 28: Permission undefined not found in REPORT","Role 38: Permission undefined not found in VAULT"],"level":"warn","message":"Permission validation errors","timestamp":"2026-02-13 21:12:47"}
{"errors":["Role 28: Permission undefined not found in REPORT","Role 28: Permission undefined not found in REPORT","Role 38: Permission undefined not found in VAULT"],"level":"warn","message":"Permission validation errors","timestamp":"2026-02-13 21:12:47"}
{"level":"info","message":"Server time initialized (WAT): 2026-02-14T06:12:56.545Z","timestamp":"2026-02-13 21:12:56"}
{"errors":["Role 28: Permission undefined not found in REPORT","Role 28: Permission undefined not found in REPORT","Role 38: Permission undefined not found in VAULT"],"level":"warn","message":"Permission validation errors","timestamp":"2026-02-13 21:12:49"}
{"errors":["Role 28: Permission undefined not found in REPORT","Role 28: Permission undefined not found in REPORT","Role 38: Permission undefined not found in VAULT"],"level":"warn","message":"Permission validation errors","timestamp":"2026-02-13 21:12:49"}
{"errors":["Role 28: Permission undefined not found in REPORT","Role 28: Permission undefined not found in REPORT","Role 38: Permission undefined not found in VAULT"],"level":"warn","message":"Permission validation errors","timestamp":"2026-02-13 21:12:49"}
{"level":"info","message":"Server time initialized (WAT): 2026-02-14T06:12:56.571Z","timestamp":"2026-02-13 21:12:56"}
{"error":"auditLogger.info(...).catch is not a function","level":"warn","message":"Could not log startup audit","timestamp":"2026-02-13 21:12:56"}
{"error":"auditLogger.info(...).catch is not a function","level":"warn","message":"Could not log startup audit","timestamp":"2026-02-13 21:12:56"}
{"level":"info","message":"Server time initialized (WAT): 2026-02-14T06:12:56.549Z","timestamp":"2026-02-13 21:12:56"}
{"level":"info","message":"🔧 Auto-initializing models in development mode...","timestamp":"2026-02-13 21:12:57"}
{"level":"info","message":"Server time initialized (WAT): 2026-02-14T06:12:56.587Z","timestamp":"2026-02-13 21:12:56"}
{"level":"info","message":"🔧 Auto-initializing models in development mode...","timestamp":"2026-02-13 21:12:57"}
{"error":"auditLogger.info(...).catch is not a function","level":"warn","message":"Could not log startup audit","timestamp":"2026-02-13 21:12:56"}
{"error":"auditLogger.info(...).catch is not a function","level":"warn","message":"Could not log startup audit","timestamp":"2026-02-13 21:12:56"}
{"level":"info","message":"🚀 Initializing model loader...","timestamp":"2026-02-13 21:12:57"}
{"level":"info","message":"🚀 Initializing model loader...","timestamp":"2026-02-13 21:12:57"}
{"level":"info","message":"🔧 Auto-initializing models in development mode...","timestamp":"2026-02-13 21:12:57"}
{"level":"info","message":"🔧 Auto-initializing models in development mode...","timestamp":"2026-02-13 21:12:57"}
{"level":"info","message":"✅ Models loaded via index.js","timestamp":"2026-02-13 21:12:57"}
{"level":"info","message":"🚀 Initializing model loader...","timestamp":"2026-02-13 21:12:57"}
{"level":"info","message":"✅ Loaded critical model User on demand","timestamp":"2026-02-13 21:12:57"}
{"level":"info","message":"✅ Models loaded via index.js","timestamp":"2026-02-13 21:12:57"}
{"level":"info","message":"✅ Loaded critical model User on demand","timestamp":"2026-02-13 21:12:57"}
{"level":"info","message":"✅ Loaded critical model Customer on demand","timestamp":"2026-02-13 21:12:57"}
{"level":"info","message":"✅ Loaded critical model Customer on demand","timestamp":"2026-02-13 21:12:57"}
{"level":"info","message":"🚀 Initializing model loader...","timestamp":"2026-02-13 21:12:57"}
{"level":"info","message":"✅ Loaded critical model CustomerAccount on demand","timestamp":"2026-02-13 21:12:57"}
{"level":"info","message":"✅ Models loaded via index.js","timestamp":"2026-02-13 21:12:57"}
{"level":"info","message":"✅ Loaded critical model CustomerAccount on demand","timestamp":"2026-02-13 21:12:57"}
{"level":"info","message":"✅ Loaded critical model LoanAccount on demand","timestamp":"2026-02-13 21:12:57"}
{"level":"info","message":"✅ Loaded critical model User on demand","timestamp":"2026-02-13 21:12:57"}
{"level":"info","message":"✅ Models loaded via index.js","timestamp":"2026-02-13 21:12:57"}
{"level":"info","message":"✅ Loaded critical model LoanAccount on demand","timestamp":"2026-02-13 21:12:57"}
{"level":"info","message":"✅ Loaded critical model LoanRepayment on demand","timestamp":"2026-02-13 21:12:57"}
{"level":"info","message":"✅ Loaded critical model LoanRepayment on demand","timestamp":"2026-02-13 21:12:57"}
{"level":"info","message":"✅ Loaded critical model Deposit on demand","timestamp":"2026-02-13 21:12:57"}
{"level":"info","message":"✅ Loaded critical model Deposit on demand","timestamp":"2026-02-13 21:12:57"}
{"level":"info","message":"✅ Loaded critical model Transaction on demand","timestamp":"2026-02-13 21:12:57"}
{"level":"info","message":"✅ Loaded critical model Customer on demand","timestamp":"2026-02-13 21:12:57"}
{"level":"info","message":"✅ Loaded critical model Transaction on demand","timestamp":"2026-02-13 21:12:57"}
{"level":"info","message":"✅ Loaded critical model GLAccount on demand","timestamp":"2026-02-13 21:12:57"}
{"level":"info","message":"✅ Loaded critical model User on demand","timestamp":"2026-02-13 21:12:57"}
{"level":"info","message":"✅ Loaded critical model CustomerAccount on demand","timestamp":"2026-02-13 21:12:57"}
{"level":"info","message":"✅ Loaded critical model AuditTrail on demand","timestamp":"2026-02-13 21:12:57"}
{"level":"info","message":"✅ Loaded critical model Customer on demand","timestamp":"2026-02-13 21:12:57"}
{"level":"info","message":"✅ Loaded critical model LoanAccount on demand","timestamp":"2026-02-13 21:12:57"}
{"level":"info","message":"✅ Loaded critical model GLAccount on demand","timestamp":"2026-02-13 21:12:57"}
{"level":"info","message":"✅ Loaded critical model CustomerAccount on demand","timestamp":"2026-02-13 21:12:57"}
{"level":"info","message":"✅ Model loader initialized successfully","timestamp":"2026-02-13 21:12:57"}
{"level":"info","message":"✅ Loaded critical model AuditTrail on demand","timestamp":"2026-02-13 21:12:57"}
{"level":"info","message":"✅ Loaded critical model LoanAccount on demand","timestamp":"2026-02-13 21:12:57"}
{"level":"info","message":"📊 Loaded models: sequelize, Op, DataTypes, QueryTypes, User, Customer, CustomerAccount, LoanAccount, LoanRepayment, Deposit, Transaction, GLAccount, AuditTrail","timestamp":"2026-02-13 21:12:57"}
{"level":"info","message":"✅ Loaded critical model LoanRepayment on demand","timestamp":"2026-02-13 21:12:57"}
{"level":"info","message":"✅ Loaded critical model LoanRepayment on demand","timestamp":"2026-02-13 21:12:57"}
{"level":"info","message":"📊 Model Statistics:","timestamp":"2026-02-13 21:12:57"}
{"level":"info","message":"✅ Loaded critical model Deposit on demand","timestamp":"2026-02-13 21:12:57"}
{"level":"info","message":"✅ Loaded critical model Deposit on demand","timestamp":"2026-02-13 21:12:57"}
{"level":"info","message":"   Total models loaded: 13","timestamp":"2026-02-13 21:12:57"}
{"level":"info","message":"✅ Loaded critical model Transaction on demand","timestamp":"2026-02-13 21:12:57"}
{"level":"info","message":"✅ Model loader initialized successfully","timestamp":"2026-02-13 21:12:57"}
{"level":"info","message":"✅ Loaded critical model Transaction on demand","timestamp":"2026-02-13 21:12:57"}
{"level":"info","message":"✅ Loaded critical model GLAccount on demand","timestamp":"2026-02-13 21:12:57"}
{"level":"info","message":"📊 Loaded models: sequelize, Op, DataTypes, QueryTypes, User, Customer, CustomerAccount, LoanAccount, LoanRepayment, Deposit, Transaction, GLAccount, AuditTrail","timestamp":"2026-02-13 21:12:57"}
{"level":"info","message":"✅ Loaded critical model GLAccount on demand","timestamp":"2026-02-13 21:12:57"}
{"level":"info","message":"   CUSTOMER: 2 models","timestamp":"2026-02-13 21:12:57"}
{"level":"info","message":"✅ Loaded critical model AuditTrail on demand","timestamp":"2026-02-13 21:12:57"}
{"level":"info","message":"📊 Model Statistics:","timestamp":"2026-02-13 21:12:57"}
{"level":"info","message":"   LOAN: 2 models","timestamp":"2026-02-13 21:12:57"}
{"level":"info","message":"✅ Model loader initialized successfully","timestamp":"2026-02-13 21:12:57"}
{"level":"info","message":"✅ Loaded critical model AuditTrail on demand","timestamp":"2026-02-13 21:12:57"}
{"level":"info","message":"   DEPOSIT: 1 models","timestamp":"2026-02-13 21:12:57"}
{"level":"info","message":"   Total models loaded: 13","timestamp":"2026-02-13 21:12:57"}
{"level":"info","message":"📊 Loaded models: sequelize, Op, DataTypes, QueryTypes, User, Customer, CustomerAccount, LoanAccount, LoanRepayment, Deposit, Transaction, GLAccount, AuditTrail","timestamp":"2026-02-13 21:12:57"}
{"level":"info","message":"✅ Model loader initialized successfully","timestamp":"2026-02-13 21:12:57"}
{"level":"info","message":"   CUSTOMER: 2 models","timestamp":"2026-02-13 21:12:57"}
{"level":"info","message":"   TRANSACTION: 1 models","timestamp":"2026-02-13 21:12:57"}
{"level":"info","message":"📊 Model Statistics:","timestamp":"2026-02-13 21:12:57"}
{"level":"info","message":"📊 Loaded models: sequelize, Op, DataTypes, QueryTypes, User, Customer, CustomerAccount, LoanAccount, LoanRepayment, Deposit, Transaction, GLAccount, AuditTrail","timestamp":"2026-02-13 21:12:57"}
{"level":"info","message":"   LOAN: 2 models","timestamp":"2026-02-13 21:12:57"}
{"level":"info","message":"   Total models loaded: 13","timestamp":"2026-02-13 21:12:57"}
{"level":"info","message":"   USER: 1 models","timestamp":"2026-02-13 21:12:57"}
{"level":"info","message":"   DEPOSIT: 1 models","timestamp":"2026-02-13 21:12:57"}
{"level":"info","message":"   CUSTOMER: 2 models","timestamp":"2026-02-13 21:12:57"}
{"level":"info","message":"📊 Model Statistics:","timestamp":"2026-02-13 21:12:57"}
{"level":"info","message":"   ACCOUNTING: 1 models","timestamp":"2026-02-13 21:12:57"}
{"level":"info","message":"   TRANSACTION: 1 models","timestamp":"2026-02-13 21:12:57"}
{"level":"info","message":"   LOAN: 2 models","timestamp":"2026-02-13 21:12:57"}
{"level":"info","message":"   Total models loaded: 13","timestamp":"2026-02-13 21:12:57"}
{"level":"info","message":"   AUDIT: 1 models","timestamp":"2026-02-13 21:12:57"}
{"level":"info","message":"   DEPOSIT: 1 models","timestamp":"2026-02-13 21:12:57"}
{"level":"info","message":"   CUSTOMER: 2 models","timestamp":"2026-02-13 21:12:57"}
{"level":"info","message":"   USER: 1 models","timestamp":"2026-02-13 21:12:57"}
{"level":"info","message":"   TRANSACTION: 1 models","timestamp":"2026-02-13 21:12:57"}
{"level":"info","message":"   LOAN: 2 models","timestamp":"2026-02-13 21:12:57"}
{"level":"info","message":"   ACCOUNTING: 1 models","timestamp":"2026-02-13 21:12:57"}
{"level":"info","message":"   USER: 1 models","timestamp":"2026-02-13 21:12:57"}
{"level":"info","message":"   DEPOSIT: 1 models","timestamp":"2026-02-13 21:12:57"}
{"level":"info","message":"   AUDIT: 1 models","timestamp":"2026-02-13 21:12:57"}
{"level":"info","message":"   ACCOUNTING: 1 models","timestamp":"2026-02-13 21:12:57"}
{"level":"info","message":"   TRANSACTION: 1 models","timestamp":"2026-02-13 21:12:57"}
{"level":"info","message":"   AUDIT: 1 models","timestamp":"2026-02-13 21:12:57"}
{"level":"info","message":"   USER: 1 models","timestamp":"2026-02-13 21:12:57"}
{"level":"info","message":"   ACCOUNTING: 1 models","timestamp":"2026-02-13 21:12:57"}
{"level":"info","message":"   AUDIT: 1 models","timestamp":"2026-02-13 21:12:57"}
{"level":"info","logDir":"logs","message":"🚀 Winston logger initialized","nodeVersion":"v24.13.0","platform":"win32","timestamp":"2026-02-13 21:13:36"}
{"errors":["Role 28: Permission undefined not found in REPORT","Role 28: Permission undefined not found in REPORT","Role 38: Permission undefined not found in VAULT"],"level":"warn","message":"Permission validation errors","timestamp":"2026-02-13 21:13:40"}
{"errors":["Role 28: Permission undefined not found in REPORT","Role 28: Permission undefined not found in REPORT","Role 38: Permission undefined not found in VAULT"],"level":"warn","message":"Permission validation errors","timestamp":"2026-02-13 21:13:41"}
{"level":"info","message":"Server time initialized (WAT): 2026-02-14T06:13:44.734Z","timestamp":"2026-02-13 21:13:44"}
{"error":"auditLogger.info(...).catch is not a function","level":"warn","message":"Could not log startup audit","timestamp":"2026-02-13 21:13:44"}
{"level":"info","message":"🔧 Auto-initializing models in development mode...","timestamp":"2026-02-13 21:13:45"}
{"level":"info","message":"🚀 Initializing model loader...","timestamp":"2026-02-13 21:13:45"}
{"level":"info","message":"✅ Models loaded via index.js","timestamp":"2026-02-13 21:13:45"}
{"level":"info","message":"✅ Loaded critical model User on demand","timestamp":"2026-02-13 21:13:45"}
{"level":"info","message":"✅ Loaded critical model Customer on demand","timestamp":"2026-02-13 21:13:45"}
{"level":"info","message":"✅ Loaded critical model CustomerAccount on demand","timestamp":"2026-02-13 21:13:45"}
{"level":"info","message":"✅ Loaded critical model LoanAccount on demand","timestamp":"2026-02-13 21:13:45"}
{"level":"info","message":"✅ Loaded critical model LoanRepayment on demand","timestamp":"2026-02-13 21:13:45"}
{"level":"info","message":"✅ Loaded critical model Deposit on demand","timestamp":"2026-02-13 21:13:45"}
{"level":"info","message":"✅ Loaded critical model Transaction on demand","timestamp":"2026-02-13 21:13:45"}
{"level":"info","message":"✅ Loaded critical model GLAccount on demand","timestamp":"2026-02-13 21:13:45"}
{"level":"info","message":"✅ Loaded critical model AuditTrail on demand","timestamp":"2026-02-13 21:13:45"}
{"level":"info","message":"✅ Model loader initialized successfully","timestamp":"2026-02-13 21:13:45"}
{"level":"info","message":"📊 Loaded models: sequelize, Op, DataTypes, QueryTypes, User, Customer, CustomerAccount, LoanAccount, LoanRepayment, Deposit, Transaction, GLAccount, AuditTrail","timestamp":"2026-02-13 21:13:45"}
{"level":"info","message":"📊 Model Statistics:","timestamp":"2026-02-13 21:13:45"}
{"level":"info","message":"   Total models loaded: 13","timestamp":"2026-02-13 21:13:45"}
{"level":"info","message":"   CUSTOMER: 2 models","timestamp":"2026-02-13 21:13:45"}
{"level":"info","message":"   LOAN: 2 models","timestamp":"2026-02-13 21:13:45"}
{"level":"info","message":"   DEPOSIT: 1 models","timestamp":"2026-02-13 21:13:45"}
{"level":"info","message":"   TRANSACTION: 1 models","timestamp":"2026-02-13 21:13:45"}
{"level":"info","message":"   USER: 1 models","timestamp":"2026-02-13 21:13:45"}
{"level":"info","message":"   ACCOUNTING: 1 models","timestamp":"2026-02-13 21:13:45"}
{"level":"info","message":"   AUDIT: 1 models","timestamp":"2026-02-13 21:13:45"}
{"level":"info","logDir":"logs","message":"🚀 Winston logger initialized","nodeVersion":"v24.13.0","platform":"win32","timestamp":"2026-02-13 21:13:36"}
{"errors":["Role 28: Permission undefined not found in REPORT","Role 28: Permission undefined not found in REPORT","Role 38: Permission undefined not found in VAULT"],"level":"warn","message":"Permission validation errors","timestamp":"2026-02-13 21:13:40"}
{"errors":["Role 28: Permission undefined not found in REPORT","Role 28: Permission undefined not found in REPORT","Role 38: Permission undefined not found in VAULT"],"level":"warn","message":"Permission validation errors","timestamp":"2026-02-13 21:13:41"}
{"level":"info","message":"Server time initialized (WAT): 2026-02-14T06:13:44.729Z","timestamp":"2026-02-13 21:13:44"}
{"error":"auditLogger.info(...).catch is not a function","level":"warn","message":"Could not log startup audit","timestamp":"2026-02-13 21:13:44"}
{"level":"info","message":"🔧 Auto-initializing models in development mode...","timestamp":"2026-02-13 21:13:45"}
{"level":"info","message":"🚀 Initializing model loader...","timestamp":"2026-02-13 21:13:45"}
{"level":"info","message":"✅ Models loaded via index.js","timestamp":"2026-02-13 21:13:45"}
{"level":"info","message":"✅ Loaded critical model User on demand","timestamp":"2026-02-13 21:13:45"}
{"level":"info","message":"✅ Loaded critical model Customer on demand","timestamp":"2026-02-13 21:13:45"}
{"level":"info","message":"✅ Loaded critical model CustomerAccount on demand","timestamp":"2026-02-13 21:13:45"}
{"level":"info","message":"✅ Loaded critical model LoanAccount on demand","timestamp":"2026-02-13 21:13:45"}
{"level":"info","message":"✅ Loaded critical model LoanRepayment on demand","timestamp":"2026-02-13 21:13:45"}
{"level":"info","message":"✅ Loaded critical model Deposit on demand","timestamp":"2026-02-13 21:13:45"}
{"level":"info","message":"✅ Loaded critical model Transaction on demand","timestamp":"2026-02-13 21:13:45"}
{"level":"info","message":"✅ Loaded critical model GLAccount on demand","timestamp":"2026-02-13 21:13:45"}
{"level":"info","message":"✅ Loaded critical model AuditTrail on demand","timestamp":"2026-02-13 21:13:45"}
{"level":"info","message":"✅ Model loader initialized successfully","timestamp":"2026-02-13 21:13:45"}
{"level":"info","message":"📊 Loaded models: sequelize, Op, DataTypes, QueryTypes, User, Customer, CustomerAccount, LoanAccount, LoanRepayment, Deposit, Transaction, GLAccount, AuditTrail","timestamp":"2026-02-13 21:13:45"}
{"level":"info","message":"📊 Model Statistics:","timestamp":"2026-02-13 21:13:45"}
{"level":"info","message":"   Total models loaded: 13","timestamp":"2026-02-13 21:13:45"}
{"level":"info","message":"   CUSTOMER: 2 models","timestamp":"2026-02-13 21:13:45"}
{"level":"info","message":"   LOAN: 2 models","timestamp":"2026-02-13 21:13:45"}
{"level":"info","message":"   DEPOSIT: 1 models","timestamp":"2026-02-13 21:13:45"}
{"level":"info","message":"   TRANSACTION: 1 models","timestamp":"2026-02-13 21:13:45"}
{"level":"info","message":"   USER: 1 models","timestamp":"2026-02-13 21:13:45"}
{"level":"info","message":"   ACCOUNTING: 1 models","timestamp":"2026-02-13 21:13:45"}
{"level":"info","message":"   AUDIT: 1 models","timestamp":"2026-02-13 21:13:45"}
{"level":"info","logDir":"logs","message":"🚀 Winston logger initialized","nodeVersion":"v24.13.0","platform":"win32","timestamp":"2026-02-13 21:13:36"}
{"errors":["Role 28: Permission undefined not found in REPORT","Role 28: Permission undefined not found in REPORT","Role 38: Permission undefined not found in VAULT"],"level":"warn","message":"Permission validation errors","timestamp":"2026-02-13 21:13:40"}
{"errors":["Role 28: Permission undefined not found in REPORT","Role 28: Permission undefined not found in REPORT","Role 38: Permission undefined not found in VAULT"],"level":"warn","message":"Permission validation errors","timestamp":"2026-02-13 21:13:41"}
{"level":"info","message":"Server time initialized (WAT): 2026-02-14T06:13:44.780Z","timestamp":"2026-02-13 21:13:44"}
{"error":"auditLogger.info(...).catch is not a function","level":"warn","message":"Could not log startup audit","timestamp":"2026-02-13 21:13:44"}
{"level":"info","message":"🔧 Auto-initializing models in development mode...","timestamp":"2026-02-13 21:13:45"}
{"level":"info","message":"🚀 Initializing model loader...","timestamp":"2026-02-13 21:13:45"}
{"level":"info","message":"✅ Models loaded via index.js","timestamp":"2026-02-13 21:13:45"}
{"level":"info","message":"✅ Loaded critical model User on demand","timestamp":"2026-02-13 21:13:45"}
{"level":"info","message":"✅ Loaded critical model Customer on demand","timestamp":"2026-02-13 21:13:45"}
{"level":"info","message":"✅ Loaded critical model CustomerAccount on demand","timestamp":"2026-02-13 21:13:45"}
{"level":"info","message":"✅ Loaded critical model LoanAccount on demand","timestamp":"2026-02-13 21:13:45"}
{"level":"info","message":"✅ Loaded critical model LoanRepayment on demand","timestamp":"2026-02-13 21:13:45"}
{"level":"info","message":"✅ Loaded critical model Deposit on demand","timestamp":"2026-02-13 21:13:45"}
{"level":"info","message":"✅ Loaded critical model Transaction on demand","timestamp":"2026-02-13 21:13:45"}
{"level":"info","message":"✅ Loaded critical model GLAccount on demand","timestamp":"2026-02-13 21:13:45"}
{"level":"info","message":"✅ Loaded critical model AuditTrail on demand","timestamp":"2026-02-13 21:13:45"}
{"level":"info","message":"✅ Model loader initialized successfully","timestamp":"2026-02-13 21:13:45"}
{"level":"info","message":"📊 Loaded models: sequelize, Op, DataTypes, QueryTypes, User, Customer, CustomerAccount, LoanAccount, LoanRepayment, Deposit, Transaction, GLAccount, AuditTrail","timestamp":"2026-02-13 21:13:45"}
{"level":"info","message":"📊 Model Statistics:","timestamp":"2026-02-13 21:13:45"}
{"level":"info","message":"   Total models loaded: 13","timestamp":"2026-02-13 21:13:45"}
{"level":"info","message":"   CUSTOMER: 2 models","timestamp":"2026-02-13 21:13:45"}
{"level":"info","message":"   LOAN: 2 models","timestamp":"2026-02-13 21:13:45"}
{"level":"info","message":"   DEPOSIT: 1 models","timestamp":"2026-02-13 21:13:45"}
{"level":"info","message":"   TRANSACTION: 1 models","timestamp":"2026-02-13 21:13:45"}
{"level":"info","message":"   USER: 1 models","timestamp":"2026-02-13 21:13:45"}
{"level":"info","message":"   ACCOUNTING: 1 models","timestamp":"2026-02-13 21:13:45"}
{"level":"info","message":"   AUDIT: 1 models","timestamp":"2026-02-13 21:13:45"}
{"level":"info","logDir":"logs","message":"🚀 Winston logger initialized","nodeVersion":"v24.13.0","platform":"win32","timestamp":"2026-02-13 21:13:36"}
{"errors":["Role 28: Permission undefined not found in REPORT","Role 28: Permission undefined not found in REPORT","Role 38: Permission undefined not found in VAULT"],"level":"warn","message":"Permission validation errors","timestamp":"2026-02-13 21:13:40"}
{"errors":["Role 28: Permission undefined not found in REPORT","Role 28: Permission undefined not found in REPORT","Role 38: Permission undefined not found in VAULT"],"level":"warn","message":"Permission validation errors","timestamp":"2026-02-13 21:13:41"}
{"level":"info","message":"Server time initialized (WAT): 2026-02-14T06:13:44.733Z","timestamp":"2026-02-13 21:13:44"}
{"error":"auditLogger.info(...).catch is not a function","level":"warn","message":"Could not log startup audit","timestamp":"2026-02-13 21:13:44"}
{"level":"info","message":"🔧 Auto-initializing models in development mode...","timestamp":"2026-02-13 21:13:45"}
{"level":"info","message":"🚀 Initializing model loader...","timestamp":"2026-02-13 21:13:45"}
{"level":"info","message":"✅ Models loaded via index.js","timestamp":"2026-02-13 21:13:45"}
{"level":"info","message":"✅ Loaded critical model User on demand","timestamp":"2026-02-13 21:13:45"}
{"level":"info","message":"✅ Loaded critical model Customer on demand","timestamp":"2026-02-13 21:13:45"}
{"level":"info","message":"✅ Loaded critical model CustomerAccount on demand","timestamp":"2026-02-13 21:13:45"}
{"level":"info","message":"✅ Loaded critical model LoanAccount on demand","timestamp":"2026-02-13 21:13:45"}
{"level":"info","message":"✅ Loaded critical model LoanRepayment on demand","timestamp":"2026-02-13 21:13:45"}
{"level":"info","message":"✅ Loaded critical model Deposit on demand","timestamp":"2026-02-13 21:13:45"}
{"level":"info","message":"✅ Loaded critical model Transaction on demand","timestamp":"2026-02-13 21:13:45"}
{"level":"info","message":"✅ Loaded critical model GLAccount on demand","timestamp":"2026-02-13 21:13:45"}
{"level":"info","message":"✅ Loaded critical model AuditTrail on demand","timestamp":"2026-02-13 21:13:45"}
{"level":"info","message":"✅ Model loader initialized successfully","timestamp":"2026-02-13 21:13:45"}
{"level":"info","message":"📊 Loaded models: sequelize, Op, DataTypes, QueryTypes, User, Customer, CustomerAccount, LoanAccount, LoanRepayment, Deposit, Transaction, GLAccount, AuditTrail","timestamp":"2026-02-13 21:13:45"}
{"level":"info","message":"📊 Model Statistics:","timestamp":"2026-02-13 21:13:45"}
{"level":"info","message":"   Total models loaded: 13","timestamp":"2026-02-13 21:13:45"}
{"level":"info","message":"   CUSTOMER: 2 models","timestamp":"2026-02-13 21:13:45"}
{"level":"info","message":"   LOAN: 2 models","timestamp":"2026-02-13 21:13:45"}
{"level":"info","message":"   DEPOSIT: 1 models","timestamp":"2026-02-13 21:13:45"}
{"level":"info","message":"   TRANSACTION: 1 models","timestamp":"2026-02-13 21:13:45"}
{"level":"info","message":"   USER: 1 models","timestamp":"2026-02-13 21:13:45"}
{"level":"info","message":"   ACCOUNTING: 1 models","timestamp":"2026-02-13 21:13:45"}
{"level":"info","message":"   AUDIT: 1 models","timestamp":"2026-02-13 21:13:45"}
{"level":"info","logDir":"logs","message":"🚀 Winston logger initialized","nodeVersion":"v24.13.0","platform":"win32","timestamp":"2026-02-13 21:14:25"}
{"errors":["Role 28: Permission undefined not found in REPORT","Role 28: Permission undefined not found in REPORT","Role 38: Permission undefined not found in VAULT"],"level":"warn","message":"Permission validation errors","timestamp":"2026-02-13 21:14:29"}
{"errors":["Role 28: Permission undefined not found in REPORT","Role 28: Permission undefined not found in REPORT","Role 38: Permission undefined not found in VAULT"],"level":"warn","message":"Permission validation errors","timestamp":"2026-02-13 21:14:30"}
{"level":"info","message":"Server time initialized (WAT): 2026-02-14T06:14:33.047Z","timestamp":"2026-02-13 21:14:33"}
{"error":"auditLogger.info(...).catch is not a function","level":"warn","message":"Could not log startup audit","timestamp":"2026-02-13 21:14:33"}
{"level":"info","message":"🔧 Auto-initializing models in development mode...","timestamp":"2026-02-13 21:14:33"}
{"level":"info","message":"🚀 Initializing model loader...","timestamp":"2026-02-13 21:14:33"}
{"level":"info","message":"✅ Models loaded via index.js","timestamp":"2026-02-13 21:14:33"}
{"level":"info","message":"✅ Loaded critical model User on demand","timestamp":"2026-02-13 21:14:33"}
{"level":"info","message":"✅ Loaded critical model Customer on demand","timestamp":"2026-02-13 21:14:33"}
{"level":"info","message":"✅ Loaded critical model CustomerAccount on demand","timestamp":"2026-02-13 21:14:33"}
{"level":"info","message":"✅ Loaded critical model LoanAccount on demand","timestamp":"2026-02-13 21:14:33"}
{"level":"info","message":"✅ Loaded critical model LoanRepayment on demand","timestamp":"2026-02-13 21:14:33"}
{"level":"info","message":"✅ Loaded critical model Deposit on demand","timestamp":"2026-02-13 21:14:33"}
{"level":"info","message":"✅ Loaded critical model Transaction on demand","timestamp":"2026-02-13 21:14:33"}
{"level":"info","message":"✅ Loaded critical model GLAccount on demand","timestamp":"2026-02-13 21:14:33"}
{"level":"info","message":"✅ Loaded critical model AuditTrail on demand","timestamp":"2026-02-13 21:14:33"}
{"level":"info","message":"✅ Model loader initialized successfully","timestamp":"2026-02-13 21:14:33"}
{"level":"info","message":"📊 Loaded models: sequelize, Op, DataTypes, QueryTypes, User, Customer, CustomerAccount, LoanAccount, LoanRepayment, Deposit, Transaction, GLAccount, AuditTrail","timestamp":"2026-02-13 21:14:33"}
{"level":"info","message":"📊 Model Statistics:","timestamp":"2026-02-13 21:14:33"}
{"level":"info","message":"   Total models loaded: 13","timestamp":"2026-02-13 21:14:33"}
{"level":"info","message":"   CUSTOMER: 2 models","timestamp":"2026-02-13 21:14:33"}
{"level":"info","message":"   LOAN: 2 models","timestamp":"2026-02-13 21:14:33"}
{"level":"info","message":"   DEPOSIT: 1 models","timestamp":"2026-02-13 21:14:33"}
{"level":"info","message":"   TRANSACTION: 1 models","timestamp":"2026-02-13 21:14:33"}
{"level":"info","message":"   USER: 1 models","timestamp":"2026-02-13 21:14:33"}
{"level":"info","message":"   ACCOUNTING: 1 models","timestamp":"2026-02-13 21:14:33"}
{"level":"info","message":"   AUDIT: 1 models","timestamp":"2026-02-13 21:14:33"}
{"level":"info","logDir":"logs","message":"🚀 Winston logger initialized","nodeVersion":"v24.13.0","platform":"win32","timestamp":"2026-02-13 21:14:25"}
{"errors":["Role 28: Permission undefined not found in REPORT","Role 28: Permission undefined not found in REPORT","Role 38: Permission undefined not found in VAULT"],"level":"warn","message":"Permission validation errors","timestamp":"2026-02-13 21:14:29"}
{"errors":["Role 28: Permission undefined not found in REPORT","Role 28: Permission undefined not found in REPORT","Role 38: Permission undefined not found in VAULT"],"level":"warn","message":"Permission validation errors","timestamp":"2026-02-13 21:14:30"}
{"level":"info","message":"Server time initialized (WAT): 2026-02-14T06:14:33.048Z","timestamp":"2026-02-13 21:14:33"}
{"error":"auditLogger.info(...).catch is not a function","level":"warn","message":"Could not log startup audit","timestamp":"2026-02-13 21:14:33"}
{"level":"info","message":"🔧 Auto-initializing models in development mode...","timestamp":"2026-02-13 21:14:33"}
{"level":"info","message":"🚀 Initializing model loader...","timestamp":"2026-02-13 21:14:33"}
{"level":"info","message":"✅ Models loaded via index.js","timestamp":"2026-02-13 21:14:33"}
{"level":"info","message":"✅ Loaded critical model User on demand","timestamp":"2026-02-13 21:14:33"}
{"level":"info","message":"✅ Loaded critical model Customer on demand","timestamp":"2026-02-13 21:14:33"}
{"level":"info","message":"✅ Loaded critical model CustomerAccount on demand","timestamp":"2026-02-13 21:14:33"}
{"level":"info","message":"✅ Loaded critical model LoanAccount on demand","timestamp":"2026-02-13 21:14:33"}
{"level":"info","message":"✅ Loaded critical model LoanRepayment on demand","timestamp":"2026-02-13 21:14:33"}
{"level":"info","message":"✅ Loaded critical model Deposit on demand","timestamp":"2026-02-13 21:14:33"}
{"level":"info","message":"✅ Loaded critical model Transaction on demand","timestamp":"2026-02-13 21:14:33"}
{"level":"info","message":"✅ Loaded critical model GLAccount on demand","timestamp":"2026-02-13 21:14:33"}
{"level":"info","message":"✅ Loaded critical model AuditTrail on demand","timestamp":"2026-02-13 21:14:33"}
{"level":"info","message":"✅ Model loader initialized successfully","timestamp":"2026-02-13 21:14:33"}
{"level":"info","message":"📊 Loaded models: sequelize, Op, DataTypes, QueryTypes, User, Customer, CustomerAccount, LoanAccount, LoanRepayment, Deposit, Transaction, GLAccount, AuditTrail","timestamp":"2026-02-13 21:14:33"}
{"level":"info","message":"📊 Model Statistics:","timestamp":"2026-02-13 21:14:33"}
{"level":"info","message":"   Total models loaded: 13","timestamp":"2026-02-13 21:14:33"}
{"level":"info","message":"   CUSTOMER: 2 models","timestamp":"2026-02-13 21:14:33"}
{"level":"info","message":"   LOAN: 2 models","timestamp":"2026-02-13 21:14:33"}
{"level":"info","message":"   DEPOSIT: 1 models","timestamp":"2026-02-13 21:14:33"}
{"level":"info","message":"   TRANSACTION: 1 models","timestamp":"2026-02-13 21:14:33"}
{"level":"info","message":"   USER: 1 models","timestamp":"2026-02-13 21:14:33"}
{"level":"info","message":"   ACCOUNTING: 1 models","timestamp":"2026-02-13 21:14:33"}
{"level":"info","message":"   AUDIT: 1 models","timestamp":"2026-02-13 21:14:33"}
{"level":"info","logDir":"logs","message":"🚀 Winston logger initialized","nodeVersion":"v24.13.0","platform":"win32","timestamp":"2026-02-13 21:14:25"}
{"errors":["Role 28: Permission undefined not found in REPORT","Role 28: Permission undefined not found in REPORT","Role 38: Permission undefined not found in VAULT"],"level":"warn","message":"Permission validation errors","timestamp":"2026-02-13 21:14:29"}
{"errors":["Role 28: Permission undefined not found in REPORT","Role 28: Permission undefined not found in REPORT","Role 38: Permission undefined not found in VAULT"],"level":"warn","message":"Permission validation errors","timestamp":"2026-02-13 21:14:30"}
{"level":"info","message":"Server time initialized (WAT): 2026-02-14T06:14:33.055Z","timestamp":"2026-02-13 21:14:33"}
{"error":"auditLogger.info(...).catch is not a function","level":"warn","message":"Could not log startup audit","timestamp":"2026-02-13 21:14:33"}
{"level":"info","message":"🔧 Auto-initializing models in development mode...","timestamp":"2026-02-13 21:14:33"}
{"level":"info","message":"🚀 Initializing model loader...","timestamp":"2026-02-13 21:14:33"}
{"level":"info","message":"✅ Models loaded via index.js","timestamp":"2026-02-13 21:14:33"}
{"level":"info","message":"✅ Loaded critical model User on demand","timestamp":"2026-02-13 21:14:33"}
{"level":"info","message":"✅ Loaded critical model Customer on demand","timestamp":"2026-02-13 21:14:33"}
{"level":"info","message":"✅ Loaded critical model CustomerAccount on demand","timestamp":"2026-02-13 21:14:33"}
{"level":"info","message":"✅ Loaded critical model LoanAccount on demand","timestamp":"2026-02-13 21:14:33"}
{"level":"info","message":"✅ Loaded critical model LoanRepayment on demand","timestamp":"2026-02-13 21:14:33"}
{"level":"info","message":"✅ Loaded critical model Deposit on demand","timestamp":"2026-02-13 21:14:33"}
{"level":"info","message":"✅ Loaded critical model Transaction on demand","timestamp":"2026-02-13 21:14:33"}
{"level":"info","message":"✅ Loaded critical model GLAccount on demand","timestamp":"2026-02-13 21:14:33"}
{"level":"info","message":"✅ Loaded critical model AuditTrail on demand","timestamp":"2026-02-13 21:14:33"}
{"level":"info","message":"✅ Model loader initialized successfully","timestamp":"2026-02-13 21:14:33"}
{"level":"info","message":"📊 Loaded models: sequelize, Op, DataTypes, QueryTypes, User, Customer, CustomerAccount, LoanAccount, LoanRepayment, Deposit, Transaction, GLAccount, AuditTrail","timestamp":"2026-02-13 21:14:33"}
{"level":"info","message":"📊 Model Statistics:","timestamp":"2026-02-13 21:14:33"}
{"level":"info","message":"   Total models loaded: 13","timestamp":"2026-02-13 21:14:33"}
{"level":"info","message":"   CUSTOMER: 2 models","timestamp":"2026-02-13 21:14:33"}
{"level":"info","message":"   LOAN: 2 models","timestamp":"2026-02-13 21:14:33"}
{"level":"info","message":"   DEPOSIT: 1 models","timestamp":"2026-02-13 21:14:33"}
{"level":"info","message":"   TRANSACTION: 1 models","timestamp":"2026-02-13 21:14:33"}
{"level":"info","message":"   USER: 1 models","timestamp":"2026-02-13 21:14:33"}
{"level":"info","message":"   ACCOUNTING: 1 models","timestamp":"2026-02-13 21:14:33"}
{"level":"info","message":"   AUDIT: 1 models","timestamp":"2026-02-13 21:14:33"}
{"level":"info","logDir":"logs","message":"🚀 Winston logger initialized","nodeVersion":"v24.13.0","platform":"win32","timestamp":"2026-02-13 21:14:25"}
{"errors":["Role 28: Permission undefined not found in REPORT","Role 28: Permission undefined not found in REPORT","Role 38: Permission undefined not found in VAULT"],"level":"warn","message":"Permission validation errors","timestamp":"2026-02-13 21:14:29"}
{"errors":["Role 28: Permission undefined not found in REPORT","Role 28: Permission undefined not found in REPORT","Role 38: Permission undefined not found in VAULT"],"level":"warn","message":"Permission validation errors","timestamp":"2026-02-13 21:14:30"}
{"level":"info","message":"Server time initialized (WAT): 2026-02-14T06:14:33.085Z","timestamp":"2026-02-13 21:14:33"}
{"error":"auditLogger.info(...).catch is not a function","level":"warn","message":"Could not log startup audit","timestamp":"2026-02-13 21:14:33"}
{"level":"info","message":"🔧 Auto-initializing models in development mode...","timestamp":"2026-02-13 21:14:33"}
{"level":"info","message":"🚀 Initializing model loader...","timestamp":"2026-02-13 21:14:33"}
{"level":"info","message":"✅ Models loaded via index.js","timestamp":"2026-02-13 21:14:33"}
{"level":"info","message":"✅ Loaded critical model User on demand","timestamp":"2026-02-13 21:14:33"}
{"level":"info","message":"✅ Loaded critical model Customer on demand","timestamp":"2026-02-13 21:14:33"}
{"level":"info","message":"✅ Loaded critical model CustomerAccount on demand","timestamp":"2026-02-13 21:14:33"}
{"level":"info","message":"✅ Loaded critical model LoanAccount on demand","timestamp":"2026-02-13 21:14:33"}
{"level":"info","message":"✅ Loaded critical model LoanRepayment on demand","timestamp":"2026-02-13 21:14:33"}
{"level":"info","message":"✅ Loaded critical model Deposit on demand","timestamp":"2026-02-13 21:14:33"}
{"level":"info","message":"✅ Loaded critical model Transaction on demand","timestamp":"2026-02-13 21:14:33"}
{"level":"info","message":"✅ Loaded critical model GLAccount on demand","timestamp":"2026-02-13 21:14:33"}
{"level":"info","message":"✅ Loaded critical model AuditTrail on demand","timestamp":"2026-02-13 21:14:33"}
{"level":"info","message":"✅ Model loader initialized successfully","timestamp":"2026-02-13 21:14:33"}
{"level":"info","message":"📊 Loaded models: sequelize, Op, DataTypes, QueryTypes, User, Customer, CustomerAccount, LoanAccount, LoanRepayment, Deposit, Transaction, GLAccount, AuditTrail","timestamp":"2026-02-13 21:14:33"}
{"level":"info","message":"📊 Model Statistics:","timestamp":"2026-02-13 21:14:33"}
{"level":"info","message":"   Total models loaded: 13","timestamp":"2026-02-13 21:14:33"}
{"level":"info","message":"   CUSTOMER: 2 models","timestamp":"2026-02-13 21:14:33"}
{"level":"info","message":"   LOAN: 2 models","timestamp":"2026-02-13 21:14:33"}
{"level":"info","message":"   DEPOSIT: 1 models","timestamp":"2026-02-13 21:14:33"}
{"level":"info","message":"   TRANSACTION: 1 models","timestamp":"2026-02-13 21:14:33"}
{"level":"info","message":"   USER: 1 models","timestamp":"2026-02-13 21:14:33"}
{"level":"info","message":"   ACCOUNTING: 1 models","timestamp":"2026-02-13 21:14:33"}
{"level":"info","message":"   AUDIT: 1 models","timestamp":"2026-02-13 21:14:33"}
{"level":"info","logDir":"logs","message":"🚀 Winston logger initialized","nodeVersion":"v24.13.0","platform":"win32","timestamp":"2026-02-13 21:15:23"}
{"errors":["Role 28: Permission undefined not found in REPORT","Role 28: Permission undefined not found in REPORT","Role 38: Permission undefined not found in VAULT"],"level":"warn","message":"Permission validation errors","timestamp":"2026-02-13 21:15:27"}
{"errors":["Role 28: Permission undefined not found in REPORT","Role 28: Permission undefined not found in REPORT","Role 38: Permission undefined not found in VAULT"],"level":"warn","message":"Permission validation errors","timestamp":"2026-02-13 21:15:29"}
{"level":"info","message":"Server time initialized (WAT): 2026-02-14T06:15:32.057Z","timestamp":"2026-02-13 21:15:32"}
{"error":"auditLogger.info(...).catch is not a function","level":"warn","message":"Could not log startup audit","timestamp":"2026-02-13 21:15:32"}
{"level":"info","message":"🔧 Auto-initializing models in development mode...","timestamp":"2026-02-13 21:15:32"}
{"level":"info","message":"🚀 Initializing model loader...","timestamp":"2026-02-13 21:15:32"}
{"level":"info","message":"✅ Models loaded via index.js","timestamp":"2026-02-13 21:15:32"}
{"level":"info","message":"✅ Loaded critical model User on demand","timestamp":"2026-02-13 21:15:32"}
{"level":"info","message":"✅ Loaded critical model Customer on demand","timestamp":"2026-02-13 21:15:32"}
{"level":"info","message":"✅ Loaded critical model CustomerAccount on demand","timestamp":"2026-02-13 21:15:32"}
{"level":"info","message":"✅ Loaded critical model LoanAccount on demand","timestamp":"2026-02-13 21:15:32"}
{"level":"info","message":"✅ Loaded critical model LoanRepayment on demand","timestamp":"2026-02-13 21:15:32"}
{"level":"info","message":"✅ Loaded critical model Deposit on demand","timestamp":"2026-02-13 21:15:32"}
{"level":"info","message":"✅ Loaded critical model Transaction on demand","timestamp":"2026-02-13 21:15:32"}
{"level":"info","message":"✅ Loaded critical model GLAccount on demand","timestamp":"2026-02-13 21:15:32"}
{"level":"info","message":"✅ Loaded critical model AuditTrail on demand","timestamp":"2026-02-13 21:15:32"}
{"level":"info","message":"✅ Model loader initialized successfully","timestamp":"2026-02-13 21:15:32"}
{"level":"info","message":"📊 Loaded models: sequelize, Op, DataTypes, QueryTypes, User, Customer, CustomerAccount, LoanAccount, LoanRepayment, Deposit, Transaction, GLAccount, AuditTrail","timestamp":"2026-02-13 21:15:32"}
{"level":"info","message":"📊 Model Statistics:","timestamp":"2026-02-13 21:15:32"}
{"level":"info","message":"   Total models loaded: 13","timestamp":"2026-02-13 21:15:32"}
{"level":"info","message":"   CUSTOMER: 2 models","timestamp":"2026-02-13 21:15:32"}
{"level":"info","message":"   LOAN: 2 models","timestamp":"2026-02-13 21:15:32"}
{"level":"info","message":"   DEPOSIT: 1 models","timestamp":"2026-02-13 21:15:32"}
{"level":"info","message":"   TRANSACTION: 1 models","timestamp":"2026-02-13 21:15:32"}
{"level":"info","message":"   USER: 1 models","timestamp":"2026-02-13 21:15:32"}
{"level":"info","message":"   ACCOUNTING: 1 models","timestamp":"2026-02-13 21:15:32"}
{"level":"info","message":"   AUDIT: 1 models","timestamp":"2026-02-13 21:15:32"}
{"level":"info","logDir":"logs","message":"🚀 Winston logger initialized","nodeVersion":"v24.13.0","platform":"win32","timestamp":"2026-02-13 21:15:23"}
{"errors":["Role 28: Permission undefined not found in REPORT","Role 28: Permission undefined not found in REPORT","Role 38: Permission undefined not found in VAULT"],"level":"warn","message":"Permission validation errors","timestamp":"2026-02-13 21:15:28"}
{"errors":["Role 28: Permission undefined not found in REPORT","Role 28: Permission undefined not found in REPORT","Role 38: Permission undefined not found in VAULT"],"level":"warn","message":"Permission validation errors","timestamp":"2026-02-13 21:15:28"}
{"level":"info","message":"Server time initialized (WAT): 2026-02-14T06:15:32.064Z","timestamp":"2026-02-13 21:15:32"}
{"error":"auditLogger.info(...).catch is not a function","level":"warn","message":"Could not log startup audit","timestamp":"2026-02-13 21:15:32"}
{"level":"info","message":"🔧 Auto-initializing models in development mode...","timestamp":"2026-02-13 21:15:32"}
{"level":"info","message":"🚀 Initializing model loader...","timestamp":"2026-02-13 21:15:32"}
{"level":"info","message":"✅ Models loaded via index.js","timestamp":"2026-02-13 21:15:32"}
{"level":"info","message":"✅ Loaded critical model User on demand","timestamp":"2026-02-13 21:15:32"}
{"level":"info","message":"✅ Loaded critical model Customer on demand","timestamp":"2026-02-13 21:15:32"}
{"level":"info","message":"✅ Loaded critical model CustomerAccount on demand","timestamp":"2026-02-13 21:15:32"}
{"level":"info","message":"✅ Loaded critical model LoanAccount on demand","timestamp":"2026-02-13 21:15:32"}
{"level":"info","message":"✅ Loaded critical model LoanRepayment on demand","timestamp":"2026-02-13 21:15:32"}
{"level":"info","message":"✅ Loaded critical model Deposit on demand","timestamp":"2026-02-13 21:15:32"}
{"level":"info","message":"✅ Loaded critical model Transaction on demand","timestamp":"2026-02-13 21:15:32"}
{"level":"info","message":"✅ Loaded critical model GLAccount on demand","timestamp":"2026-02-13 21:15:32"}
{"level":"info","message":"✅ Loaded critical model AuditTrail on demand","timestamp":"2026-02-13 21:15:32"}
{"level":"info","message":"✅ Model loader initialized successfully","timestamp":"2026-02-13 21:15:32"}
{"level":"info","message":"📊 Loaded models: sequelize, Op, DataTypes, QueryTypes, User, Customer, CustomerAccount, LoanAccount, LoanRepayment, Deposit, Transaction, GLAccount, AuditTrail","timestamp":"2026-02-13 21:15:32"}
{"level":"info","message":"📊 Model Statistics:","timestamp":"2026-02-13 21:15:32"}
{"level":"info","message":"   Total models loaded: 13","timestamp":"2026-02-13 21:15:32"}
{"level":"info","message":"   CUSTOMER: 2 models","timestamp":"2026-02-13 21:15:32"}
{"level":"info","message":"   LOAN: 2 models","timestamp":"2026-02-13 21:15:32"}
{"level":"info","message":"   DEPOSIT: 1 models","timestamp":"2026-02-13 21:15:32"}
{"level":"info","message":"   TRANSACTION: 1 models","timestamp":"2026-02-13 21:15:32"}
{"level":"info","message":"   USER: 1 models","timestamp":"2026-02-13 21:15:32"}
{"level":"info","message":"   ACCOUNTING: 1 models","timestamp":"2026-02-13 21:15:32"}
{"level":"info","message":"   AUDIT: 1 models","timestamp":"2026-02-13 21:15:32"}
{"level":"info","logDir":"logs","message":"🚀 Winston logger initialized","nodeVersion":"v24.13.0","platform":"win32","timestamp":"2026-02-13 21:15:23"}
{"errors":["Role 28: Permission undefined not found in REPORT","Role 28: Permission undefined not found in REPORT","Role 38: Permission undefined not found in VAULT"],"level":"warn","message":"Permission validation errors","timestamp":"2026-02-13 21:15:27"}
{"errors":["Role 28: Permission undefined not found in REPORT","Role 28: Permission undefined not found in REPORT","Role 38: Permission undefined not found in VAULT"],"level":"warn","message":"Permission validation errors","timestamp":"2026-02-13 21:15:28"}
{"level":"info","message":"Server time initialized (WAT): 2026-02-14T06:15:32.031Z","timestamp":"2026-02-13 21:15:32"}
{"error":"auditLogger.info(...).catch is not a function","level":"warn","message":"Could not log startup audit","timestamp":"2026-02-13 21:15:32"}
{"level":"info","message":"🔧 Auto-initializing models in development mode...","timestamp":"2026-02-13 21:15:32"}
{"level":"info","message":"🚀 Initializing model loader...","timestamp":"2026-02-13 21:15:32"}
{"level":"info","message":"✅ Models loaded via index.js","timestamp":"2026-02-13 21:15:32"}
{"level":"info","message":"✅ Loaded critical model User on demand","timestamp":"2026-02-13 21:15:32"}
{"level":"info","message":"✅ Loaded critical model Customer on demand","timestamp":"2026-02-13 21:15:32"}
{"level":"info","message":"✅ Loaded critical model CustomerAccount on demand","timestamp":"2026-02-13 21:15:32"}
{"level":"info","message":"✅ Loaded critical model LoanAccount on demand","timestamp":"2026-02-13 21:15:32"}
{"level":"info","message":"✅ Loaded critical model LoanRepayment on demand","timestamp":"2026-02-13 21:15:32"}
{"level":"info","message":"✅ Loaded critical model Deposit on demand","timestamp":"2026-02-13 21:15:32"}
{"level":"info","message":"✅ Loaded critical model Transaction on demand","timestamp":"2026-02-13 21:15:32"}
{"level":"info","message":"✅ Loaded critical model GLAccount on demand","timestamp":"2026-02-13 21:15:32"}
{"level":"info","message":"✅ Loaded critical model AuditTrail on demand","timestamp":"2026-02-13 21:15:32"}
{"level":"info","message":"✅ Model loader initialized successfully","timestamp":"2026-02-13 21:15:32"}
{"level":"info","message":"📊 Loaded models: sequelize, Op, DataTypes, QueryTypes, User, Customer, CustomerAccount, LoanAccount, LoanRepayment, Deposit, Transaction, GLAccount, AuditTrail","timestamp":"2026-02-13 21:15:32"}
{"level":"info","message":"📊 Model Statistics:","timestamp":"2026-02-13 21:15:32"}
{"level":"info","message":"   Total models loaded: 13","timestamp":"2026-02-13 21:15:32"}
{"level":"info","message":"   CUSTOMER: 2 models","timestamp":"2026-02-13 21:15:32"}
{"level":"info","message":"   LOAN: 2 models","timestamp":"2026-02-13 21:15:32"}
{"level":"info","message":"   DEPOSIT: 1 models","timestamp":"2026-02-13 21:15:32"}
{"level":"info","message":"   TRANSACTION: 1 models","timestamp":"2026-02-13 21:15:32"}
{"level":"info","message":"   USER: 1 models","timestamp":"2026-02-13 21:15:32"}
{"level":"info","message":"   ACCOUNTING: 1 models","timestamp":"2026-02-13 21:15:32"}
{"level":"info","message":"   AUDIT: 1 models","timestamp":"2026-02-13 21:15:32"}
{"level":"info","logDir":"logs","message":"🚀 Winston logger initialized","nodeVersion":"v24.13.0","platform":"win32","timestamp":"2026-02-13 21:15:23"}
{"errors":["Role 28: Permission undefined not found in REPORT","Role 28: Permission undefined not found in REPORT","Role 38: Permission undefined not found in VAULT"],"level":"warn","message":"Permission validation errors","timestamp":"2026-02-13 21:15:28"}
{"errors":["Role 28: Permission undefined not found in REPORT","Role 28: Permission undefined not found in REPORT","Role 38: Permission undefined not found in VAULT"],"level":"warn","message":"Permission validation errors","timestamp":"2026-02-13 21:15:28"}
{"level":"info","message":"Server time initialized (WAT): 2026-02-14T06:15:32.047Z","timestamp":"2026-02-13 21:15:32"}
{"error":"auditLogger.info(...).catch is not a function","level":"warn","message":"Could not log startup audit","timestamp":"2026-02-13 21:15:32"}
{"level":"info","message":"🔧 Auto-initializing models in development mode...","timestamp":"2026-02-13 21:15:32"}
{"level":"info","message":"🚀 Initializing model loader...","timestamp":"2026-02-13 21:15:32"}
{"level":"info","message":"✅ Models loaded via index.js","timestamp":"2026-02-13 21:15:32"}
{"level":"info","message":"✅ Loaded critical model User on demand","timestamp":"2026-02-13 21:15:32"}
{"level":"info","message":"✅ Loaded critical model Customer on demand","timestamp":"2026-02-13 21:15:32"}
{"level":"info","message":"✅ Loaded critical model CustomerAccount on demand","timestamp":"2026-02-13 21:15:32"}
{"level":"info","message":"✅ Loaded critical model LoanAccount on demand","timestamp":"2026-02-13 21:15:32"}
{"level":"info","message":"✅ Loaded critical model LoanRepayment on demand","timestamp":"2026-02-13 21:15:32"}
{"level":"info","message":"✅ Loaded critical model Deposit on demand","timestamp":"2026-02-13 21:15:32"}
{"level":"info","message":"✅ Loaded critical model Transaction on demand","timestamp":"2026-02-13 21:15:32"}
{"level":"info","message":"✅ Loaded critical model GLAccount on demand","timestamp":"2026-02-13 21:15:32"}
{"level":"info","message":"✅ Loaded critical model AuditTrail on demand","timestamp":"2026-02-13 21:15:32"}
{"level":"info","message":"✅ Model loader initialized successfully","timestamp":"2026-02-13 21:15:32"}
{"level":"info","message":"📊 Loaded models: sequelize, Op, DataTypes, QueryTypes, User, Customer, CustomerAccount, LoanAccount, LoanRepayment, Deposit, Transaction, GLAccount, AuditTrail","timestamp":"2026-02-13 21:15:32"}
{"level":"info","message":"📊 Model Statistics:","timestamp":"2026-02-13 21:15:32"}
{"level":"info","message":"   Total models loaded: 13","timestamp":"2026-02-13 21:15:32"}
{"level":"info","message":"   CUSTOMER: 2 models","timestamp":"2026-02-13 21:15:32"}
{"level":"info","message":"   LOAN: 2 models","timestamp":"2026-02-13 21:15:32"}
{"level":"info","message":"   DEPOSIT: 1 models","timestamp":"2026-02-13 21:15:32"}
{"level":"info","message":"   TRANSACTION: 1 models","timestamp":"2026-02-13 21:15:32"}
{"level":"info","message":"   USER: 1 models","timestamp":"2026-02-13 21:15:32"}
{"level":"info","message":"   ACCOUNTING: 1 models","timestamp":"2026-02-13 21:15:32"}
{"level":"info","message":"   AUDIT: 1 models","timestamp":"2026-02-13 21:15:32"}
{"level":"info","logDir":"logs","message":"🚀 Winston logger initialized","nodeVersion":"v24.13.0","platform":"win32","timestamp":"2026-02-13 21:16:40"}
{"errors":["Role 28: Permission undefined not found in REPORT","Role 28: Permission undefined not found in REPORT","Role 38: Permission undefined not found in VAULT"],"level":"warn","message":"Permission validation errors","timestamp":"2026-02-13 21:16:44"}
{"errors":["Role 28: Permission undefined not found in REPORT","Role 28: Permission undefined not found in REPORT","Role 38: Permission undefined not found in VAULT"],"level":"warn","message":"Permission validation errors","timestamp":"2026-02-13 21:16:45"}
{"level":"info","message":"Server time initialized (WAT): 2026-02-14T06:16:48.390Z","timestamp":"2026-02-13 21:16:48"}
{"error":"auditLogger.info(...).catch is not a function","level":"warn","message":"Could not log startup audit","timestamp":"2026-02-13 21:16:48"}
{"level":"info","message":"🔧 Auto-initializing models in development mode...","timestamp":"2026-02-13 21:16:48"}
{"level":"info","message":"🚀 Initializing model loader...","timestamp":"2026-02-13 21:16:48"}
{"level":"info","message":"✅ Models loaded via index.js","timestamp":"2026-02-13 21:16:48"}
{"level":"info","message":"✅ Loaded critical model User on demand","timestamp":"2026-02-13 21:16:48"}
{"level":"info","message":"✅ Loaded critical model Customer on demand","timestamp":"2026-02-13 21:16:48"}
{"level":"info","message":"✅ Loaded critical model CustomerAccount on demand","timestamp":"2026-02-13 21:16:48"}
{"level":"info","message":"✅ Loaded critical model LoanAccount on demand","timestamp":"2026-02-13 21:16:48"}
{"level":"info","message":"✅ Loaded critical model LoanRepayment on demand","timestamp":"2026-02-13 21:16:48"}
{"level":"info","message":"✅ Loaded critical model Deposit on demand","timestamp":"2026-02-13 21:16:48"}
{"level":"info","message":"✅ Loaded critical model Transaction on demand","timestamp":"2026-02-13 21:16:48"}
{"level":"info","message":"✅ Loaded critical model GLAccount on demand","timestamp":"2026-02-13 21:16:48"}
{"level":"info","message":"✅ Loaded critical model AuditTrail on demand","timestamp":"2026-02-13 21:16:48"}
{"level":"info","message":"✅ Model loader initialized successfully","timestamp":"2026-02-13 21:16:48"}
{"level":"info","message":"📊 Loaded models: sequelize, Op, DataTypes, QueryTypes, User, Customer, CustomerAccount, LoanAccount, LoanRepayment, Deposit, Transaction, GLAccount, AuditTrail","timestamp":"2026-02-13 21:16:48"}
{"level":"info","message":"📊 Model Statistics:","timestamp":"2026-02-13 21:16:48"}
{"level":"info","message":"   Total models loaded: 13","timestamp":"2026-02-13 21:16:48"}
{"level":"info","message":"   CUSTOMER: 2 models","timestamp":"2026-02-13 21:16:48"}
{"level":"info","message":"   LOAN: 2 models","timestamp":"2026-02-13 21:16:48"}
{"level":"info","message":"   DEPOSIT: 1 models","timestamp":"2026-02-13 21:16:48"}
{"level":"info","message":"   TRANSACTION: 1 models","timestamp":"2026-02-13 21:16:48"}
{"level":"info","message":"   USER: 1 models","timestamp":"2026-02-13 21:16:48"}
{"level":"info","message":"   ACCOUNTING: 1 models","timestamp":"2026-02-13 21:16:48"}
{"level":"info","message":"   AUDIT: 1 models","timestamp":"2026-02-13 21:16:48"}
{"level":"info","logDir":"logs","message":"🚀 Winston logger initialized","nodeVersion":"v24.13.0","platform":"win32","timestamp":"2026-02-13 21:16:40"}
{"errors":["Role 28: Permission undefined not found in REPORT","Role 28: Permission undefined not found in REPORT","Role 38: Permission undefined not found in VAULT"],"level":"warn","message":"Permission validation errors","timestamp":"2026-02-13 21:16:44"}
{"errors":["Role 28: Permission undefined not found in REPORT","Role 28: Permission undefined not found in REPORT","Role 38: Permission undefined not found in VAULT"],"level":"warn","message":"Permission validation errors","timestamp":"2026-02-13 21:16:45"}
{"level":"info","message":"Server time initialized (WAT): 2026-02-14T06:16:48.364Z","timestamp":"2026-02-13 21:16:48"}
{"error":"auditLogger.info(...).catch is not a function","level":"warn","message":"Could not log startup audit","timestamp":"2026-02-13 21:16:48"}
{"level":"info","message":"🔧 Auto-initializing models in development mode...","timestamp":"2026-02-13 21:16:48"}
{"level":"info","message":"🚀 Initializing model loader...","timestamp":"2026-02-13 21:16:48"}
{"level":"info","message":"✅ Models loaded via index.js","timestamp":"2026-02-13 21:16:48"}
{"level":"info","message":"✅ Loaded critical model User on demand","timestamp":"2026-02-13 21:16:48"}
{"level":"info","message":"✅ Loaded critical model Customer on demand","timestamp":"2026-02-13 21:16:48"}
{"level":"info","message":"✅ Loaded critical model CustomerAccount on demand","timestamp":"2026-02-13 21:16:48"}
{"level":"info","message":"✅ Loaded critical model LoanAccount on demand","timestamp":"2026-02-13 21:16:48"}
{"level":"info","message":"✅ Loaded critical model LoanRepayment on demand","timestamp":"2026-02-13 21:16:48"}
{"level":"info","message":"✅ Loaded critical model Deposit on demand","timestamp":"2026-02-13 21:16:48"}
{"level":"info","message":"✅ Loaded critical model Transaction on demand","timestamp":"2026-02-13 21:16:48"}
{"level":"info","message":"✅ Loaded critical model GLAccount on demand","timestamp":"2026-02-13 21:16:48"}
{"level":"info","message":"✅ Loaded critical model AuditTrail on demand","timestamp":"2026-02-13 21:16:48"}
{"level":"info","message":"✅ Model loader initialized successfully","timestamp":"2026-02-13 21:16:48"}
{"level":"info","message":"📊 Loaded models: sequelize, Op, DataTypes, QueryTypes, User, Customer, CustomerAccount, LoanAccount, LoanRepayment, Deposit, Transaction, GLAccount, AuditTrail","timestamp":"2026-02-13 21:16:48"}
{"level":"info","message":"📊 Model Statistics:","timestamp":"2026-02-13 21:16:48"}
{"level":"info","message":"   Total models loaded: 13","timestamp":"2026-02-13 21:16:48"}
{"level":"info","message":"   CUSTOMER: 2 models","timestamp":"2026-02-13 21:16:48"}
{"level":"info","message":"   LOAN: 2 models","timestamp":"2026-02-13 21:16:48"}
{"level":"info","message":"   DEPOSIT: 1 models","timestamp":"2026-02-13 21:16:48"}
{"level":"info","message":"   TRANSACTION: 1 models","timestamp":"2026-02-13 21:16:48"}
{"level":"info","message":"   USER: 1 models","timestamp":"2026-02-13 21:16:48"}
{"level":"info","message":"   ACCOUNTING: 1 models","timestamp":"2026-02-13 21:16:48"}
{"level":"info","message":"   AUDIT: 1 models","timestamp":"2026-02-13 21:16:48"}
{"level":"info","logDir":"logs","message":"🚀 Winston logger initialized","nodeVersion":"v24.13.0","platform":"win32","timestamp":"2026-02-13 21:16:40"}
{"errors":["Role 28: Permission undefined not found in REPORT","Role 28: Permission undefined not found in REPORT","Role 38: Permission undefined not found in VAULT"],"level":"warn","message":"Permission validation errors","timestamp":"2026-02-13 21:16:44"}
{"errors":["Role 28: Permission undefined not found in REPORT","Role 28: Permission undefined not found in REPORT","Role 38: Permission undefined not found in VAULT"],"level":"warn","message":"Permission validation errors","timestamp":"2026-02-13 21:16:45"}
{"level":"info","message":"Server time initialized (WAT): 2026-02-14T06:16:48.362Z","timestamp":"2026-02-13 21:16:48"}
{"error":"auditLogger.info(...).catch is not a function","level":"warn","message":"Could not log startup audit","timestamp":"2026-02-13 21:16:48"}
{"level":"info","message":"🔧 Auto-initializing models in development mode...","timestamp":"2026-02-13 21:16:48"}
{"level":"info","message":"🚀 Initializing model loader...","timestamp":"2026-02-13 21:16:48"}
{"level":"info","message":"✅ Models loaded via index.js","timestamp":"2026-02-13 21:16:48"}
{"level":"info","message":"✅ Loaded critical model User on demand","timestamp":"2026-02-13 21:16:48"}
{"level":"info","message":"✅ Loaded critical model Customer on demand","timestamp":"2026-02-13 21:16:48"}
{"level":"info","message":"✅ Loaded critical model CustomerAccount on demand","timestamp":"2026-02-13 21:16:48"}
{"level":"info","message":"✅ Loaded critical model LoanAccount on demand","timestamp":"2026-02-13 21:16:48"}
{"level":"info","message":"✅ Loaded critical model LoanRepayment on demand","timestamp":"2026-02-13 21:16:48"}
{"level":"info","message":"✅ Loaded critical model Deposit on demand","timestamp":"2026-02-13 21:16:48"}
{"level":"info","message":"✅ Loaded critical model Transaction on demand","timestamp":"2026-02-13 21:16:48"}
{"level":"info","message":"✅ Loaded critical model GLAccount on demand","timestamp":"2026-02-13 21:16:48"}
{"level":"info","message":"✅ Loaded critical model AuditTrail on demand","timestamp":"2026-02-13 21:16:48"}
{"level":"info","message":"✅ Model loader initialized successfully","timestamp":"2026-02-13 21:16:48"}
{"level":"info","message":"📊 Loaded models: sequelize, Op, DataTypes, QueryTypes, User, Customer, CustomerAccount, LoanAccount, LoanRepayment, Deposit, Transaction, GLAccount, AuditTrail","timestamp":"2026-02-13 21:16:48"}
{"level":"info","message":"📊 Model Statistics:","timestamp":"2026-02-13 21:16:48"}
{"level":"info","message":"   Total models loaded: 13","timestamp":"2026-02-13 21:16:48"}
{"level":"info","message":"   CUSTOMER: 2 models","timestamp":"2026-02-13 21:16:48"}
{"level":"info","message":"   LOAN: 2 models","timestamp":"2026-02-13 21:16:48"}
{"level":"info","message":"   DEPOSIT: 1 models","timestamp":"2026-02-13 21:16:48"}
{"level":"info","message":"   TRANSACTION: 1 models","timestamp":"2026-02-13 21:16:48"}
{"level":"info","message":"   USER: 1 models","timestamp":"2026-02-13 21:16:48"}
{"level":"info","message":"   ACCOUNTING: 1 models","timestamp":"2026-02-13 21:16:48"}
{"level":"info","message":"   AUDIT: 1 models","timestamp":"2026-02-13 21:16:48"}
{"level":"info","logDir":"logs","message":"🚀 Winston logger initialized","nodeVersion":"v24.13.0","platform":"win32","timestamp":"2026-02-13 21:16:40"}
{"errors":["Role 28: Permission undefined not found in REPORT","Role 28: Permission undefined not found in REPORT","Role 38: Permission undefined not found in VAULT"],"level":"warn","message":"Permission validation errors","timestamp":"2026-02-13 21:16:44"}
{"errors":["Role 28: Permission undefined not found in REPORT","Role 28: Permission undefined not found in REPORT","Role 38: Permission undefined not found in VAULT"],"level":"warn","message":"Permission validation errors","timestamp":"2026-02-13 21:16:45"}
{"level":"info","message":"Server time initialized (WAT): 2026-02-14T06:16:48.366Z","timestamp":"2026-02-13 21:16:48"}
{"error":"auditLogger.info(...).catch is not a function","level":"warn","message":"Could not log startup audit","timestamp":"2026-02-13 21:16:48"}
{"level":"info","message":"🔧 Auto-initializing models in development mode...","timestamp":"2026-02-13 21:16:48"}
{"level":"info","message":"🚀 Initializing model loader...","timestamp":"2026-02-13 21:16:48"}
{"level":"info","message":"✅ Models loaded via index.js","timestamp":"2026-02-13 21:16:48"}
{"level":"info","message":"✅ Loaded critical model User on demand","timestamp":"2026-02-13 21:16:48"}
{"level":"info","message":"✅ Loaded critical model Customer on demand","timestamp":"2026-02-13 21:16:48"}
{"level":"info","message":"✅ Loaded critical model CustomerAccount on demand","timestamp":"2026-02-13 21:16:48"}
{"level":"info","message":"✅ Loaded critical model LoanAccount on demand","timestamp":"2026-02-13 21:16:48"}
{"level":"info","message":"✅ Loaded critical model LoanRepayment on demand","timestamp":"2026-02-13 21:16:48"}
{"level":"info","message":"✅ Loaded critical model Deposit on demand","timestamp":"2026-02-13 21:16:48"}
{"level":"info","message":"✅ Loaded critical model Transaction on demand","timestamp":"2026-02-13 21:16:48"}
{"level":"info","message":"✅ Loaded critical model GLAccount on demand","timestamp":"2026-02-13 21:16:48"}
{"level":"info","message":"✅ Loaded critical model AuditTrail on demand","timestamp":"2026-02-13 21:16:48"}
{"level":"info","message":"✅ Model loader initialized successfully","timestamp":"2026-02-13 21:16:48"}
{"level":"info","message":"📊 Loaded models: sequelize, Op, DataTypes, QueryTypes, User, Customer, CustomerAccount, LoanAccount, LoanRepayment, Deposit, Transaction, GLAccount, AuditTrail","timestamp":"2026-02-13 21:16:48"}
{"level":"info","message":"📊 Model Statistics:","timestamp":"2026-02-13 21:16:48"}
{"level":"info","message":"   Total models loaded: 13","timestamp":"2026-02-13 21:16:48"}
{"level":"info","message":"   CUSTOMER: 2 models","timestamp":"2026-02-13 21:16:48"}
{"level":"info","message":"   LOAN: 2 models","timestamp":"2026-02-13 21:16:48"}
{"level":"info","message":"   DEPOSIT: 1 models","timestamp":"2026-02-13 21:16:48"}
{"level":"info","message":"   TRANSACTION: 1 models","timestamp":"2026-02-13 21:16:48"}
{"level":"info","message":"   USER: 1 models","timestamp":"2026-02-13 21:16:48"}
{"level":"info","message":"   ACCOUNTING: 1 models","timestamp":"2026-02-13 21:16:48"}
{"level":"info","message":"   AUDIT: 1 models","timestamp":"2026-02-13 21:16:48"}
{"level":"info","logDir":"logs","message":"🚀 Winston logger initialized","nodeVersion":"v24.13.0","platform":"win32","timestamp":"2026-02-13 21:18:23"}
{"errors":["Role 28: Permission undefined not found in REPORT","Role 28: Permission undefined not found in REPORT","Role 38: Permission undefined not found in VAULT"],"level":"warn","message":"Permission validation errors","timestamp":"2026-02-13 21:18:27"}
{"errors":["Role 28: Permission undefined not found in REPORT","Role 28: Permission undefined not found in REPORT","Role 38: Permission undefined not found in VAULT"],"level":"warn","message":"Permission validation errors","timestamp":"2026-02-13 21:18:27"}
{"level":"info","message":"Server time initialized (WAT): 2026-02-14T06:18:30.773Z","timestamp":"2026-02-13 21:18:30"}
{"error":"auditLogger.info(...).catch is not a function","level":"warn","message":"Could not log startup audit","timestamp":"2026-02-13 21:18:30"}
{"level":"info","message":"🔧 Auto-initializing models in development mode...","timestamp":"2026-02-13 21:18:31"}
{"level":"info","message":"🚀 Initializing model loader...","timestamp":"2026-02-13 21:18:31"}
{"level":"info","message":"✅ Models loaded via index.js","timestamp":"2026-02-13 21:18:31"}
{"level":"info","message":"✅ Loaded critical model User on demand","timestamp":"2026-02-13 21:18:31"}
{"level":"info","message":"✅ Loaded critical model Customer on demand","timestamp":"2026-02-13 21:18:31"}
{"level":"info","message":"✅ Loaded critical model CustomerAccount on demand","timestamp":"2026-02-13 21:18:31"}
{"level":"info","message":"✅ Loaded critical model LoanAccount on demand","timestamp":"2026-02-13 21:18:31"}
{"level":"info","message":"✅ Loaded critical model LoanRepayment on demand","timestamp":"2026-02-13 21:18:31"}
{"level":"info","message":"✅ Loaded critical model Deposit on demand","timestamp":"2026-02-13 21:18:31"}
{"level":"info","message":"✅ Loaded critical model Transaction on demand","timestamp":"2026-02-13 21:18:31"}
{"level":"info","message":"✅ Loaded critical model GLAccount on demand","timestamp":"2026-02-13 21:18:31"}
{"level":"info","message":"✅ Loaded critical model AuditTrail on demand","timestamp":"2026-02-13 21:18:31"}
{"level":"info","message":"✅ Model loader initialized successfully","timestamp":"2026-02-13 21:18:31"}
{"level":"info","message":"📊 Loaded models: sequelize, Op, DataTypes, QueryTypes, User, Customer, CustomerAccount, LoanAccount, LoanRepayment, Deposit, Transaction, GLAccount, AuditTrail","timestamp":"2026-02-13 21:18:31"}
{"level":"info","message":"📊 Model Statistics:","timestamp":"2026-02-13 21:18:31"}
{"level":"info","message":"   Total models loaded: 13","timestamp":"2026-02-13 21:18:31"}
{"level":"info","message":"   CUSTOMER: 2 models","timestamp":"2026-02-13 21:18:31"}
{"level":"info","message":"   LOAN: 2 models","timestamp":"2026-02-13 21:18:31"}
{"level":"info","message":"   DEPOSIT: 1 models","timestamp":"2026-02-13 21:18:31"}
{"level":"info","message":"   TRANSACTION: 1 models","timestamp":"2026-02-13 21:18:31"}
{"level":"info","message":"   USER: 1 models","timestamp":"2026-02-13 21:18:31"}
{"level":"info","message":"   ACCOUNTING: 1 models","timestamp":"2026-02-13 21:18:31"}
{"level":"info","message":"   AUDIT: 1 models","timestamp":"2026-02-13 21:18:31"}
{"level":"info","logDir":"logs","message":"🚀 Winston logger initialized","nodeVersion":"v24.13.0","platform":"win32","timestamp":"2026-02-13 21:18:23"}
{"errors":["Role 28: Permission undefined not found in REPORT","Role 28: Permission undefined not found in REPORT","Role 38: Permission undefined not found in VAULT"],"level":"warn","message":"Permission validation errors","timestamp":"2026-02-13 21:18:27"}
{"errors":["Role 28: Permission undefined not found in REPORT","Role 28: Permission undefined not found in REPORT","Role 38: Permission undefined not found in VAULT"],"level":"warn","message":"Permission validation errors","timestamp":"2026-02-13 21:18:27"}
{"level":"info","message":"Server time initialized (WAT): 2026-02-14T06:18:30.749Z","timestamp":"2026-02-13 21:18:30"}
{"error":"auditLogger.info(...).catch is not a function","level":"warn","message":"Could not log startup audit","timestamp":"2026-02-13 21:18:30"}
{"level":"info","message":"🔧 Auto-initializing models in development mode...","timestamp":"2026-02-13 21:18:31"}
{"level":"info","message":"🚀 Initializing model loader...","timestamp":"2026-02-13 21:18:31"}
{"level":"info","message":"✅ Models loaded via index.js","timestamp":"2026-02-13 21:18:31"}
{"level":"info","message":"✅ Loaded critical model User on demand","timestamp":"2026-02-13 21:18:31"}
{"level":"info","message":"✅ Loaded critical model Customer on demand","timestamp":"2026-02-13 21:18:31"}
{"level":"info","message":"✅ Loaded critical model CustomerAccount on demand","timestamp":"2026-02-13 21:18:31"}
{"level":"info","message":"✅ Loaded critical model LoanAccount on demand","timestamp":"2026-02-13 21:18:31"}
{"level":"info","message":"✅ Loaded critical model LoanRepayment on demand","timestamp":"2026-02-13 21:18:31"}
{"level":"info","message":"✅ Loaded critical model Deposit on demand","timestamp":"2026-02-13 21:18:31"}
{"level":"info","message":"✅ Loaded critical model Transaction on demand","timestamp":"2026-02-13 21:18:31"}
{"level":"info","message":"✅ Loaded critical model GLAccount on demand","timestamp":"2026-02-13 21:18:31"}
{"level":"info","message":"✅ Loaded critical model AuditTrail on demand","timestamp":"2026-02-13 21:18:31"}
{"level":"info","message":"✅ Model loader initialized successfully","timestamp":"2026-02-13 21:18:31"}
{"level":"info","message":"📊 Loaded models: sequelize, Op, DataTypes, QueryTypes, User, Customer, CustomerAccount, LoanAccount, LoanRepayment, Deposit, Transaction, GLAccount, AuditTrail","timestamp":"2026-02-13 21:18:31"}
{"level":"info","message":"📊 Model Statistics:","timestamp":"2026-02-13 21:18:31"}
{"level":"info","message":"   Total models loaded: 13","timestamp":"2026-02-13 21:18:31"}
{"level":"info","message":"   CUSTOMER: 2 models","timestamp":"2026-02-13 21:18:31"}
{"level":"info","message":"   LOAN: 2 models","timestamp":"2026-02-13 21:18:31"}
{"level":"info","message":"   DEPOSIT: 1 models","timestamp":"2026-02-13 21:18:31"}
{"level":"info","message":"   TRANSACTION: 1 models","timestamp":"2026-02-13 21:18:31"}
{"level":"info","message":"   USER: 1 models","timestamp":"2026-02-13 21:18:31"}
{"level":"info","message":"   ACCOUNTING: 1 models","timestamp":"2026-02-13 21:18:31"}
{"level":"info","message":"   AUDIT: 1 models","timestamp":"2026-02-13 21:18:31"}
{"level":"info","logDir":"logs","message":"🚀 Winston logger initialized","nodeVersion":"v24.13.0","platform":"win32","timestamp":"2026-02-13 21:18:23"}
{"errors":["Role 28: Permission undefined not found in REPORT","Role 28: Permission undefined not found in REPORT","Role 38: Permission undefined not found in VAULT"],"level":"warn","message":"Permission validation errors","timestamp":"2026-02-13 21:18:27"}
{"errors":["Role 28: Permission undefined not found in REPORT","Role 28: Permission undefined not found in REPORT","Role 38: Permission undefined not found in VAULT"],"level":"warn","message":"Permission validation errors","timestamp":"2026-02-13 21:18:27"}
{"level":"info","message":"Server time initialized (WAT): 2026-02-14T06:18:30.776Z","timestamp":"2026-02-13 21:18:30"}
{"error":"auditLogger.info(...).catch is not a function","level":"warn","message":"Could not log startup audit","timestamp":"2026-02-13 21:18:30"}
{"level":"info","message":"🔧 Auto-initializing models in development mode...","timestamp":"2026-02-13 21:18:31"}
{"level":"info","message":"🚀 Initializing model loader...","timestamp":"2026-02-13 21:18:31"}
{"level":"info","message":"✅ Models loaded via index.js","timestamp":"2026-02-13 21:18:31"}
{"level":"info","message":"✅ Loaded critical model User on demand","timestamp":"2026-02-13 21:18:31"}
{"level":"info","message":"✅ Loaded critical model Customer on demand","timestamp":"2026-02-13 21:18:31"}
{"level":"info","message":"✅ Loaded critical model CustomerAccount on demand","timestamp":"2026-02-13 21:18:31"}
{"level":"info","message":"✅ Loaded critical model LoanAccount on demand","timestamp":"2026-02-13 21:18:31"}
{"level":"info","message":"✅ Loaded critical model LoanRepayment on demand","timestamp":"2026-02-13 21:18:31"}
{"level":"info","message":"✅ Loaded critical model Deposit on demand","timestamp":"2026-02-13 21:18:31"}
{"level":"info","message":"✅ Loaded critical model Transaction on demand","timestamp":"2026-02-13 21:18:31"}
{"level":"info","message":"✅ Loaded critical model GLAccount on demand","timestamp":"2026-02-13 21:18:31"}
{"level":"info","message":"✅ Loaded critical model AuditTrail on demand","timestamp":"2026-02-13 21:18:31"}
{"level":"info","message":"✅ Model loader initialized successfully","timestamp":"2026-02-13 21:18:31"}
{"level":"info","message":"📊 Loaded models: sequelize, Op, DataTypes, QueryTypes, User, Customer, CustomerAccount, LoanAccount, LoanRepayment, Deposit, Transaction, GLAccount, AuditTrail","timestamp":"2026-02-13 21:18:31"}
{"level":"info","message":"📊 Model Statistics:","timestamp":"2026-02-13 21:18:31"}
{"level":"info","message":"   Total models loaded: 13","timestamp":"2026-02-13 21:18:31"}
{"level":"info","message":"   CUSTOMER: 2 models","timestamp":"2026-02-13 21:18:31"}
{"level":"info","message":"   LOAN: 2 models","timestamp":"2026-02-13 21:18:31"}
{"level":"info","message":"   DEPOSIT: 1 models","timestamp":"2026-02-13 21:18:31"}
{"level":"info","message":"   TRANSACTION: 1 models","timestamp":"2026-02-13 21:18:31"}
{"level":"info","message":"   USER: 1 models","timestamp":"2026-02-13 21:18:31"}
{"level":"info","message":"   ACCOUNTING: 1 models","timestamp":"2026-02-13 21:18:31"}
{"level":"info","message":"   AUDIT: 1 models","timestamp":"2026-02-13 21:18:31"}
{"level":"info","logDir":"logs","message":"🚀 Winston logger initialized","nodeVersion":"v24.13.0","platform":"win32","timestamp":"2026-02-13 21:18:23"}
{"errors":["Role 28: Permission undefined not found in REPORT","Role 28: Permission undefined not found in REPORT","Role 38: Permission undefined not found in VAULT"],"level":"warn","message":"Permission validation errors","timestamp":"2026-02-13 21:18:27"}
{"errors":["Role 28: Permission undefined not found in REPORT","Role 28: Permission undefined not found in REPORT","Role 38: Permission undefined not found in VAULT"],"level":"warn","message":"Permission validation errors","timestamp":"2026-02-13 21:18:27"}
{"level":"info","message":"Server time initialized (WAT): 2026-02-14T06:18:30.766Z","timestamp":"2026-02-13 21:18:30"}
{"error":"auditLogger.info(...).catch is not a function","level":"warn","message":"Could not log startup audit","timestamp":"2026-02-13 21:18:30"}
{"level":"info","message":"🔧 Auto-initializing models in development mode...","timestamp":"2026-02-13 21:18:31"}
{"level":"info","message":"🚀 Initializing model loader...","timestamp":"2026-02-13 21:18:31"}
{"level":"info","message":"✅ Models loaded via index.js","timestamp":"2026-02-13 21:18:31"}
{"level":"info","message":"✅ Loaded critical model User on demand","timestamp":"2026-02-13 21:18:31"}
{"level":"info","message":"✅ Loaded critical model Customer on demand","timestamp":"2026-02-13 21:18:31"}
{"level":"info","message":"✅ Loaded critical model CustomerAccount on demand","timestamp":"2026-02-13 21:18:31"}
{"level":"info","message":"✅ Loaded critical model LoanAccount on demand","timestamp":"2026-02-13 21:18:31"}
{"level":"info","message":"✅ Loaded critical model LoanRepayment on demand","timestamp":"2026-02-13 21:18:31"}
{"level":"info","message":"✅ Loaded critical model Deposit on demand","timestamp":"2026-02-13 21:18:31"}
{"level":"info","message":"✅ Loaded critical model Transaction on demand","timestamp":"2026-02-13 21:18:31"}
{"level":"info","message":"✅ Loaded critical model GLAccount on demand","timestamp":"2026-02-13 21:18:31"}
{"level":"info","message":"✅ Loaded critical model AuditTrail on demand","timestamp":"2026-02-13 21:18:31"}
{"level":"info","message":"✅ Model loader initialized successfully","timestamp":"2026-02-13 21:18:31"}
{"level":"info","message":"📊 Loaded models: sequelize, Op, DataTypes, QueryTypes, User, Customer, CustomerAccount, LoanAccount, LoanRepayment, Deposit, Transaction, GLAccount, AuditTrail","timestamp":"2026-02-13 21:18:31"}
{"level":"info","message":"📊 Model Statistics:","timestamp":"2026-02-13 21:18:31"}
{"level":"info","message":"   Total models loaded: 13","timestamp":"2026-02-13 21:18:31"}
{"level":"info","message":"   CUSTOMER: 2 models","timestamp":"2026-02-13 21:18:31"}
{"level":"info","message":"   LOAN: 2 models","timestamp":"2026-02-13 21:18:31"}
{"level":"info","message":"   DEPOSIT: 1 models","timestamp":"2026-02-13 21:18:31"}
{"level":"info","message":"   TRANSACTION: 1 models","timestamp":"2026-02-13 21:18:31"}
{"level":"info","message":"   USER: 1 models","timestamp":"2026-02-13 21:18:31"}
{"level":"info","message":"   ACCOUNTING: 1 models","timestamp":"2026-02-13 21:18:31"}
{"level":"info","message":"   AUDIT: 1 models","timestamp":"2026-02-13 21:18:31"}
{"level":"info","logDir":"logs","message":"🚀 Winston logger initialized","nodeVersion":"v24.13.0","platform":"win32","timestamp":"2026-02-13 21:19:59"}
{"errors":["Role 28: Permission undefined not found in REPORT","Role 28: Permission undefined not found in REPORT","Role 38: Permission undefined not found in VAULT"],"level":"warn","message":"Permission validation errors","timestamp":"2026-02-13 21:20:03"}
{"errors":["Role 28: Permission undefined not found in REPORT","Role 28: Permission undefined not found in REPORT","Role 38: Permission undefined not found in VAULT"],"level":"warn","message":"Permission validation errors","timestamp":"2026-02-13 21:20:04"}
{"level":"info","message":"Server time initialized (WAT): 2026-02-14T06:20:07.120Z","timestamp":"2026-02-13 21:20:07"}
{"error":"auditLogger.info(...).catch is not a function","level":"warn","message":"Could not log startup audit","timestamp":"2026-02-13 21:20:07"}
{"level":"info","message":"🔧 Auto-initializing models in development mode...","timestamp":"2026-02-13 21:20:07"}
{"level":"info","message":"🚀 Initializing model loader...","timestamp":"2026-02-13 21:20:07"}
{"level":"info","message":"✅ Models loaded via index.js","timestamp":"2026-02-13 21:20:07"}
{"level":"info","message":"✅ Loaded critical model User on demand","timestamp":"2026-02-13 21:20:07"}
{"level":"info","message":"✅ Loaded critical model Customer on demand","timestamp":"2026-02-13 21:20:07"}
{"level":"info","message":"✅ Loaded critical model CustomerAccount on demand","timestamp":"2026-02-13 21:20:07"}
{"level":"info","message":"✅ Loaded critical model LoanAccount on demand","timestamp":"2026-02-13 21:20:07"}
{"level":"info","message":"✅ Loaded critical model LoanRepayment on demand","timestamp":"2026-02-13 21:20:07"}
{"level":"info","message":"✅ Loaded critical model Deposit on demand","timestamp":"2026-02-13 21:20:07"}
{"level":"info","message":"✅ Loaded critical model Transaction on demand","timestamp":"2026-02-13 21:20:07"}
{"level":"info","message":"✅ Loaded critical model GLAccount on demand","timestamp":"2026-02-13 21:20:07"}
{"level":"info","message":"✅ Loaded critical model AuditTrail on demand","timestamp":"2026-02-13 21:20:07"}
{"level":"info","message":"✅ Model loader initialized successfully","timestamp":"2026-02-13 21:20:07"}
{"level":"info","message":"📊 Loaded models: sequelize, Op, DataTypes, QueryTypes, User, Customer, CustomerAccount, LoanAccount, LoanRepayment, Deposit, Transaction, GLAccount, AuditTrail","timestamp":"2026-02-13 21:20:07"}
{"level":"info","message":"📊 Model Statistics:","timestamp":"2026-02-13 21:20:07"}
{"level":"info","message":"   Total models loaded: 13","timestamp":"2026-02-13 21:20:07"}
{"level":"info","message":"   CUSTOMER: 2 models","timestamp":"2026-02-13 21:20:07"}
{"level":"info","message":"   LOAN: 2 models","timestamp":"2026-02-13 21:20:07"}
{"level":"info","message":"   DEPOSIT: 1 models","timestamp":"2026-02-13 21:20:07"}
{"level":"info","message":"   TRANSACTION: 1 models","timestamp":"2026-02-13 21:20:07"}
{"level":"info","message":"   USER: 1 models","timestamp":"2026-02-13 21:20:07"}
{"level":"info","message":"   ACCOUNTING: 1 models","timestamp":"2026-02-13 21:20:07"}
{"level":"info","message":"   AUDIT: 1 models","timestamp":"2026-02-13 21:20:07"}
{"level":"info","logDir":"logs","message":"🚀 Winston logger initialized","nodeVersion":"v24.13.0","platform":"win32","timestamp":"2026-02-13 21:19:59"}
{"errors":["Role 28: Permission undefined not found in REPORT","Role 28: Permission undefined not found in REPORT","Role 38: Permission undefined not found in VAULT"],"level":"warn","message":"Permission validation errors","timestamp":"2026-02-13 21:20:03"}
{"errors":["Role 28: Permission undefined not found in REPORT","Role 28: Permission undefined not found in REPORT","Role 38: Permission undefined not found in VAULT"],"level":"warn","message":"Permission validation errors","timestamp":"2026-02-13 21:20:04"}
{"level":"info","message":"Server time initialized (WAT): 2026-02-14T06:20:07.159Z","timestamp":"2026-02-13 21:20:07"}
{"error":"auditLogger.info(...).catch is not a function","level":"warn","message":"Could not log startup audit","timestamp":"2026-02-13 21:20:07"}
{"level":"info","message":"🔧 Auto-initializing models in development mode...","timestamp":"2026-02-13 21:20:07"}
{"level":"info","message":"🚀 Initializing model loader...","timestamp":"2026-02-13 21:20:07"}
{"level":"info","message":"✅ Models loaded via index.js","timestamp":"2026-02-13 21:20:07"}
{"level":"info","message":"✅ Loaded critical model User on demand","timestamp":"2026-02-13 21:20:07"}
{"level":"info","message":"✅ Loaded critical model Customer on demand","timestamp":"2026-02-13 21:20:07"}
{"level":"info","message":"✅ Loaded critical model CustomerAccount on demand","timestamp":"2026-02-13 21:20:07"}
{"level":"info","message":"✅ Loaded critical model LoanAccount on demand","timestamp":"2026-02-13 21:20:07"}
{"level":"info","message":"✅ Loaded critical model LoanRepayment on demand","timestamp":"2026-02-13 21:20:07"}
{"level":"info","message":"✅ Loaded critical model Deposit on demand","timestamp":"2026-02-13 21:20:07"}
{"level":"info","message":"✅ Loaded critical model Transaction on demand","timestamp":"2026-02-13 21:20:07"}
{"level":"info","message":"✅ Loaded critical model GLAccount on demand","timestamp":"2026-02-13 21:20:07"}
{"level":"info","message":"✅ Loaded critical model AuditTrail on demand","timestamp":"2026-02-13 21:20:07"}
{"level":"info","message":"✅ Model loader initialized successfully","timestamp":"2026-02-13 21:20:07"}
{"level":"info","message":"📊 Loaded models: sequelize, Op, DataTypes, QueryTypes, User, Customer, CustomerAccount, LoanAccount, LoanRepayment, Deposit, Transaction, GLAccount, AuditTrail","timestamp":"2026-02-13 21:20:07"}
{"level":"info","message":"📊 Model Statistics:","timestamp":"2026-02-13 21:20:07"}
{"level":"info","message":"   Total models loaded: 13","timestamp":"2026-02-13 21:20:07"}
{"level":"info","message":"   CUSTOMER: 2 models","timestamp":"2026-02-13 21:20:07"}
{"level":"info","message":"   LOAN: 2 models","timestamp":"2026-02-13 21:20:07"}
{"level":"info","message":"   DEPOSIT: 1 models","timestamp":"2026-02-13 21:20:07"}
{"level":"info","message":"   TRANSACTION: 1 models","timestamp":"2026-02-13 21:20:07"}
{"level":"info","message":"   USER: 1 models","timestamp":"2026-02-13 21:20:07"}
{"level":"info","message":"   ACCOUNTING: 1 models","timestamp":"2026-02-13 21:20:07"}
{"level":"info","message":"   AUDIT: 1 models","timestamp":"2026-02-13 21:20:07"}
{"level":"info","logDir":"logs","message":"🚀 Winston logger initialized","nodeVersion":"v24.13.0","platform":"win32","timestamp":"2026-02-13 21:19:59"}
{"errors":["Role 28: Permission undefined not found in REPORT","Role 28: Permission undefined not found in REPORT","Role 38: Permission undefined not found in VAULT"],"level":"warn","message":"Permission validation errors","timestamp":"2026-02-13 21:20:03"}
{"errors":["Role 28: Permission undefined not found in REPORT","Role 28: Permission undefined not found in REPORT","Role 38: Permission undefined not found in VAULT"],"level":"warn","message":"Permission validation errors","timestamp":"2026-02-13 21:20:04"}
{"level":"info","message":"Server time initialized (WAT): 2026-02-14T06:20:07.137Z","timestamp":"2026-02-13 21:20:07"}
{"error":"auditLogger.info(...).catch is not a function","level":"warn","message":"Could not log startup audit","timestamp":"2026-02-13 21:20:07"}
{"level":"info","message":"🔧 Auto-initializing models in development mode...","timestamp":"2026-02-13 21:20:07"}
{"level":"info","message":"🚀 Initializing model loader...","timestamp":"2026-02-13 21:20:07"}
{"level":"info","message":"✅ Models loaded via index.js","timestamp":"2026-02-13 21:20:07"}
{"level":"info","message":"✅ Loaded critical model User on demand","timestamp":"2026-02-13 21:20:07"}
{"level":"info","message":"✅ Loaded critical model Customer on demand","timestamp":"2026-02-13 21:20:07"}
{"level":"info","message":"✅ Loaded critical model CustomerAccount on demand","timestamp":"2026-02-13 21:20:07"}
{"level":"info","message":"✅ Loaded critical model LoanAccount on demand","timestamp":"2026-02-13 21:20:07"}
{"level":"info","message":"✅ Loaded critical model LoanRepayment on demand","timestamp":"2026-02-13 21:20:07"}
{"level":"info","message":"✅ Loaded critical model Deposit on demand","timestamp":"2026-02-13 21:20:07"}
{"level":"info","message":"✅ Loaded critical model Transaction on demand","timestamp":"2026-02-13 21:20:07"}
{"level":"info","message":"✅ Loaded critical model GLAccount on demand","timestamp":"2026-02-13 21:20:07"}
{"level":"info","message":"✅ Loaded critical model AuditTrail on demand","timestamp":"2026-02-13 21:20:07"}
{"level":"info","message":"✅ Model loader initialized successfully","timestamp":"2026-02-13 21:20:07"}
{"level":"info","message":"📊 Loaded models: sequelize, Op, DataTypes, QueryTypes, User, Customer, CustomerAccount, LoanAccount, LoanRepayment, Deposit, Transaction, GLAccount, AuditTrail","timestamp":"2026-02-13 21:20:07"}
{"level":"info","message":"📊 Model Statistics:","timestamp":"2026-02-13 21:20:07"}
{"level":"info","message":"   Total models loaded: 13","timestamp":"2026-02-13 21:20:07"}
{"level":"info","message":"   CUSTOMER: 2 models","timestamp":"2026-02-13 21:20:07"}
{"level":"info","message":"   LOAN: 2 models","timestamp":"2026-02-13 21:20:07"}
{"level":"info","message":"   DEPOSIT: 1 models","timestamp":"2026-02-13 21:20:07"}
{"level":"info","message":"   TRANSACTION: 1 models","timestamp":"2026-02-13 21:20:07"}
{"level":"info","message":"   USER: 1 models","timestamp":"2026-02-13 21:20:07"}
{"level":"info","message":"   ACCOUNTING: 1 models","timestamp":"2026-02-13 21:20:07"}
{"level":"info","message":"   AUDIT: 1 models","timestamp":"2026-02-13 21:20:07"}
{"level":"info","logDir":"logs","message":"🚀 Winston logger initialized","nodeVersion":"v24.13.0","platform":"win32","timestamp":"2026-02-13 21:19:59"}
{"errors":["Role 28: Permission undefined not found in REPORT","Role 28: Permission undefined not found in REPORT","Role 38: Permission undefined not found in VAULT"],"level":"warn","message":"Permission validation errors","timestamp":"2026-02-13 21:20:03"}
{"errors":["Role 28: Permission undefined not found in REPORT","Role 28: Permission undefined not found in REPORT","Role 38: Permission undefined not found in VAULT"],"level":"warn","message":"Permission validation errors","timestamp":"2026-02-13 21:20:04"}
{"level":"info","message":"Server time initialized (WAT): 2026-02-14T06:20:07.119Z","timestamp":"2026-02-13 21:20:07"}
{"error":"auditLogger.info(...).catch is not a function","level":"warn","message":"Could not log startup audit","timestamp":"2026-02-13 21:20:07"}
{"level":"info","message":"🔧 Auto-initializing models in development mode...","timestamp":"2026-02-13 21:20:07"}
{"level":"info","message":"🚀 Initializing model loader...","timestamp":"2026-02-13 21:20:07"}
{"level":"info","message":"✅ Models loaded via index.js","timestamp":"2026-02-13 21:20:07"}
{"level":"info","message":"✅ Loaded critical model User on demand","timestamp":"2026-02-13 21:20:07"}
{"level":"info","message":"✅ Loaded critical model Customer on demand","timestamp":"2026-02-13 21:20:07"}
{"level":"info","message":"✅ Loaded critical model CustomerAccount on demand","timestamp":"2026-02-13 21:20:07"}
{"level":"info","message":"✅ Loaded critical model LoanAccount on demand","timestamp":"2026-02-13 21:20:07"}
{"level":"info","message":"✅ Loaded critical model LoanRepayment on demand","timestamp":"2026-02-13 21:20:07"}
{"level":"info","message":"✅ Loaded critical model Deposit on demand","timestamp":"2026-02-13 21:20:07"}
{"level":"info","message":"✅ Loaded critical model Transaction on demand","timestamp":"2026-02-13 21:20:07"}
{"level":"info","message":"✅ Loaded critical model GLAccount on demand","timestamp":"2026-02-13 21:20:07"}
{"level":"info","message":"✅ Loaded critical model AuditTrail on demand","timestamp":"2026-02-13 21:20:07"}
{"level":"info","message":"✅ Model loader initialized successfully","timestamp":"2026-02-13 21:20:07"}
{"level":"info","message":"📊 Loaded models: sequelize, Op, DataTypes, QueryTypes, User, Customer, CustomerAccount, LoanAccount, LoanRepayment, Deposit, Transaction, GLAccount, AuditTrail","timestamp":"2026-02-13 21:20:07"}
{"level":"info","message":"📊 Model Statistics:","timestamp":"2026-02-13 21:20:07"}
{"level":"info","message":"   Total models loaded: 13","timestamp":"2026-02-13 21:20:07"}
{"level":"info","message":"   CUSTOMER: 2 models","timestamp":"2026-02-13 21:20:07"}
{"level":"info","message":"   LOAN: 2 models","timestamp":"2026-02-13 21:20:07"}
{"level":"info","message":"   DEPOSIT: 1 models","timestamp":"2026-02-13 21:20:07"}
{"level":"info","message":"   TRANSACTION: 1 models","timestamp":"2026-02-13 21:20:07"}
{"level":"info","message":"   USER: 1 models","timestamp":"2026-02-13 21:20:07"}
{"level":"info","message":"   ACCOUNTING: 1 models","timestamp":"2026-02-13 21:20:07"}
{"level":"info","message":"   AUDIT: 1 models","timestamp":"2026-02-13 21:20:07"}
{"level":"info","logDir":"logs","message":"🚀 Winston logger initialized","nodeVersion":"v24.13.0","platform":"win32","timestamp":"2026-02-13 21:21:35"}
{"errors":["Role 28: Permission undefined not found in REPORT","Role 28: Permission undefined not found in REPORT","Role 38: Permission undefined not found in VAULT"],"level":"warn","message":"Permission validation errors","timestamp":"2026-02-13 21:21:39"}
{"errors":["Role 28: Permission undefined not found in REPORT","Role 28: Permission undefined not found in REPORT","Role 38: Permission undefined not found in VAULT"],"level":"warn","message":"Permission validation errors","timestamp":"2026-02-13 21:21:40"}
{"level":"info","message":"Server time initialized (WAT): 2026-02-14T06:21:43.516Z","timestamp":"2026-02-13 21:21:43"}
{"error":"auditLogger.info(...).catch is not a function","level":"warn","message":"Could not log startup audit","timestamp":"2026-02-13 21:21:43"}
{"level":"info","message":"🔧 Auto-initializing models in development mode...","timestamp":"2026-02-13 21:21:43"}
{"level":"info","message":"🚀 Initializing model loader...","timestamp":"2026-02-13 21:21:43"}
{"level":"info","message":"✅ Models loaded via index.js","timestamp":"2026-02-13 21:21:43"}
{"level":"info","message":"✅ Loaded critical model User on demand","timestamp":"2026-02-13 21:21:43"}
{"level":"info","message":"✅ Loaded critical model Customer on demand","timestamp":"2026-02-13 21:21:43"}
{"level":"info","message":"✅ Loaded critical model CustomerAccount on demand","timestamp":"2026-02-13 21:21:44"}
{"level":"info","message":"✅ Loaded critical model LoanAccount on demand","timestamp":"2026-02-13 21:21:44"}
{"level":"info","message":"✅ Loaded critical model LoanRepayment on demand","timestamp":"2026-02-13 21:21:44"}
{"level":"info","message":"✅ Loaded critical model Deposit on demand","timestamp":"2026-02-13 21:21:44"}
{"level":"info","message":"✅ Loaded critical model Transaction on demand","timestamp":"2026-02-13 21:21:44"}
{"level":"info","message":"✅ Loaded critical model GLAccount on demand","timestamp":"2026-02-13 21:21:44"}
{"level":"info","message":"✅ Loaded critical model AuditTrail on demand","timestamp":"2026-02-13 21:21:44"}
{"level":"info","message":"✅ Model loader initialized successfully","timestamp":"2026-02-13 21:21:44"}
{"level":"info","message":"📊 Loaded models: sequelize, Op, DataTypes, QueryTypes, User, Customer, CustomerAccount, LoanAccount, LoanRepayment, Deposit, Transaction, GLAccount, AuditTrail","timestamp":"2026-02-13 21:21:44"}
{"level":"info","message":"📊 Model Statistics:","timestamp":"2026-02-13 21:21:44"}
{"level":"info","message":"   Total models loaded: 13","timestamp":"2026-02-13 21:21:44"}
{"level":"info","message":"   CUSTOMER: 2 models","timestamp":"2026-02-13 21:21:44"}
{"level":"info","message":"   LOAN: 2 models","timestamp":"2026-02-13 21:21:44"}
{"level":"info","message":"   DEPOSIT: 1 models","timestamp":"2026-02-13 21:21:44"}
{"level":"info","message":"   TRANSACTION: 1 models","timestamp":"2026-02-13 21:21:44"}
{"level":"info","message":"   USER: 1 models","timestamp":"2026-02-13 21:21:44"}
{"level":"info","message":"   ACCOUNTING: 1 models","timestamp":"2026-02-13 21:21:44"}
{"level":"info","message":"   AUDIT: 1 models","timestamp":"2026-02-13 21:21:44"}
{"level":"info","logDir":"logs","message":"🚀 Winston logger initialized","nodeVersion":"v24.13.0","platform":"win32","timestamp":"2026-02-13 21:21:35"}
{"errors":["Role 28: Permission undefined not found in REPORT","Role 28: Permission undefined not found in REPORT","Role 38: Permission undefined not found in VAULT"],"level":"warn","message":"Permission validation errors","timestamp":"2026-02-13 21:21:40"}
{"errors":["Role 28: Permission undefined not found in REPORT","Role 28: Permission undefined not found in REPORT","Role 38: Permission undefined not found in VAULT"],"level":"warn","message":"Permission validation errors","timestamp":"2026-02-13 21:21:40"}
{"level":"info","message":"Server time initialized (WAT): 2026-02-14T06:21:43.516Z","timestamp":"2026-02-13 21:21:43"}
{"error":"auditLogger.info(...).catch is not a function","level":"warn","message":"Could not log startup audit","timestamp":"2026-02-13 21:21:43"}
{"level":"info","message":"🔧 Auto-initializing models in development mode...","timestamp":"2026-02-13 21:21:43"}
{"level":"info","message":"🚀 Initializing model loader...","timestamp":"2026-02-13 21:21:43"}
{"level":"info","message":"✅ Models loaded via index.js","timestamp":"2026-02-13 21:21:43"}
{"level":"info","message":"✅ Loaded critical model User on demand","timestamp":"2026-02-13 21:21:44"}
{"level":"info","message":"✅ Loaded critical model Customer on demand","timestamp":"2026-02-13 21:21:44"}
{"level":"info","message":"✅ Loaded critical model CustomerAccount on demand","timestamp":"2026-02-13 21:21:44"}
{"level":"info","message":"✅ Loaded critical model LoanAccount on demand","timestamp":"2026-02-13 21:21:44"}
{"level":"info","message":"✅ Loaded critical model LoanRepayment on demand","timestamp":"2026-02-13 21:21:44"}
{"level":"info","message":"✅ Loaded critical model Deposit on demand","timestamp":"2026-02-13 21:21:44"}
{"level":"info","message":"✅ Loaded critical model Transaction on demand","timestamp":"2026-02-13 21:21:44"}
{"level":"info","message":"✅ Loaded critical model GLAccount on demand","timestamp":"2026-02-13 21:21:44"}
{"level":"info","message":"✅ Loaded critical model AuditTrail on demand","timestamp":"2026-02-13 21:21:44"}
{"level":"info","message":"✅ Model loader initialized successfully","timestamp":"2026-02-13 21:21:44"}
{"level":"info","message":"📊 Loaded models: sequelize, Op, DataTypes, QueryTypes, User, Customer, CustomerAccount, LoanAccount, LoanRepayment, Deposit, Transaction, GLAccount, AuditTrail","timestamp":"2026-02-13 21:21:44"}
{"level":"info","message":"📊 Model Statistics:","timestamp":"2026-02-13 21:21:44"}
{"level":"info","message":"   Total models loaded: 13","timestamp":"2026-02-13 21:21:44"}
{"level":"info","message":"   CUSTOMER: 2 models","timestamp":"2026-02-13 21:21:44"}
{"level":"info","message":"   LOAN: 2 models","timestamp":"2026-02-13 21:21:44"}
{"level":"info","message":"   DEPOSIT: 1 models","timestamp":"2026-02-13 21:21:44"}
{"level":"info","message":"   TRANSACTION: 1 models","timestamp":"2026-02-13 21:21:44"}
{"level":"info","message":"   USER: 1 models","timestamp":"2026-02-13 21:21:44"}
{"level":"info","message":"   ACCOUNTING: 1 models","timestamp":"2026-02-13 21:21:44"}
{"level":"info","message":"   AUDIT: 1 models","timestamp":"2026-02-13 21:21:44"}
{"level":"info","logDir":"logs","message":"🚀 Winston logger initialized","nodeVersion":"v24.13.0","platform":"win32","timestamp":"2026-02-13 21:21:35"}
{"errors":["Role 28: Permission undefined not found in REPORT","Role 28: Permission undefined not found in REPORT","Role 38: Permission undefined not found in VAULT"],"level":"warn","message":"Permission validation errors","timestamp":"2026-02-13 21:21:40"}
{"errors":["Role 28: Permission undefined not found in REPORT","Role 28: Permission undefined not found in REPORT","Role 38: Permission undefined not found in VAULT"],"level":"warn","message":"Permission validation errors","timestamp":"2026-02-13 21:21:40"}
{"level":"info","message":"Server time initialized (WAT): 2026-02-14T06:21:43.504Z","timestamp":"2026-02-13 21:21:43"}
{"error":"auditLogger.info(...).catch is not a function","level":"warn","message":"Could not log startup audit","timestamp":"2026-02-13 21:21:43"}
{"level":"info","message":"🔧 Auto-initializing models in development mode...","timestamp":"2026-02-13 21:21:43"}
{"level":"info","message":"🚀 Initializing model loader...","timestamp":"2026-02-13 21:21:43"}
{"level":"info","message":"✅ Models loaded via index.js","timestamp":"2026-02-13 21:21:43"}
{"level":"info","message":"✅ Loaded critical model User on demand","timestamp":"2026-02-13 21:21:43"}
{"level":"info","message":"✅ Loaded critical model Customer on demand","timestamp":"2026-02-13 21:21:44"}
{"level":"info","message":"✅ Loaded critical model CustomerAccount on demand","timestamp":"2026-02-13 21:21:44"}
{"level":"info","message":"✅ Loaded critical model LoanAccount on demand","timestamp":"2026-02-13 21:21:44"}
{"level":"info","message":"✅ Loaded critical model LoanRepayment on demand","timestamp":"2026-02-13 21:21:44"}
{"level":"info","message":"✅ Loaded critical model Deposit on demand","timestamp":"2026-02-13 21:21:44"}
{"level":"info","message":"✅ Loaded critical model Transaction on demand","timestamp":"2026-02-13 21:21:44"}
{"level":"info","message":"✅ Loaded critical model GLAccount on demand","timestamp":"2026-02-13 21:21:44"}
{"level":"info","message":"✅ Loaded critical model AuditTrail on demand","timestamp":"2026-02-13 21:21:44"}
{"level":"info","message":"✅ Model loader initialized successfully","timestamp":"2026-02-13 21:21:44"}
{"level":"info","message":"📊 Loaded models: sequelize, Op, DataTypes, QueryTypes, User, Customer, CustomerAccount, LoanAccount, LoanRepayment, Deposit, Transaction, GLAccount, AuditTrail","timestamp":"2026-02-13 21:21:44"}
{"level":"info","message":"📊 Model Statistics:","timestamp":"2026-02-13 21:21:44"}
{"level":"info","message":"   Total models loaded: 13","timestamp":"2026-02-13 21:21:44"}
{"level":"info","message":"   CUSTOMER: 2 models","timestamp":"2026-02-13 21:21:44"}
{"level":"info","message":"   LOAN: 2 models","timestamp":"2026-02-13 21:21:44"}
{"level":"info","message":"   DEPOSIT: 1 models","timestamp":"2026-02-13 21:21:44"}
{"level":"info","message":"   TRANSACTION: 1 models","timestamp":"2026-02-13 21:21:44"}
{"level":"info","message":"   USER: 1 models","timestamp":"2026-02-13 21:21:44"}
{"level":"info","message":"   ACCOUNTING: 1 models","timestamp":"2026-02-13 21:21:44"}
{"level":"info","message":"   AUDIT: 1 models","timestamp":"2026-02-13 21:21:44"}
{"level":"info","logDir":"logs","message":"🚀 Winston logger initialized","nodeVersion":"v24.13.0","platform":"win32","timestamp":"2026-02-13 21:21:35"}
{"errors":["Role 28: Permission undefined not found in REPORT","Role 28: Permission undefined not found in REPORT","Role 38: Permission undefined not found in VAULT"],"level":"warn","message":"Permission validation errors","timestamp":"2026-02-13 21:21:39"}
{"errors":["Role 28: Permission undefined not found in REPORT","Role 28: Permission undefined not found in REPORT","Role 38: Permission undefined not found in VAULT"],"level":"warn","message":"Permission validation errors","timestamp":"2026-02-13 21:21:40"}
{"level":"info","message":"Server time initialized (WAT): 2026-02-14T06:21:43.490Z","timestamp":"2026-02-13 21:21:43"}
{"error":"auditLogger.info(...).catch is not a function","level":"warn","message":"Could not log startup audit","timestamp":"2026-02-13 21:21:43"}
{"level":"info","message":"🔧 Auto-initializing models in development mode...","timestamp":"2026-02-13 21:21:44"}
{"level":"info","message":"🚀 Initializing model loader...","timestamp":"2026-02-13 21:21:44"}
{"level":"info","message":"✅ Models loaded via index.js","timestamp":"2026-02-13 21:21:44"}
{"level":"info","message":"✅ Loaded critical model User on demand","timestamp":"2026-02-13 21:21:44"}
{"level":"info","message":"✅ Loaded critical model Customer on demand","timestamp":"2026-02-13 21:21:44"}
{"level":"info","message":"✅ Loaded critical model CustomerAccount on demand","timestamp":"2026-02-13 21:21:44"}
{"level":"info","message":"✅ Loaded critical model LoanAccount on demand","timestamp":"2026-02-13 21:21:44"}
{"level":"info","message":"✅ Loaded critical model LoanRepayment on demand","timestamp":"2026-02-13 21:21:44"}
{"level":"info","message":"✅ Loaded critical model Deposit on demand","timestamp":"2026-02-13 21:21:44"}
{"level":"info","message":"✅ Loaded critical model Transaction on demand","timestamp":"2026-02-13 21:21:44"}
{"level":"info","message":"✅ Loaded critical model GLAccount on demand","timestamp":"2026-02-13 21:21:44"}
{"level":"info","message":"✅ Loaded critical model AuditTrail on demand","timestamp":"2026-02-13 21:21:44"}
{"level":"info","message":"✅ Model loader initialized successfully","timestamp":"2026-02-13 21:21:44"}
{"level":"info","message":"📊 Loaded models: sequelize, Op, DataTypes, QueryTypes, User, Customer, CustomerAccount, LoanAccount, LoanRepayment, Deposit, Transaction, GLAccount, AuditTrail","timestamp":"2026-02-13 21:21:44"}
{"level":"info","message":"📊 Model Statistics:","timestamp":"2026-02-13 21:21:44"}
{"level":"info","message":"   Total models loaded: 13","timestamp":"2026-02-13 21:21:44"}
{"level":"info","message":"   CUSTOMER: 2 models","timestamp":"2026-02-13 21:21:44"}
{"level":"info","message":"   LOAN: 2 models","timestamp":"2026-02-13 21:21:44"}
{"level":"info","message":"   DEPOSIT: 1 models","timestamp":"2026-02-13 21:21:44"}
{"level":"info","message":"   TRANSACTION: 1 models","timestamp":"2026-02-13 21:21:44"}
{"level":"info","message":"   USER: 1 models","timestamp":"2026-02-13 21:21:44"}
{"level":"info","message":"   ACCOUNTING: 1 models","timestamp":"2026-02-13 21:21:44"}
{"level":"info","message":"   AUDIT: 1 models","timestamp":"2026-02-13 21:21:44"}
{"level":"info","logDir":"logs","message":"🚀 Winston logger initialized","nodeVersion":"v24.13.0","platform":"win32","timestamp":"2026-02-13 21:23:13"}
{"errors":["Role 28: Permission undefined not found in REPORT","Role 28: Permission undefined not found in REPORT","Role 38: Permission undefined not found in VAULT"],"level":"warn","message":"Permission validation errors","timestamp":"2026-02-13 21:23:16"}
{"errors":["Role 28: Permission undefined not found in REPORT","Role 28: Permission undefined not found in REPORT","Role 38: Permission undefined not found in VAULT"],"level":"warn","message":"Permission validation errors","timestamp":"2026-02-13 21:23:17"}
{"level":"info","message":"Server time initialized (WAT): 2026-02-14T06:23:20.059Z","timestamp":"2026-02-13 21:23:20"}
{"error":"auditLogger.info(...).catch is not a function","level":"warn","message":"Could not log startup audit","timestamp":"2026-02-13 21:23:20"}
{"level":"info","message":"🔧 Auto-initializing models in development mode...","timestamp":"2026-02-13 21:23:20"}
{"level":"info","message":"🚀 Initializing model loader...","timestamp":"2026-02-13 21:23:20"}
{"level":"info","message":"✅ Models loaded via index.js","timestamp":"2026-02-13 21:23:20"}
{"level":"info","message":"✅ Loaded critical model User on demand","timestamp":"2026-02-13 21:23:20"}
{"level":"info","message":"✅ Loaded critical model Customer on demand","timestamp":"2026-02-13 21:23:20"}
{"level":"info","message":"✅ Loaded critical model CustomerAccount on demand","timestamp":"2026-02-13 21:23:20"}
{"level":"info","message":"✅ Loaded critical model LoanAccount on demand","timestamp":"2026-02-13 21:23:20"}
{"level":"info","message":"✅ Loaded critical model LoanRepayment on demand","timestamp":"2026-02-13 21:23:20"}
{"level":"info","message":"✅ Loaded critical model Deposit on demand","timestamp":"2026-02-13 21:23:20"}
{"level":"info","message":"✅ Loaded critical model Transaction on demand","timestamp":"2026-02-13 21:23:20"}
{"level":"info","message":"✅ Loaded critical model GLAccount on demand","timestamp":"2026-02-13 21:23:20"}
{"level":"info","message":"✅ Loaded critical model AuditTrail on demand","timestamp":"2026-02-13 21:23:20"}
{"level":"info","message":"✅ Model loader initialized successfully","timestamp":"2026-02-13 21:23:20"}
{"level":"info","message":"📊 Loaded models: sequelize, Op, DataTypes, QueryTypes, User, Customer, CustomerAccount, LoanAccount, LoanRepayment, Deposit, Transaction, GLAccount, AuditTrail","timestamp":"2026-02-13 21:23:20"}
{"level":"info","message":"📊 Model Statistics:","timestamp":"2026-02-13 21:23:20"}
{"level":"info","message":"   Total models loaded: 13","timestamp":"2026-02-13 21:23:20"}
{"level":"info","message":"   CUSTOMER: 2 models","timestamp":"2026-02-13 21:23:20"}
{"level":"info","message":"   LOAN: 2 models","timestamp":"2026-02-13 21:23:20"}
{"level":"info","message":"   DEPOSIT: 1 models","timestamp":"2026-02-13 21:23:20"}
{"level":"info","message":"   TRANSACTION: 1 models","timestamp":"2026-02-13 21:23:20"}
{"level":"info","message":"   USER: 1 models","timestamp":"2026-02-13 21:23:20"}
{"level":"info","message":"   ACCOUNTING: 1 models","timestamp":"2026-02-13 21:23:20"}
{"level":"info","message":"   AUDIT: 1 models","timestamp":"2026-02-13 21:23:20"}
{"level":"info","logDir":"logs","message":"🚀 Winston logger initialized","nodeVersion":"v24.13.0","platform":"win32","timestamp":"2026-02-13 21:23:13"}
{"errors":["Role 28: Permission undefined not found in REPORT","Role 28: Permission undefined not found in REPORT","Role 38: Permission undefined not found in VAULT"],"level":"warn","message":"Permission validation errors","timestamp":"2026-02-13 21:23:16"}
{"level":"info","logDir":"logs","message":"🚀 Winston logger initialized","nodeVersion":"v24.13.0","platform":"win32","timestamp":"2026-02-13 21:23:13"}
{"errors":["Role 28: Permission undefined not found in REPORT","Role 28: Permission undefined not found in REPORT","Role 38: Permission undefined not found in VAULT"],"level":"warn","message":"Permission validation errors","timestamp":"2026-02-13 21:23:17"}
{"errors":["Role 28: Permission undefined not found in REPORT","Role 28: Permission undefined not found in REPORT","Role 38: Permission undefined not found in VAULT"],"level":"warn","message":"Permission validation errors","timestamp":"2026-02-13 21:23:16"}
{"level":"info","message":"Server time initialized (WAT): 2026-02-14T06:23:20.058Z","timestamp":"2026-02-13 21:23:20"}
{"errors":["Role 28: Permission undefined not found in REPORT","Role 28: Permission undefined not found in REPORT","Role 38: Permission undefined not found in VAULT"],"level":"warn","message":"Permission validation errors","timestamp":"2026-02-13 21:23:17"}
{"error":"auditLogger.info(...).catch is not a function","level":"warn","message":"Could not log startup audit","timestamp":"2026-02-13 21:23:20"}
{"level":"info","message":"Server time initialized (WAT): 2026-02-14T06:23:20.052Z","timestamp":"2026-02-13 21:23:20"}
{"level":"info","message":"🔧 Auto-initializing models in development mode...","timestamp":"2026-02-13 21:23:20"}
{"error":"auditLogger.info(...).catch is not a function","level":"warn","message":"Could not log startup audit","timestamp":"2026-02-13 21:23:20"}
{"level":"info","message":"🚀 Initializing model loader...","timestamp":"2026-02-13 21:23:20"}
{"level":"info","message":"🔧 Auto-initializing models in development mode...","timestamp":"2026-02-13 21:23:20"}
{"level":"info","message":"✅ Models loaded via index.js","timestamp":"2026-02-13 21:23:20"}
{"level":"info","message":"🚀 Initializing model loader...","timestamp":"2026-02-13 21:23:20"}
{"level":"info","message":"✅ Loaded critical model User on demand","timestamp":"2026-02-13 21:23:20"}
{"level":"info","message":"✅ Models loaded via index.js","timestamp":"2026-02-13 21:23:20"}
{"level":"info","message":"✅ Loaded critical model Customer on demand","timestamp":"2026-02-13 21:23:20"}
{"level":"info","message":"✅ Loaded critical model User on demand","timestamp":"2026-02-13 21:23:20"}
{"level":"info","message":"✅ Loaded critical model CustomerAccount on demand","timestamp":"2026-02-13 21:23:20"}
{"level":"info","message":"✅ Loaded critical model Customer on demand","timestamp":"2026-02-13 21:23:20"}
{"level":"info","message":"✅ Loaded critical model LoanAccount on demand","timestamp":"2026-02-13 21:23:20"}
{"level":"info","message":"✅ Loaded critical model CustomerAccount on demand","timestamp":"2026-02-13 21:23:20"}
{"level":"info","message":"✅ Loaded critical model LoanRepayment on demand","timestamp":"2026-02-13 21:23:20"}
{"level":"info","message":"✅ Loaded critical model LoanAccount on demand","timestamp":"2026-02-13 21:23:20"}
{"level":"info","message":"✅ Loaded critical model Deposit on demand","timestamp":"2026-02-13 21:23:20"}
{"level":"info","message":"✅ Loaded critical model LoanRepayment on demand","timestamp":"2026-02-13 21:23:20"}
{"level":"info","message":"✅ Loaded critical model Transaction on demand","timestamp":"2026-02-13 21:23:20"}
{"level":"info","message":"✅ Loaded critical model Deposit on demand","timestamp":"2026-02-13 21:23:20"}
{"level":"info","message":"✅ Loaded critical model GLAccount on demand","timestamp":"2026-02-13 21:23:20"}
{"level":"info","message":"✅ Loaded critical model Transaction on demand","timestamp":"2026-02-13 21:23:20"}
{"level":"info","message":"✅ Loaded critical model AuditTrail on demand","timestamp":"2026-02-13 21:23:20"}
{"level":"info","message":"✅ Loaded critical model GLAccount on demand","timestamp":"2026-02-13 21:23:20"}
{"level":"info","message":"✅ Model loader initialized successfully","timestamp":"2026-02-13 21:23:20"}
{"level":"info","message":"✅ Loaded critical model AuditTrail on demand","timestamp":"2026-02-13 21:23:20"}
{"level":"info","message":"📊 Loaded models: sequelize, Op, DataTypes, QueryTypes, User, Customer, CustomerAccount, LoanAccount, LoanRepayment, Deposit, Transaction, GLAccount, AuditTrail","timestamp":"2026-02-13 21:23:20"}
{"level":"info","message":"✅ Model loader initialized successfully","timestamp":"2026-02-13 21:23:20"}
{"level":"info","message":"📊 Model Statistics:","timestamp":"2026-02-13 21:23:20"}
{"level":"info","message":"📊 Loaded models: sequelize, Op, DataTypes, QueryTypes, User, Customer, CustomerAccount, LoanAccount, LoanRepayment, Deposit, Transaction, GLAccount, AuditTrail","timestamp":"2026-02-13 21:23:20"}
{"level":"info","message":"   Total models loaded: 13","timestamp":"2026-02-13 21:23:20"}
{"level":"info","message":"📊 Model Statistics:","timestamp":"2026-02-13 21:23:20"}
{"level":"info","message":"   CUSTOMER: 2 models","timestamp":"2026-02-13 21:23:20"}
{"level":"info","message":"   Total models loaded: 13","timestamp":"2026-02-13 21:23:20"}
{"level":"info","message":"   LOAN: 2 models","timestamp":"2026-02-13 21:23:20"}
{"level":"info","message":"   CUSTOMER: 2 models","timestamp":"2026-02-13 21:23:20"}
{"level":"info","message":"   DEPOSIT: 1 models","timestamp":"2026-02-13 21:23:20"}
{"level":"info","message":"   LOAN: 2 models","timestamp":"2026-02-13 21:23:20"}
{"level":"info","message":"   TRANSACTION: 1 models","timestamp":"2026-02-13 21:23:20"}
{"level":"info","message":"   DEPOSIT: 1 models","timestamp":"2026-02-13 21:23:20"}
{"level":"info","message":"   USER: 1 models","timestamp":"2026-02-13 21:23:20"}
{"level":"info","message":"   TRANSACTION: 1 models","timestamp":"2026-02-13 21:23:20"}
{"level":"info","message":"   ACCOUNTING: 1 models","timestamp":"2026-02-13 21:23:20"}
{"level":"info","message":"   USER: 1 models","timestamp":"2026-02-13 21:23:20"}
{"level":"info","message":"   AUDIT: 1 models","timestamp":"2026-02-13 21:23:20"}
{"level":"info","message":"   ACCOUNTING: 1 models","timestamp":"2026-02-13 21:23:20"}
{"level":"info","message":"   AUDIT: 1 models","timestamp":"2026-02-13 21:23:20"}
{"level":"info","logDir":"logs","message":"🚀 Winston logger initialized","nodeVersion":"v24.13.0","platform":"win32","timestamp":"2026-02-13 21:23:13"}
{"errors":["Role 28: Permission undefined not found in REPORT","Role 28: Permission undefined not found in REPORT","Role 38: Permission undefined not found in VAULT"],"level":"warn","message":"Permission validation errors","timestamp":"2026-02-13 21:23:16"}
{"errors":["Role 28: Permission undefined not found in REPORT","Role 28: Permission undefined not found in REPORT","Role 38: Permission undefined not found in VAULT"],"level":"warn","message":"Permission validation errors","timestamp":"2026-02-13 21:23:17"}
{"level":"info","message":"Server time initialized (WAT): 2026-02-14T06:23:20.061Z","timestamp":"2026-02-13 21:23:20"}
{"error":"auditLogger.info(...).catch is not a function","level":"warn","message":"Could not log startup audit","timestamp":"2026-02-13 21:23:20"}
{"level":"info","message":"🔧 Auto-initializing models in development mode...","timestamp":"2026-02-13 21:23:20"}
{"level":"info","message":"🚀 Initializing model loader...","timestamp":"2026-02-13 21:23:20"}
{"level":"info","message":"✅ Models loaded via index.js","timestamp":"2026-02-13 21:23:20"}
{"level":"info","message":"✅ Loaded critical model User on demand","timestamp":"2026-02-13 21:23:20"}
{"level":"info","message":"✅ Loaded critical model Customer on demand","timestamp":"2026-02-13 21:23:20"}
{"level":"info","message":"✅ Loaded critical model CustomerAccount on demand","timestamp":"2026-02-13 21:23:20"}
{"level":"info","message":"✅ Loaded critical model LoanAccount on demand","timestamp":"2026-02-13 21:23:20"}
{"level":"info","message":"✅ Loaded critical model LoanRepayment on demand","timestamp":"2026-02-13 21:23:20"}
{"level":"info","message":"✅ Loaded critical model Deposit on demand","timestamp":"2026-02-13 21:23:20"}
{"level":"info","message":"✅ Loaded critical model Transaction on demand","timestamp":"2026-02-13 21:23:20"}
{"level":"info","message":"✅ Loaded critical model GLAccount on demand","timestamp":"2026-02-13 21:23:20"}
{"level":"info","message":"✅ Loaded critical model AuditTrail on demand","timestamp":"2026-02-13 21:23:20"}
{"level":"info","message":"✅ Model loader initialized successfully","timestamp":"2026-02-13 21:23:20"}
{"level":"info","message":"📊 Loaded models: sequelize, Op, DataTypes, QueryTypes, User, Customer, CustomerAccount, LoanAccount, LoanRepayment, Deposit, Transaction, GLAccount, AuditTrail","timestamp":"2026-02-13 21:23:20"}
{"level":"info","message":"📊 Model Statistics:","timestamp":"2026-02-13 21:23:20"}
{"level":"info","message":"   Total models loaded: 13","timestamp":"2026-02-13 21:23:20"}
{"level":"info","message":"   CUSTOMER: 2 models","timestamp":"2026-02-13 21:23:20"}
{"level":"info","message":"   LOAN: 2 models","timestamp":"2026-02-13 21:23:20"}
{"level":"info","message":"   DEPOSIT: 1 models","timestamp":"2026-02-13 21:23:20"}
{"level":"info","message":"   TRANSACTION: 1 models","timestamp":"2026-02-13 21:23:20"}
{"level":"info","message":"   USER: 1 models","timestamp":"2026-02-13 21:23:20"}
{"level":"info","message":"   ACCOUNTING: 1 models","timestamp":"2026-02-13 21:23:20"}
{"level":"info","message":"   AUDIT: 1 models","timestamp":"2026-02-13 21:23:20"}
{"level":"info","logDir":"logs","message":"🚀 Winston logger initialized","nodeVersion":"v24.13.0","platform":"win32","timestamp":"2026-02-13 21:24:45"}
{"errors":["Role 28: Permission undefined not found in REPORT","Role 28: Permission undefined not found in REPORT","Role 38: Permission undefined not found in VAULT"],"level":"warn","message":"Permission validation errors","timestamp":"2026-02-13 21:24:49"}
{"errors":["Role 28: Permission undefined not found in REPORT","Role 28: Permission undefined not found in REPORT","Role 38: Permission undefined not found in VAULT"],"level":"warn","message":"Permission validation errors","timestamp":"2026-02-13 21:24:50"}
{"level":"info","message":"Server time initialized (WAT): 2026-02-14T06:24:52.728Z","timestamp":"2026-02-13 21:24:52"}
{"error":"auditLogger.info(...).catch is not a function","level":"warn","message":"Could not log startup audit","timestamp":"2026-02-13 21:24:52"}
{"level":"info","message":"🔧 Auto-initializing models in development mode...","timestamp":"2026-02-13 21:24:52"}
{"level":"info","message":"🚀 Initializing model loader...","timestamp":"2026-02-13 21:24:53"}
{"level":"info","message":"✅ Models loaded via index.js","timestamp":"2026-02-13 21:24:53"}
{"level":"info","message":"✅ Loaded critical model User on demand","timestamp":"2026-02-13 21:24:53"}
{"level":"info","message":"✅ Loaded critical model Customer on demand","timestamp":"2026-02-13 21:24:53"}
{"level":"info","message":"✅ Loaded critical model CustomerAccount on demand","timestamp":"2026-02-13 21:24:53"}
{"level":"info","message":"✅ Loaded critical model LoanAccount on demand","timestamp":"2026-02-13 21:24:53"}
{"level":"info","message":"✅ Loaded critical model LoanRepayment on demand","timestamp":"2026-02-13 21:24:53"}
{"level":"info","message":"✅ Loaded critical model Deposit on demand","timestamp":"2026-02-13 21:24:53"}
{"level":"info","message":"✅ Loaded critical model Transaction on demand","timestamp":"2026-02-13 21:24:53"}
{"level":"info","message":"✅ Loaded critical model GLAccount on demand","timestamp":"2026-02-13 21:24:53"}
{"level":"info","message":"✅ Loaded critical model AuditTrail on demand","timestamp":"2026-02-13 21:24:53"}
{"level":"info","message":"✅ Model loader initialized successfully","timestamp":"2026-02-13 21:24:53"}
{"level":"info","message":"📊 Loaded models: sequelize, Op, DataTypes, QueryTypes, User, Customer, CustomerAccount, LoanAccount, LoanRepayment, Deposit, Transaction, GLAccount, AuditTrail","timestamp":"2026-02-13 21:24:53"}
{"level":"info","message":"📊 Model Statistics:","timestamp":"2026-02-13 21:24:53"}
{"level":"info","message":"   Total models loaded: 13","timestamp":"2026-02-13 21:24:53"}
{"level":"info","message":"   CUSTOMER: 2 models","timestamp":"2026-02-13 21:24:53"}
{"level":"info","message":"   LOAN: 2 models","timestamp":"2026-02-13 21:24:53"}
{"level":"info","message":"   DEPOSIT: 1 models","timestamp":"2026-02-13 21:24:53"}
{"level":"info","message":"   TRANSACTION: 1 models","timestamp":"2026-02-13 21:24:53"}
{"level":"info","message":"   USER: 1 models","timestamp":"2026-02-13 21:24:53"}
{"level":"info","message":"   ACCOUNTING: 1 models","timestamp":"2026-02-13 21:24:53"}
{"level":"info","message":"   AUDIT: 1 models","timestamp":"2026-02-13 21:24:53"}
{"level":"info","logDir":"logs","message":"🚀 Winston logger initialized","nodeVersion":"v24.13.0","platform":"win32","timestamp":"2026-02-13 21:24:45"}
{"errors":["Role 28: Permission undefined not found in REPORT","Role 28: Permission undefined not found in REPORT","Role 38: Permission undefined not found in VAULT"],"level":"warn","message":"Permission validation errors","timestamp":"2026-02-13 21:24:49"}
{"errors":["Role 28: Permission undefined not found in REPORT","Role 28: Permission undefined not found in REPORT","Role 38: Permission undefined not found in VAULT"],"level":"warn","message":"Permission validation errors","timestamp":"2026-02-13 21:24:50"}
{"level":"info","message":"Server time initialized (WAT): 2026-02-14T06:24:52.707Z","timestamp":"2026-02-13 21:24:52"}
{"error":"auditLogger.info(...).catch is not a function","level":"warn","message":"Could not log startup audit","timestamp":"2026-02-13 21:24:52"}
{"level":"info","message":"🔧 Auto-initializing models in development mode...","timestamp":"2026-02-13 21:24:53"}
{"level":"info","message":"🚀 Initializing model loader...","timestamp":"2026-02-13 21:24:53"}
{"level":"info","message":"✅ Models loaded via index.js","timestamp":"2026-02-13 21:24:53"}
{"level":"info","message":"✅ Loaded critical model User on demand","timestamp":"2026-02-13 21:24:53"}
{"level":"info","message":"✅ Loaded critical model Customer on demand","timestamp":"2026-02-13 21:24:53"}
{"level":"info","message":"✅ Loaded critical model CustomerAccount on demand","timestamp":"2026-02-13 21:24:53"}
{"level":"info","message":"✅ Loaded critical model LoanAccount on demand","timestamp":"2026-02-13 21:24:53"}
{"level":"info","message":"✅ Loaded critical model LoanRepayment on demand","timestamp":"2026-02-13 21:24:53"}
{"level":"info","message":"✅ Loaded critical model Deposit on demand","timestamp":"2026-02-13 21:24:53"}
{"level":"info","message":"✅ Loaded critical model Transaction on demand","timestamp":"2026-02-13 21:24:53"}
{"level":"info","message":"✅ Loaded critical model GLAccount on demand","timestamp":"2026-02-13 21:24:53"}
{"level":"info","message":"✅ Loaded critical model AuditTrail on demand","timestamp":"2026-02-13 21:24:53"}
{"level":"info","message":"✅ Model loader initialized successfully","timestamp":"2026-02-13 21:24:53"}
{"level":"info","message":"📊 Loaded models: sequelize, Op, DataTypes, QueryTypes, User, Customer, CustomerAccount, LoanAccount, LoanRepayment, Deposit, Transaction, GLAccount, AuditTrail","timestamp":"2026-02-13 21:24:53"}
{"level":"info","message":"📊 Model Statistics:","timestamp":"2026-02-13 21:24:53"}
{"level":"info","message":"   Total models loaded: 13","timestamp":"2026-02-13 21:24:53"}
{"level":"info","message":"   CUSTOMER: 2 models","timestamp":"2026-02-13 21:24:53"}
{"level":"info","message":"   LOAN: 2 models","timestamp":"2026-02-13 21:24:53"}
{"level":"info","message":"   DEPOSIT: 1 models","timestamp":"2026-02-13 21:24:53"}
{"level":"info","message":"   TRANSACTION: 1 models","timestamp":"2026-02-13 21:24:53"}
{"level":"info","message":"   USER: 1 models","timestamp":"2026-02-13 21:24:53"}
{"level":"info","message":"   ACCOUNTING: 1 models","timestamp":"2026-02-13 21:24:53"}
{"level":"info","message":"   AUDIT: 1 models","timestamp":"2026-02-13 21:24:53"}
{"level":"info","logDir":"logs","message":"🚀 Winston logger initialized","nodeVersion":"v24.13.0","platform":"win32","timestamp":"2026-02-13 21:24:45"}
{"errors":["Role 28: Permission undefined not found in REPORT","Role 28: Permission undefined not found in REPORT","Role 38: Permission undefined not found in VAULT"],"level":"warn","message":"Permission validation errors","timestamp":"2026-02-13 21:24:49"}
{"errors":["Role 28: Permission undefined not found in REPORT","Role 28: Permission undefined not found in REPORT","Role 38: Permission undefined not found in VAULT"],"level":"warn","message":"Permission validation errors","timestamp":"2026-02-13 21:24:50"}
{"level":"info","message":"Server time initialized (WAT): 2026-02-14T06:24:52.704Z","timestamp":"2026-02-13 21:24:52"}
{"error":"auditLogger.info(...).catch is not a function","level":"warn","message":"Could not log startup audit","timestamp":"2026-02-13 21:24:52"}
{"level":"info","message":"🔧 Auto-initializing models in development mode...","timestamp":"2026-02-13 21:24:53"}
{"level":"info","message":"🚀 Initializing model loader...","timestamp":"2026-02-13 21:24:53"}
{"level":"info","message":"✅ Models loaded via index.js","timestamp":"2026-02-13 21:24:53"}
{"level":"info","message":"✅ Loaded critical model User on demand","timestamp":"2026-02-13 21:24:53"}
{"level":"info","message":"✅ Loaded critical model Customer on demand","timestamp":"2026-02-13 21:24:53"}
{"level":"info","message":"✅ Loaded critical model CustomerAccount on demand","timestamp":"2026-02-13 21:24:53"}
{"level":"info","message":"✅ Loaded critical model LoanAccount on demand","timestamp":"2026-02-13 21:24:53"}
{"level":"info","message":"✅ Loaded critical model LoanRepayment on demand","timestamp":"2026-02-13 21:24:53"}
{"level":"info","message":"✅ Loaded critical model Deposit on demand","timestamp":"2026-02-13 21:24:53"}
{"level":"info","message":"✅ Loaded critical model Transaction on demand","timestamp":"2026-02-13 21:24:53"}
{"level":"info","message":"✅ Loaded critical model GLAccount on demand","timestamp":"2026-02-13 21:24:53"}
{"level":"info","message":"✅ Loaded critical model AuditTrail on demand","timestamp":"2026-02-13 21:24:53"}
{"level":"info","message":"✅ Model loader initialized successfully","timestamp":"2026-02-13 21:24:53"}
{"level":"info","message":"📊 Loaded models: sequelize, Op, DataTypes, QueryTypes, User, Customer, CustomerAccount, LoanAccount, LoanRepayment, Deposit, Transaction, GLAccount, AuditTrail","timestamp":"2026-02-13 21:24:53"}
{"level":"info","message":"📊 Model Statistics:","timestamp":"2026-02-13 21:24:53"}
{"level":"info","message":"   Total models loaded: 13","timestamp":"2026-02-13 21:24:53"}
{"level":"info","message":"   CUSTOMER: 2 models","timestamp":"2026-02-13 21:24:53"}
{"level":"info","message":"   LOAN: 2 models","timestamp":"2026-02-13 21:24:53"}
{"level":"info","message":"   DEPOSIT: 1 models","timestamp":"2026-02-13 21:24:53"}
{"level":"info","message":"   TRANSACTION: 1 models","timestamp":"2026-02-13 21:24:53"}
{"level":"info","message":"   USER: 1 models","timestamp":"2026-02-13 21:24:53"}
{"level":"info","message":"   ACCOUNTING: 1 models","timestamp":"2026-02-13 21:24:53"}
{"level":"info","message":"   AUDIT: 1 models","timestamp":"2026-02-13 21:24:53"}
{"level":"info","logDir":"logs","message":"🚀 Winston logger initialized","nodeVersion":"v24.13.0","platform":"win32","timestamp":"2026-02-13 21:24:45"}
{"errors":["Role 28: Permission undefined not found in REPORT","Role 28: Permission undefined not found in REPORT","Role 38: Permission undefined not found in VAULT"],"level":"warn","message":"Permission validation errors","timestamp":"2026-02-13 21:24:49"}
{"errors":["Role 28: Permission undefined not found in REPORT","Role 28: Permission undefined not found in REPORT","Role 38: Permission undefined not found in VAULT"],"level":"warn","message":"Permission validation errors","timestamp":"2026-02-13 21:24:50"}
{"level":"info","message":"Server time initialized (WAT): 2026-02-14T06:24:52.718Z","timestamp":"2026-02-13 21:24:52"}
{"error":"auditLogger.info(...).catch is not a function","level":"warn","message":"Could not log startup audit","timestamp":"2026-02-13 21:24:52"}
{"level":"info","message":"🔧 Auto-initializing models in development mode...","timestamp":"2026-02-13 21:24:53"}
{"level":"info","message":"🚀 Initializing model loader...","timestamp":"2026-02-13 21:24:53"}
{"level":"info","message":"✅ Models loaded via index.js","timestamp":"2026-02-13 21:24:53"}
{"level":"info","message":"✅ Loaded critical model User on demand","timestamp":"2026-02-13 21:24:53"}
{"level":"info","message":"✅ Loaded critical model Customer on demand","timestamp":"2026-02-13 21:24:53"}
{"level":"info","message":"✅ Loaded critical model CustomerAccount on demand","timestamp":"2026-02-13 21:24:53"}
{"level":"info","message":"✅ Loaded critical model LoanAccount on demand","timestamp":"2026-02-13 21:24:53"}
{"level":"info","message":"✅ Loaded critical model LoanRepayment on demand","timestamp":"2026-02-13 21:24:53"}
{"level":"info","message":"✅ Loaded critical model Deposit on demand","timestamp":"2026-02-13 21:24:53"}
{"level":"info","message":"✅ Loaded critical model Transaction on demand","timestamp":"2026-02-13 21:24:53"}
{"level":"info","message":"✅ Loaded critical model GLAccount on demand","timestamp":"2026-02-13 21:24:53"}
{"level":"info","message":"✅ Loaded critical model AuditTrail on demand","timestamp":"2026-02-13 21:24:53"}
{"level":"info","message":"✅ Model loader initialized successfully","timestamp":"2026-02-13 21:24:53"}
{"level":"info","message":"📊 Loaded models: sequelize, Op, DataTypes, QueryTypes, User, Customer, CustomerAccount, LoanAccount, LoanRepayment, Deposit, Transaction, GLAccount, AuditTrail","timestamp":"2026-02-13 21:24:53"}
{"level":"info","message":"📊 Model Statistics:","timestamp":"2026-02-13 21:24:53"}
{"level":"info","message":"   Total models loaded: 13","timestamp":"2026-02-13 21:24:53"}
{"level":"info","message":"   CUSTOMER: 2 models","timestamp":"2026-02-13 21:24:53"}
{"level":"info","message":"   LOAN: 2 models","timestamp":"2026-02-13 21:24:53"}
{"level":"info","message":"   DEPOSIT: 1 models","timestamp":"2026-02-13 21:24:53"}
{"level":"info","message":"   TRANSACTION: 1 models","timestamp":"2026-02-13 21:24:53"}
{"level":"info","message":"   USER: 1 models","timestamp":"2026-02-13 21:24:53"}
{"level":"info","message":"   ACCOUNTING: 1 models","timestamp":"2026-02-13 21:24:53"}
{"level":"info","message":"   AUDIT: 1 models","timestamp":"2026-02-13 21:24:53"}
{"level":"info","logDir":"logs","message":"🚀 Winston logger initialized","nodeVersion":"v24.13.0","platform":"win32","timestamp":"2026-02-13 21:26:18"}
{"errors":["Role 28: Permission undefined not found in REPORT","Role 28: Permission undefined not found in REPORT","Role 38: Permission undefined not found in VAULT"],"level":"warn","message":"Permission validation errors","timestamp":"2026-02-13 21:26:21"}
{"errors":["Role 28: Permission undefined not found in REPORT","Role 28: Permission undefined not found in REPORT","Role 38: Permission undefined not found in VAULT"],"level":"warn","message":"Permission validation errors","timestamp":"2026-02-13 21:26:22"}
{"level":"info","message":"Server time initialized (WAT): 2026-02-14T06:26:24.787Z","timestamp":"2026-02-13 21:26:24"}
{"error":"auditLogger.info(...).catch is not a function","level":"warn","message":"Could not log startup audit","timestamp":"2026-02-13 21:26:24"}
{"level":"info","message":"🔧 Auto-initializing models in development mode...","timestamp":"2026-02-13 21:26:25"}
{"level":"info","message":"🚀 Initializing model loader...","timestamp":"2026-02-13 21:26:25"}
{"level":"info","message":"✅ Models loaded via index.js","timestamp":"2026-02-13 21:26:25"}
{"level":"info","message":"✅ Loaded critical model User on demand","timestamp":"2026-02-13 21:26:25"}
{"level":"info","message":"✅ Loaded critical model Customer on demand","timestamp":"2026-02-13 21:26:25"}
{"level":"info","message":"✅ Loaded critical model CustomerAccount on demand","timestamp":"2026-02-13 21:26:25"}
{"level":"info","message":"✅ Loaded critical model LoanAccount on demand","timestamp":"2026-02-13 21:26:25"}
{"level":"info","message":"✅ Loaded critical model LoanRepayment on demand","timestamp":"2026-02-13 21:26:25"}
{"level":"info","message":"✅ Loaded critical model Deposit on demand","timestamp":"2026-02-13 21:26:25"}
{"level":"info","message":"✅ Loaded critical model Transaction on demand","timestamp":"2026-02-13 21:26:25"}
{"level":"info","message":"✅ Loaded critical model GLAccount on demand","timestamp":"2026-02-13 21:26:25"}
{"level":"info","message":"✅ Loaded critical model AuditTrail on demand","timestamp":"2026-02-13 21:26:25"}
{"level":"info","message":"✅ Model loader initialized successfully","timestamp":"2026-02-13 21:26:25"}
{"level":"info","message":"📊 Loaded models: sequelize, Op, DataTypes, QueryTypes, User, Customer, CustomerAccount, LoanAccount, LoanRepayment, Deposit, Transaction, GLAccount, AuditTrail","timestamp":"2026-02-13 21:26:25"}
{"level":"info","message":"📊 Model Statistics:","timestamp":"2026-02-13 21:26:25"}
{"level":"info","message":"   Total models loaded: 13","timestamp":"2026-02-13 21:26:25"}
{"level":"info","message":"   CUSTOMER: 2 models","timestamp":"2026-02-13 21:26:25"}
{"level":"info","message":"   LOAN: 2 models","timestamp":"2026-02-13 21:26:25"}
{"level":"info","message":"   DEPOSIT: 1 models","timestamp":"2026-02-13 21:26:25"}
{"level":"info","message":"   TRANSACTION: 1 models","timestamp":"2026-02-13 21:26:25"}
{"level":"info","message":"   USER: 1 models","timestamp":"2026-02-13 21:26:25"}
{"level":"info","message":"   ACCOUNTING: 1 models","timestamp":"2026-02-13 21:26:25"}
{"level":"info","message":"   AUDIT: 1 models","timestamp":"2026-02-13 21:26:25"}
{"level":"info","logDir":"logs","message":"🚀 Winston logger initialized","nodeVersion":"v24.13.0","platform":"win32","timestamp":"2026-02-13 21:26:18"}
{"errors":["Role 28: Permission undefined not found in REPORT","Role 28: Permission undefined not found in REPORT","Role 38: Permission undefined not found in VAULT"],"level":"warn","message":"Permission validation errors","timestamp":"2026-02-13 21:26:21"}
{"errors":["Role 28: Permission undefined not found in REPORT","Role 28: Permission undefined not found in REPORT","Role 38: Permission undefined not found in VAULT"],"level":"warn","message":"Permission validation errors","timestamp":"2026-02-13 21:26:22"}
{"level":"info","message":"Server time initialized (WAT): 2026-02-14T06:26:24.789Z","timestamp":"2026-02-13 21:26:24"}
{"error":"auditLogger.info(...).catch is not a function","level":"warn","message":"Could not log startup audit","timestamp":"2026-02-13 21:26:24"}
{"level":"info","message":"🔧 Auto-initializing models in development mode...","timestamp":"2026-02-13 21:26:25"}
{"level":"info","message":"🚀 Initializing model loader...","timestamp":"2026-02-13 21:26:25"}
{"level":"info","message":"✅ Models loaded via index.js","timestamp":"2026-02-13 21:26:25"}
{"level":"info","message":"✅ Loaded critical model User on demand","timestamp":"2026-02-13 21:26:25"}
{"level":"info","message":"✅ Loaded critical model Customer on demand","timestamp":"2026-02-13 21:26:25"}
{"level":"info","message":"✅ Loaded critical model CustomerAccount on demand","timestamp":"2026-02-13 21:26:25"}
{"level":"info","message":"✅ Loaded critical model LoanAccount on demand","timestamp":"2026-02-13 21:26:25"}
{"level":"info","message":"✅ Loaded critical model LoanRepayment on demand","timestamp":"2026-02-13 21:26:25"}
{"level":"info","message":"✅ Loaded critical model Deposit on demand","timestamp":"2026-02-13 21:26:25"}
{"level":"info","message":"✅ Loaded critical model Transaction on demand","timestamp":"2026-02-13 21:26:25"}
{"level":"info","message":"✅ Loaded critical model GLAccount on demand","timestamp":"2026-02-13 21:26:25"}
{"level":"info","message":"✅ Loaded critical model AuditTrail on demand","timestamp":"2026-02-13 21:26:25"}
{"level":"info","message":"✅ Model loader initialized successfully","timestamp":"2026-02-13 21:26:25"}
{"level":"info","message":"📊 Loaded models: sequelize, Op, DataTypes, QueryTypes, User, Customer, CustomerAccount, LoanAccount, LoanRepayment, Deposit, Transaction, GLAccount, AuditTrail","timestamp":"2026-02-13 21:26:25"}
{"level":"info","message":"📊 Model Statistics:","timestamp":"2026-02-13 21:26:25"}
{"level":"info","message":"   Total models loaded: 13","timestamp":"2026-02-13 21:26:25"}
{"level":"info","message":"   CUSTOMER: 2 models","timestamp":"2026-02-13 21:26:25"}
{"level":"info","message":"   LOAN: 2 models","timestamp":"2026-02-13 21:26:25"}
{"level":"info","message":"   DEPOSIT: 1 models","timestamp":"2026-02-13 21:26:25"}
{"level":"info","message":"   TRANSACTION: 1 models","timestamp":"2026-02-13 21:26:25"}
{"level":"info","message":"   USER: 1 models","timestamp":"2026-02-13 21:26:25"}
{"level":"info","message":"   ACCOUNTING: 1 models","timestamp":"2026-02-13 21:26:25"}
{"level":"info","message":"   AUDIT: 1 models","timestamp":"2026-02-13 21:26:25"}
{"level":"info","logDir":"logs","message":"🚀 Winston logger initialized","nodeVersion":"v24.13.0","platform":"win32","timestamp":"2026-02-13 21:26:18"}
{"errors":["Role 28: Permission undefined not found in REPORT","Role 28: Permission undefined not found in REPORT","Role 38: Permission undefined not found in VAULT"],"level":"warn","message":"Permission validation errors","timestamp":"2026-02-13 21:26:21"}
{"errors":["Role 28: Permission undefined not found in REPORT","Role 28: Permission undefined not found in REPORT","Role 38: Permission undefined not found in VAULT"],"level":"warn","message":"Permission validation errors","timestamp":"2026-02-13 21:26:22"}
{"level":"info","message":"Server time initialized (WAT): 2026-02-14T06:26:24.809Z","timestamp":"2026-02-13 21:26:24"}
{"error":"auditLogger.info(...).catch is not a function","level":"warn","message":"Could not log startup audit","timestamp":"2026-02-13 21:26:24"}
{"level":"info","message":"🔧 Auto-initializing models in development mode...","timestamp":"2026-02-13 21:26:25"}
{"level":"info","message":"🚀 Initializing model loader...","timestamp":"2026-02-13 21:26:25"}
{"level":"info","message":"✅ Models loaded via index.js","timestamp":"2026-02-13 21:26:25"}
{"level":"info","message":"✅ Loaded critical model User on demand","timestamp":"2026-02-13 21:26:25"}
{"level":"info","message":"✅ Loaded critical model Customer on demand","timestamp":"2026-02-13 21:26:25"}
{"level":"info","message":"✅ Loaded critical model CustomerAccount on demand","timestamp":"2026-02-13 21:26:25"}
{"level":"info","message":"✅ Loaded critical model LoanAccount on demand","timestamp":"2026-02-13 21:26:25"}
{"level":"info","message":"✅ Loaded critical model LoanRepayment on demand","timestamp":"2026-02-13 21:26:25"}
{"level":"info","message":"✅ Loaded critical model Deposit on demand","timestamp":"2026-02-13 21:26:25"}
{"level":"info","message":"✅ Loaded critical model Transaction on demand","timestamp":"2026-02-13 21:26:25"}
{"level":"info","message":"✅ Loaded critical model GLAccount on demand","timestamp":"2026-02-13 21:26:25"}
{"level":"info","message":"✅ Loaded critical model AuditTrail on demand","timestamp":"2026-02-13 21:26:25"}
{"level":"info","message":"✅ Model loader initialized successfully","timestamp":"2026-02-13 21:26:25"}
{"level":"info","message":"📊 Loaded models: sequelize, Op, DataTypes, QueryTypes, User, Customer, CustomerAccount, LoanAccount, LoanRepayment, Deposit, Transaction, GLAccount, AuditTrail","timestamp":"2026-02-13 21:26:25"}
{"level":"info","message":"📊 Model Statistics:","timestamp":"2026-02-13 21:26:25"}
{"level":"info","message":"   Total models loaded: 13","timestamp":"2026-02-13 21:26:25"}
{"level":"info","message":"   CUSTOMER: 2 models","timestamp":"2026-02-13 21:26:25"}
{"level":"info","message":"   LOAN: 2 models","timestamp":"2026-02-13 21:26:25"}
{"level":"info","message":"   DEPOSIT: 1 models","timestamp":"2026-02-13 21:26:25"}
{"level":"info","message":"   TRANSACTION: 1 models","timestamp":"2026-02-13 21:26:25"}
{"level":"info","message":"   USER: 1 models","timestamp":"2026-02-13 21:26:25"}
{"level":"info","message":"   ACCOUNTING: 1 models","timestamp":"2026-02-13 21:26:25"}
{"level":"info","message":"   AUDIT: 1 models","timestamp":"2026-02-13 21:26:25"}
{"level":"info","logDir":"logs","message":"🚀 Winston logger initialized","nodeVersion":"v24.13.0","platform":"win32","timestamp":"2026-02-13 21:26:18"}
{"errors":["Role 28: Permission undefined not found in REPORT","Role 28: Permission undefined not found in REPORT","Role 38: Permission undefined not found in VAULT"],"level":"warn","message":"Permission validation errors","timestamp":"2026-02-13 21:26:21"}
{"errors":["Role 28: Permission undefined not found in REPORT","Role 28: Permission undefined not found in REPORT","Role 38: Permission undefined not found in VAULT"],"level":"warn","message":"Permission validation errors","timestamp":"2026-02-13 21:26:22"}
{"level":"info","message":"Server time initialized (WAT): 2026-02-14T06:26:24.801Z","timestamp":"2026-02-13 21:26:24"}
{"error":"auditLogger.info(...).catch is not a function","level":"warn","message":"Could not log startup audit","timestamp":"2026-02-13 21:26:24"}
{"level":"info","message":"🔧 Auto-initializing models in development mode...","timestamp":"2026-02-13 21:26:25"}
{"level":"info","message":"🚀 Initializing model loader...","timestamp":"2026-02-13 21:26:25"}
{"level":"info","message":"✅ Models loaded via index.js","timestamp":"2026-02-13 21:26:25"}
{"level":"info","message":"✅ Loaded critical model User on demand","timestamp":"2026-02-13 21:26:25"}
{"level":"info","message":"✅ Loaded critical model Customer on demand","timestamp":"2026-02-13 21:26:25"}
{"level":"info","message":"✅ Loaded critical model CustomerAccount on demand","timestamp":"2026-02-13 21:26:25"}
{"level":"info","message":"✅ Loaded critical model LoanAccount on demand","timestamp":"2026-02-13 21:26:25"}
{"level":"info","message":"✅ Loaded critical model LoanRepayment on demand","timestamp":"2026-02-13 21:26:25"}
{"level":"info","message":"✅ Loaded critical model Deposit on demand","timestamp":"2026-02-13 21:26:25"}
{"level":"info","message":"✅ Loaded critical model Transaction on demand","timestamp":"2026-02-13 21:26:25"}
{"level":"info","message":"✅ Loaded critical model GLAccount on demand","timestamp":"2026-02-13 21:26:25"}
{"level":"info","message":"✅ Loaded critical model AuditTrail on demand","timestamp":"2026-02-13 21:26:25"}
{"level":"info","message":"✅ Model loader initialized successfully","timestamp":"2026-02-13 21:26:25"}
{"level":"info","message":"📊 Loaded models: sequelize, Op, DataTypes, QueryTypes, User, Customer, CustomerAccount, LoanAccount, LoanRepayment, Deposit, Transaction, GLAccount, AuditTrail","timestamp":"2026-02-13 21:26:25"}
{"level":"info","message":"📊 Model Statistics:","timestamp":"2026-02-13 21:26:25"}
{"level":"info","message":"   Total models loaded: 13","timestamp":"2026-02-13 21:26:25"}
{"level":"info","message":"   CUSTOMER: 2 models","timestamp":"2026-02-13 21:26:25"}
{"level":"info","message":"   LOAN: 2 models","timestamp":"2026-02-13 21:26:25"}
{"level":"info","message":"   DEPOSIT: 1 models","timestamp":"2026-02-13 21:26:25"}
{"level":"info","message":"   TRANSACTION: 1 models","timestamp":"2026-02-13 21:26:25"}
{"level":"info","message":"   USER: 1 models","timestamp":"2026-02-13 21:26:25"}
{"level":"info","message":"   ACCOUNTING: 1 models","timestamp":"2026-02-13 21:26:25"}
{"level":"info","message":"   AUDIT: 1 models","timestamp":"2026-02-13 21:26:25"}
{"level":"info","logDir":"logs","message":"🚀 Winston logger initialized","nodeVersion":"v24.13.0","platform":"win32","timestamp":"2026-02-13 21:28:15"}
{"errors":["Role 28: Permission undefined not found in REPORT","Role 28: Permission undefined not found in REPORT","Role 38: Permission undefined not found in VAULT"],"level":"warn","message":"Permission validation errors","timestamp":"2026-02-13 21:28:23"}
{"errors":["Role 28: Permission undefined not found in REPORT","Role 28: Permission undefined not found in REPORT","Role 38: Permission undefined not found in VAULT"],"level":"warn","message":"Permission validation errors","timestamp":"2026-02-13 21:28:25"}
{"level":"info","message":"Server time initialized (WAT): 2026-02-14T06:28:30.242Z","timestamp":"2026-02-13 21:28:30"}
{"error":"auditLogger.info(...).catch is not a function","level":"warn","message":"Could not log startup audit","timestamp":"2026-02-13 21:28:30"}
{"level":"info","message":"🔧 Auto-initializing models in development mode...","timestamp":"2026-02-13 21:28:30"}
{"level":"info","logDir":"logs","message":"🚀 Winston logger initialized","nodeVersion":"v24.13.0","platform":"win32","timestamp":"2026-02-13 21:28:15"}
{"level":"info","message":"🚀 Initializing model loader...","timestamp":"2026-02-13 21:28:30"}
{"errors":["Role 28: Permission undefined not found in REPORT","Role 28: Permission undefined not found in REPORT","Role 38: Permission undefined not found in VAULT"],"level":"warn","message":"Permission validation errors","timestamp":"2026-02-13 21:28:23"}
{"level":"info","logDir":"logs","message":"🚀 Winston logger initialized","nodeVersion":"v24.13.0","platform":"win32","timestamp":"2026-02-13 21:28:15"}
{"errors":["Role 28: Permission undefined not found in REPORT","Role 28: Permission undefined not found in REPORT","Role 38: Permission undefined not found in VAULT"],"level":"warn","message":"Permission validation errors","timestamp":"2026-02-13 21:28:25"}
{"level":"info","message":"✅ Models loaded via index.js","timestamp":"2026-02-13 21:28:30"}
{"level":"info","message":"Server time initialized (WAT): 2026-02-14T06:28:30.231Z","timestamp":"2026-02-13 21:28:30"}
{"errors":["Role 28: Permission undefined not found in REPORT","Role 28: Permission undefined not found in REPORT","Role 38: Permission undefined not found in VAULT"],"level":"warn","message":"Permission validation errors","timestamp":"2026-02-13 21:28:23"}
{"level":"info","message":"✅ Loaded critical model User on demand","timestamp":"2026-02-13 21:28:30"}
{"error":"auditLogger.info(...).catch is not a function","level":"warn","message":"Could not log startup audit","timestamp":"2026-02-13 21:28:30"}
{"errors":["Role 28: Permission undefined not found in REPORT","Role 28: Permission undefined not found in REPORT","Role 38: Permission undefined not found in VAULT"],"level":"warn","message":"Permission validation errors","timestamp":"2026-02-13 21:28:25"}
{"level":"info","message":"✅ Loaded critical model Customer on demand","timestamp":"2026-02-13 21:28:30"}
{"level":"info","message":"🔧 Auto-initializing models in development mode...","timestamp":"2026-02-13 21:28:30"}
{"level":"info","message":"Server time initialized (WAT): 2026-02-14T06:28:30.261Z","timestamp":"2026-02-13 21:28:30"}
{"level":"info","message":"✅ Loaded critical model CustomerAccount on demand","timestamp":"2026-02-13 21:28:30"}
{"error":"auditLogger.info(...).catch is not a function","level":"warn","message":"Could not log startup audit","timestamp":"2026-02-13 21:28:30"}
{"level":"info","message":"🔧 Auto-initializing models in development mode...","timestamp":"2026-02-13 21:28:30"}
{"level":"info","message":"🚀 Initializing model loader...","timestamp":"2026-02-13 21:28:30"}
{"level":"info","message":"🚀 Initializing model loader...","timestamp":"2026-02-13 21:28:30"}
{"level":"info","message":"✅ Models loaded via index.js","timestamp":"2026-02-13 21:28:30"}
{"level":"info","message":"✅ Models loaded via index.js","timestamp":"2026-02-13 21:28:30"}
{"level":"info","message":"✅ Loaded critical model User on demand","timestamp":"2026-02-13 21:28:30"}
{"level":"info","message":"✅ Loaded critical model LoanAccount on demand","timestamp":"2026-02-13 21:28:30"}
{"level":"info","message":"✅ Loaded critical model Customer on demand","timestamp":"2026-02-13 21:28:30"}
{"level":"info","message":"✅ Loaded critical model User on demand","timestamp":"2026-02-13 21:28:30"}
{"level":"info","message":"✅ Loaded critical model LoanRepayment on demand","timestamp":"2026-02-13 21:28:30"}
{"level":"info","message":"✅ Loaded critical model CustomerAccount on demand","timestamp":"2026-02-13 21:28:30"}
{"level":"info","message":"✅ Loaded critical model Customer on demand","timestamp":"2026-02-13 21:28:30"}
{"level":"info","message":"✅ Loaded critical model Deposit on demand","timestamp":"2026-02-13 21:28:30"}
{"level":"info","message":"✅ Loaded critical model LoanAccount on demand","timestamp":"2026-02-13 21:28:30"}
{"level":"info","message":"✅ Loaded critical model CustomerAccount on demand","timestamp":"2026-02-13 21:28:30"}
{"level":"info","message":"✅ Loaded critical model Transaction on demand","timestamp":"2026-02-13 21:28:30"}
{"level":"info","message":"✅ Loaded critical model LoanRepayment on demand","timestamp":"2026-02-13 21:28:30"}
{"level":"info","message":"✅ Loaded critical model LoanAccount on demand","timestamp":"2026-02-13 21:28:30"}
{"level":"info","message":"✅ Loaded critical model GLAccount on demand","timestamp":"2026-02-13 21:28:30"}
{"level":"info","message":"✅ Loaded critical model LoanRepayment on demand","timestamp":"2026-02-13 21:28:30"}
{"level":"info","message":"✅ Loaded critical model Deposit on demand","timestamp":"2026-02-13 21:28:30"}
{"level":"info","message":"✅ Loaded critical model AuditTrail on demand","timestamp":"2026-02-13 21:28:30"}
{"level":"info","message":"✅ Loaded critical model Deposit on demand","timestamp":"2026-02-13 21:28:30"}
{"level":"info","message":"✅ Loaded critical model Transaction on demand","timestamp":"2026-02-13 21:28:30"}
{"level":"info","message":"✅ Model loader initialized successfully","timestamp":"2026-02-13 21:28:30"}
{"level":"info","message":"✅ Loaded critical model Transaction on demand","timestamp":"2026-02-13 21:28:30"}
{"level":"info","message":"✅ Loaded critical model GLAccount on demand","timestamp":"2026-02-13 21:28:30"}
{"level":"info","message":"📊 Loaded models: sequelize, Op, DataTypes, QueryTypes, User, Customer, CustomerAccount, LoanAccount, LoanRepayment, Deposit, Transaction, GLAccount, AuditTrail","timestamp":"2026-02-13 21:28:30"}
{"level":"info","message":"✅ Loaded critical model GLAccount on demand","timestamp":"2026-02-13 21:28:30"}
{"level":"info","message":"✅ Loaded critical model AuditTrail on demand","timestamp":"2026-02-13 21:28:30"}
{"level":"info","message":"📊 Model Statistics:","timestamp":"2026-02-13 21:28:30"}
{"level":"info","message":"✅ Loaded critical model AuditTrail on demand","timestamp":"2026-02-13 21:28:30"}
{"level":"info","message":"✅ Model loader initialized successfully","timestamp":"2026-02-13 21:28:30"}
{"level":"info","message":"✅ Model loader initialized successfully","timestamp":"2026-02-13 21:28:30"}
{"level":"info","message":"📊 Loaded models: sequelize, Op, DataTypes, QueryTypes, User, Customer, CustomerAccount, LoanAccount, LoanRepayment, Deposit, Transaction, GLAccount, AuditTrail","timestamp":"2026-02-13 21:28:30"}
{"level":"info","message":"   Total models loaded: 13","timestamp":"2026-02-13 21:28:30"}
{"level":"info","message":"📊 Loaded models: sequelize, Op, DataTypes, QueryTypes, User, Customer, CustomerAccount, LoanAccount, LoanRepayment, Deposit, Transaction, GLAccount, AuditTrail","timestamp":"2026-02-13 21:28:30"}
{"level":"info","message":"📊 Model Statistics:","timestamp":"2026-02-13 21:28:30"}
{"level":"info","message":"📊 Model Statistics:","timestamp":"2026-02-13 21:28:30"}
{"level":"info","message":"   Total models loaded: 13","timestamp":"2026-02-13 21:28:30"}
{"level":"info","message":"   Total models loaded: 13","timestamp":"2026-02-13 21:28:30"}
{"level":"info","message":"   CUSTOMER: 2 models","timestamp":"2026-02-13 21:28:30"}
{"level":"info","message":"   CUSTOMER: 2 models","timestamp":"2026-02-13 21:28:30"}
{"level":"info","message":"   CUSTOMER: 2 models","timestamp":"2026-02-13 21:28:30"}
{"level":"info","message":"   LOAN: 2 models","timestamp":"2026-02-13 21:28:30"}
{"level":"info","message":"   LOAN: 2 models","timestamp":"2026-02-13 21:28:30"}
{"level":"info","message":"   LOAN: 2 models","timestamp":"2026-02-13 21:28:30"}
{"level":"info","message":"   DEPOSIT: 1 models","timestamp":"2026-02-13 21:28:30"}
{"level":"info","message":"   DEPOSIT: 1 models","timestamp":"2026-02-13 21:28:30"}
{"level":"info","message":"   DEPOSIT: 1 models","timestamp":"2026-02-13 21:28:30"}
{"level":"info","message":"   TRANSACTION: 1 models","timestamp":"2026-02-13 21:28:30"}
{"level":"info","message":"   TRANSACTION: 1 models","timestamp":"2026-02-13 21:28:30"}
{"level":"info","message":"   TRANSACTION: 1 models","timestamp":"2026-02-13 21:28:30"}
{"level":"info","message":"   USER: 1 models","timestamp":"2026-02-13 21:28:30"}
{"level":"info","message":"   USER: 1 models","timestamp":"2026-02-13 21:28:30"}
{"level":"info","message":"   USER: 1 models","timestamp":"2026-02-13 21:28:30"}
{"level":"info","message":"   ACCOUNTING: 1 models","timestamp":"2026-02-13 21:28:30"}
{"level":"info","message":"   ACCOUNTING: 1 models","timestamp":"2026-02-13 21:28:30"}
{"level":"info","message":"   ACCOUNTING: 1 models","timestamp":"2026-02-13 21:28:30"}
{"level":"info","message":"   AUDIT: 1 models","timestamp":"2026-02-13 21:28:30"}
{"level":"info","message":"   AUDIT: 1 models","timestamp":"2026-02-13 21:28:30"}
{"level":"info","message":"   AUDIT: 1 models","timestamp":"2026-02-13 21:28:30"}
{"level":"info","logDir":"logs","message":"🚀 Winston logger initialized","nodeVersion":"v24.13.0","platform":"win32","timestamp":"2026-02-13 21:28:15"}
{"errors":["Role 28: Permission undefined not found in REPORT","Role 28: Permission undefined not found in REPORT","Role 38: Permission undefined not found in VAULT"],"level":"warn","message":"Permission validation errors","timestamp":"2026-02-13 21:28:23"}
{"errors":["Role 28: Permission undefined not found in REPORT","Role 28: Permission undefined not found in REPORT","Role 38: Permission undefined not found in VAULT"],"level":"warn","message":"Permission validation errors","timestamp":"2026-02-13 21:28:25"}
{"level":"info","message":"Server time initialized (WAT): 2026-02-14T06:28:30.233Z","timestamp":"2026-02-13 21:28:30"}
{"error":"auditLogger.info(...).catch is not a function","level":"warn","message":"Could not log startup audit","timestamp":"2026-02-13 21:28:30"}
{"level":"info","message":"🔧 Auto-initializing models in development mode...","timestamp":"2026-02-13 21:28:30"}
{"level":"info","message":"🚀 Initializing model loader...","timestamp":"2026-02-13 21:28:30"}
{"level":"info","message":"✅ Models loaded via index.js","timestamp":"2026-02-13 21:28:30"}
{"level":"info","message":"✅ Loaded critical model User on demand","timestamp":"2026-02-13 21:28:30"}
{"level":"info","message":"✅ Loaded critical model Customer on demand","timestamp":"2026-02-13 21:28:30"}
{"level":"info","message":"✅ Loaded critical model CustomerAccount on demand","timestamp":"2026-02-13 21:28:30"}
{"level":"info","message":"✅ Loaded critical model LoanAccount on demand","timestamp":"2026-02-13 21:28:30"}
{"level":"info","message":"✅ Loaded critical model LoanRepayment on demand","timestamp":"2026-02-13 21:28:30"}
{"level":"info","message":"✅ Loaded critical model Deposit on demand","timestamp":"2026-02-13 21:28:30"}
{"level":"info","message":"✅ Loaded critical model Transaction on demand","timestamp":"2026-02-13 21:28:30"}
{"level":"info","message":"✅ Loaded critical model GLAccount on demand","timestamp":"2026-02-13 21:28:30"}
{"level":"info","message":"✅ Loaded critical model AuditTrail on demand","timestamp":"2026-02-13 21:28:30"}
{"level":"info","message":"✅ Model loader initialized successfully","timestamp":"2026-02-13 21:28:30"}
{"level":"info","message":"📊 Loaded models: sequelize, Op, DataTypes, QueryTypes, User, Customer, CustomerAccount, LoanAccount, LoanRepayment, Deposit, Transaction, GLAccount, AuditTrail","timestamp":"2026-02-13 21:28:30"}
{"level":"info","message":"📊 Model Statistics:","timestamp":"2026-02-13 21:28:30"}
{"level":"info","message":"   Total models loaded: 13","timestamp":"2026-02-13 21:28:30"}
{"level":"info","message":"   CUSTOMER: 2 models","timestamp":"2026-02-13 21:28:30"}
{"level":"info","message":"   LOAN: 2 models","timestamp":"2026-02-13 21:28:30"}
{"level":"info","message":"   DEPOSIT: 1 models","timestamp":"2026-02-13 21:28:30"}
{"level":"info","message":"   TRANSACTION: 1 models","timestamp":"2026-02-13 21:28:30"}
{"level":"info","message":"   USER: 1 models","timestamp":"2026-02-13 21:28:30"}
{"level":"info","message":"   ACCOUNTING: 1 models","timestamp":"2026-02-13 21:28:30"}
{"level":"info","message":"   AUDIT: 1 models","timestamp":"2026-02-13 21:28:30"}
{"level":"info","logDir":"logs","message":"🚀 Winston logger initialized","nodeVersion":"v24.13.0","platform":"win32","timestamp":"2026-02-13 21:29:59"}
{"errors":["Role 28: Permission undefined not found in REPORT","Role 28: Permission undefined not found in REPORT","Role 38: Permission undefined not found in VAULT"],"level":"warn","message":"Permission validation errors","timestamp":"2026-02-13 21:30:03"}
{"errors":["Role 28: Permission undefined not found in REPORT","Role 28: Permission undefined not found in REPORT","Role 38: Permission undefined not found in VAULT"],"level":"warn","message":"Permission validation errors","timestamp":"2026-02-13 21:30:03"}
{"level":"info","message":"Server time initialized (WAT): 2026-02-14T06:30:06.252Z","timestamp":"2026-02-13 21:30:06"}
{"error":"auditLogger.info(...).catch is not a function","level":"warn","message":"Could not log startup audit","timestamp":"2026-02-13 21:30:06"}
{"level":"info","message":"🔧 Auto-initializing models in development mode...","timestamp":"2026-02-13 21:30:06"}
{"level":"info","message":"🚀 Initializing model loader...","timestamp":"2026-02-13 21:30:06"}
{"level":"info","message":"✅ Models loaded via index.js","timestamp":"2026-02-13 21:30:06"}
{"level":"info","message":"✅ Loaded critical model User on demand","timestamp":"2026-02-13 21:30:06"}
{"level":"info","message":"✅ Loaded critical model Customer on demand","timestamp":"2026-02-13 21:30:06"}
{"level":"info","message":"✅ Loaded critical model CustomerAccount on demand","timestamp":"2026-02-13 21:30:06"}
{"level":"info","message":"✅ Loaded critical model LoanAccount on demand","timestamp":"2026-02-13 21:30:06"}
{"level":"info","message":"✅ Loaded critical model LoanRepayment on demand","timestamp":"2026-02-13 21:30:06"}
{"level":"info","message":"✅ Loaded critical model Deposit on demand","timestamp":"2026-02-13 21:30:06"}
{"level":"info","message":"✅ Loaded critical model Transaction on demand","timestamp":"2026-02-13 21:30:06"}
{"level":"info","message":"✅ Loaded critical model GLAccount on demand","timestamp":"2026-02-13 21:30:06"}
{"level":"info","message":"✅ Loaded critical model AuditTrail on demand","timestamp":"2026-02-13 21:30:06"}
{"level":"info","message":"✅ Model loader initialized successfully","timestamp":"2026-02-13 21:30:06"}
{"level":"info","message":"📊 Loaded models: sequelize, Op, DataTypes, QueryTypes, User, Customer, CustomerAccount, LoanAccount, LoanRepayment, Deposit, Transaction, GLAccount, AuditTrail","timestamp":"2026-02-13 21:30:06"}
{"level":"info","message":"📊 Model Statistics:","timestamp":"2026-02-13 21:30:06"}
{"level":"info","message":"   Total models loaded: 13","timestamp":"2026-02-13 21:30:06"}
{"level":"info","message":"   CUSTOMER: 2 models","timestamp":"2026-02-13 21:30:06"}
{"level":"info","message":"   LOAN: 2 models","timestamp":"2026-02-13 21:30:06"}
{"level":"info","message":"   DEPOSIT: 1 models","timestamp":"2026-02-13 21:30:06"}
{"level":"info","message":"   TRANSACTION: 1 models","timestamp":"2026-02-13 21:30:06"}
{"level":"info","message":"   USER: 1 models","timestamp":"2026-02-13 21:30:06"}
{"level":"info","message":"   ACCOUNTING: 1 models","timestamp":"2026-02-13 21:30:06"}
{"level":"info","message":"   AUDIT: 1 models","timestamp":"2026-02-13 21:30:06"}
{"level":"info","logDir":"logs","message":"🚀 Winston logger initialized","nodeVersion":"v24.13.0","platform":"win32","timestamp":"2026-02-13 21:29:59"}
{"errors":["Role 28: Permission undefined not found in REPORT","Role 28: Permission undefined not found in REPORT","Role 38: Permission undefined not found in VAULT"],"level":"warn","message":"Permission validation errors","timestamp":"2026-02-13 21:30:03"}
{"errors":["Role 28: Permission undefined not found in REPORT","Role 28: Permission undefined not found in REPORT","Role 38: Permission undefined not found in VAULT"],"level":"warn","message":"Permission validation errors","timestamp":"2026-02-13 21:30:03"}
{"level":"info","message":"Server time initialized (WAT): 2026-02-14T06:30:06.243Z","timestamp":"2026-02-13 21:30:06"}
{"error":"auditLogger.info(...).catch is not a function","level":"warn","message":"Could not log startup audit","timestamp":"2026-02-13 21:30:06"}
{"level":"info","message":"🔧 Auto-initializing models in development mode...","timestamp":"2026-02-13 21:30:06"}
{"level":"info","message":"🚀 Initializing model loader...","timestamp":"2026-02-13 21:30:06"}
{"level":"info","message":"✅ Models loaded via index.js","timestamp":"2026-02-13 21:30:06"}
{"level":"info","message":"✅ Loaded critical model User on demand","timestamp":"2026-02-13 21:30:06"}
{"level":"info","message":"✅ Loaded critical model Customer on demand","timestamp":"2026-02-13 21:30:06"}
{"level":"info","message":"✅ Loaded critical model CustomerAccount on demand","timestamp":"2026-02-13 21:30:06"}
{"level":"info","message":"✅ Loaded critical model LoanAccount on demand","timestamp":"2026-02-13 21:30:06"}
{"level":"info","message":"✅ Loaded critical model LoanRepayment on demand","timestamp":"2026-02-13 21:30:06"}
{"level":"info","message":"✅ Loaded critical model Deposit on demand","timestamp":"2026-02-13 21:30:06"}
{"level":"info","message":"✅ Loaded critical model Transaction on demand","timestamp":"2026-02-13 21:30:06"}
{"level":"info","message":"✅ Loaded critical model GLAccount on demand","timestamp":"2026-02-13 21:30:06"}
{"level":"info","message":"✅ Loaded critical model AuditTrail on demand","timestamp":"2026-02-13 21:30:06"}
{"level":"info","message":"✅ Model loader initialized successfully","timestamp":"2026-02-13 21:30:06"}
{"level":"info","message":"📊 Loaded models: sequelize, Op, DataTypes, QueryTypes, User, Customer, CustomerAccount, LoanAccount, LoanRepayment, Deposit, Transaction, GLAccount, AuditTrail","timestamp":"2026-02-13 21:30:06"}
{"level":"info","message":"📊 Model Statistics:","timestamp":"2026-02-13 21:30:06"}
{"level":"info","message":"   Total models loaded: 13","timestamp":"2026-02-13 21:30:06"}
{"level":"info","message":"   CUSTOMER: 2 models","timestamp":"2026-02-13 21:30:06"}
{"level":"info","message":"   LOAN: 2 models","timestamp":"2026-02-13 21:30:06"}
{"level":"info","message":"   DEPOSIT: 1 models","timestamp":"2026-02-13 21:30:06"}
{"level":"info","message":"   TRANSACTION: 1 models","timestamp":"2026-02-13 21:30:06"}
{"level":"info","message":"   USER: 1 models","timestamp":"2026-02-13 21:30:06"}
{"level":"info","message":"   ACCOUNTING: 1 models","timestamp":"2026-02-13 21:30:06"}
{"level":"info","message":"   AUDIT: 1 models","timestamp":"2026-02-13 21:30:06"}
{"level":"info","logDir":"logs","message":"🚀 Winston logger initialized","nodeVersion":"v24.13.0","platform":"win32","timestamp":"2026-02-13 21:29:59"}
{"errors":["Role 28: Permission undefined not found in REPORT","Role 28: Permission undefined not found in REPORT","Role 38: Permission undefined not found in VAULT"],"level":"warn","message":"Permission validation errors","timestamp":"2026-02-13 21:30:03"}
{"errors":["Role 28: Permission undefined not found in REPORT","Role 28: Permission undefined not found in REPORT","Role 38: Permission undefined not found in VAULT"],"level":"warn","message":"Permission validation errors","timestamp":"2026-02-13 21:30:03"}
{"level":"info","message":"Server time initialized (WAT): 2026-02-14T06:30:06.238Z","timestamp":"2026-02-13 21:30:06"}
{"error":"auditLogger.info(...).catch is not a function","level":"warn","message":"Could not log startup audit","timestamp":"2026-02-13 21:30:06"}
{"level":"info","message":"🔧 Auto-initializing models in development mode...","timestamp":"2026-02-13 21:30:06"}
{"level":"info","message":"🚀 Initializing model loader...","timestamp":"2026-02-13 21:30:06"}
{"level":"info","message":"✅ Models loaded via index.js","timestamp":"2026-02-13 21:30:06"}
{"level":"info","message":"✅ Loaded critical model User on demand","timestamp":"2026-02-13 21:30:06"}
{"level":"info","message":"✅ Loaded critical model Customer on demand","timestamp":"2026-02-13 21:30:06"}
{"level":"info","message":"✅ Loaded critical model CustomerAccount on demand","timestamp":"2026-02-13 21:30:06"}
{"level":"info","message":"✅ Loaded critical model LoanAccount on demand","timestamp":"2026-02-13 21:30:06"}
{"level":"info","message":"✅ Loaded critical model LoanRepayment on demand","timestamp":"2026-02-13 21:30:06"}
{"level":"info","message":"✅ Loaded critical model Deposit on demand","timestamp":"2026-02-13 21:30:06"}
{"level":"info","message":"✅ Loaded critical model Transaction on demand","timestamp":"2026-02-13 21:30:06"}
{"level":"info","message":"✅ Loaded critical model GLAccount on demand","timestamp":"2026-02-13 21:30:06"}
{"level":"info","message":"✅ Loaded critical model AuditTrail on demand","timestamp":"2026-02-13 21:30:06"}
{"level":"info","message":"✅ Model loader initialized successfully","timestamp":"2026-02-13 21:30:06"}
{"level":"info","message":"📊 Loaded models: sequelize, Op, DataTypes, QueryTypes, User, Customer, CustomerAccount, LoanAccount, LoanRepayment, Deposit, Transaction, GLAccount, AuditTrail","timestamp":"2026-02-13 21:30:06"}
{"level":"info","message":"📊 Model Statistics:","timestamp":"2026-02-13 21:30:06"}
{"level":"info","message":"   Total models loaded: 13","timestamp":"2026-02-13 21:30:06"}
{"level":"info","message":"   CUSTOMER: 2 models","timestamp":"2026-02-13 21:30:06"}
{"level":"info","message":"   LOAN: 2 models","timestamp":"2026-02-13 21:30:06"}
{"level":"info","message":"   DEPOSIT: 1 models","timestamp":"2026-02-13 21:30:06"}
{"level":"info","message":"   TRANSACTION: 1 models","timestamp":"2026-02-13 21:30:06"}
{"level":"info","message":"   USER: 1 models","timestamp":"2026-02-13 21:30:06"}
{"level":"info","message":"   ACCOUNTING: 1 models","timestamp":"2026-02-13 21:30:06"}
{"level":"info","message":"   AUDIT: 1 models","timestamp":"2026-02-13 21:30:06"}
{"level":"info","logDir":"logs","message":"🚀 Winston logger initialized","nodeVersion":"v24.13.0","platform":"win32","timestamp":"2026-02-13 21:29:59"}
{"errors":["Role 28: Permission undefined not found in REPORT","Role 28: Permission undefined not found in REPORT","Role 38: Permission undefined not found in VAULT"],"level":"warn","message":"Permission validation errors","timestamp":"2026-02-13 21:30:03"}
{"errors":["Role 28: Permission undefined not found in REPORT","Role 28: Permission undefined not found in REPORT","Role 38: Permission undefined not found in VAULT"],"level":"warn","message":"Permission validation errors","timestamp":"2026-02-13 21:30:04"}
{"level":"info","message":"Server time initialized (WAT): 2026-02-14T06:30:06.255Z","timestamp":"2026-02-13 21:30:06"}
{"error":"auditLogger.info(...).catch is not a function","level":"warn","message":"Could not log startup audit","timestamp":"2026-02-13 21:30:06"}
{"level":"info","message":"🔧 Auto-initializing models in development mode...","timestamp":"2026-02-13 21:30:06"}
{"level":"info","message":"🚀 Initializing model loader...","timestamp":"2026-02-13 21:30:06"}
{"level":"info","message":"✅ Models loaded via index.js","timestamp":"2026-02-13 21:30:06"}
{"level":"info","message":"✅ Loaded critical model User on demand","timestamp":"2026-02-13 21:30:06"}
{"level":"info","message":"✅ Loaded critical model Customer on demand","timestamp":"2026-02-13 21:30:06"}
{"level":"info","message":"✅ Loaded critical model CustomerAccount on demand","timestamp":"2026-02-13 21:30:06"}
{"level":"info","message":"✅ Loaded critical model LoanAccount on demand","timestamp":"2026-02-13 21:30:06"}
{"level":"info","message":"✅ Loaded critical model LoanRepayment on demand","timestamp":"2026-02-13 21:30:06"}
{"level":"info","message":"✅ Loaded critical model Deposit on demand","timestamp":"2026-02-13 21:30:06"}
{"level":"info","message":"✅ Loaded critical model Transaction on demand","timestamp":"2026-02-13 21:30:06"}
{"level":"info","message":"✅ Loaded critical model GLAccount on demand","timestamp":"2026-02-13 21:30:06"}
{"level":"info","message":"✅ Loaded critical model AuditTrail on demand","timestamp":"2026-02-13 21:30:06"}
{"level":"info","message":"✅ Model loader initialized successfully","timestamp":"2026-02-13 21:30:06"}
{"level":"info","message":"📊 Loaded models: sequelize, Op, DataTypes, QueryTypes, User, Customer, CustomerAccount, LoanAccount, LoanRepayment, Deposit, Transaction, GLAccount, AuditTrail","timestamp":"2026-02-13 21:30:06"}
{"level":"info","message":"📊 Model Statistics:","timestamp":"2026-02-13 21:30:06"}
{"level":"info","message":"   Total models loaded: 13","timestamp":"2026-02-13 21:30:06"}
{"level":"info","message":"   CUSTOMER: 2 models","timestamp":"2026-02-13 21:30:06"}
{"level":"info","message":"   LOAN: 2 models","timestamp":"2026-02-13 21:30:06"}
{"level":"info","message":"   DEPOSIT: 1 models","timestamp":"2026-02-13 21:30:06"}
{"level":"info","message":"   TRANSACTION: 1 models","timestamp":"2026-02-13 21:30:06"}
{"level":"info","message":"   USER: 1 models","timestamp":"2026-02-13 21:30:06"}
{"level":"info","message":"   ACCOUNTING: 1 models","timestamp":"2026-02-13 21:30:06"}
{"level":"info","message":"   AUDIT: 1 models","timestamp":"2026-02-13 21:30:06"}
{"level":"info","logDir":"logs","message":"🚀 Winston logger initialized","nodeVersion":"v24.13.0","platform":"win32","timestamp":"2026-02-13 21:31:31"}
{"errors":["Role 28: Permission undefined not found in REPORT","Role 28: Permission undefined not found in REPORT","Role 38: Permission undefined not found in VAULT"],"level":"warn","message":"Permission validation errors","timestamp":"2026-02-13 21:31:35"}
{"errors":["Role 28: Permission undefined not found in REPORT","Role 28: Permission undefined not found in REPORT","Role 38: Permission undefined not found in VAULT"],"level":"warn","message":"Permission validation errors","timestamp":"2026-02-13 21:31:36"}
{"level":"info","message":"Server time initialized (WAT): 2026-02-14T06:31:38.851Z","timestamp":"2026-02-13 21:31:38"}
{"error":"auditLogger.info(...).catch is not a function","level":"warn","message":"Could not log startup audit","timestamp":"2026-02-13 21:31:38"}
{"level":"info","message":"🔧 Auto-initializing models in development mode...","timestamp":"2026-02-13 21:31:39"}
{"level":"info","message":"🚀 Initializing model loader...","timestamp":"2026-02-13 21:31:39"}
{"level":"info","message":"✅ Models loaded via index.js","timestamp":"2026-02-13 21:31:39"}
{"level":"info","message":"✅ Loaded critical model User on demand","timestamp":"2026-02-13 21:31:39"}
{"level":"info","message":"✅ Loaded critical model Customer on demand","timestamp":"2026-02-13 21:31:39"}
{"level":"info","message":"✅ Loaded critical model CustomerAccount on demand","timestamp":"2026-02-13 21:31:39"}
{"level":"info","message":"✅ Loaded critical model LoanAccount on demand","timestamp":"2026-02-13 21:31:39"}
{"level":"info","message":"✅ Loaded critical model LoanRepayment on demand","timestamp":"2026-02-13 21:31:39"}
{"level":"info","message":"✅ Loaded critical model Deposit on demand","timestamp":"2026-02-13 21:31:39"}
{"level":"info","message":"✅ Loaded critical model Transaction on demand","timestamp":"2026-02-13 21:31:39"}
{"level":"info","message":"✅ Loaded critical model GLAccount on demand","timestamp":"2026-02-13 21:31:39"}
{"level":"info","message":"✅ Loaded critical model AuditTrail on demand","timestamp":"2026-02-13 21:31:39"}
{"level":"info","message":"✅ Model loader initialized successfully","timestamp":"2026-02-13 21:31:39"}
{"level":"info","message":"📊 Loaded models: sequelize, Op, DataTypes, QueryTypes, User, Customer, CustomerAccount, LoanAccount, LoanRepayment, Deposit, Transaction, GLAccount, AuditTrail","timestamp":"2026-02-13 21:31:39"}
{"level":"info","message":"📊 Model Statistics:","timestamp":"2026-02-13 21:31:39"}
{"level":"info","logDir":"logs","message":"🚀 Winston logger initialized","nodeVersion":"v24.13.0","platform":"win32","timestamp":"2026-02-13 21:31:31"}
{"errors":["Role 28: Permission undefined not found in REPORT","Role 28: Permission undefined not found in REPORT","Role 38: Permission undefined not found in VAULT"],"level":"warn","message":"Permission validation errors","timestamp":"2026-02-13 21:31:35"}
{"errors":["Role 28: Permission undefined not found in REPORT","Role 28: Permission undefined not found in REPORT","Role 38: Permission undefined not found in VAULT"],"level":"warn","message":"Permission validation errors","timestamp":"2026-02-13 21:31:36"}
{"level":"info","message":"Server time initialized (WAT): 2026-02-14T06:31:38.848Z","timestamp":"2026-02-13 21:31:38"}
{"level":"info","message":"   Total models loaded: 13","timestamp":"2026-02-13 21:31:39"}
{"error":"auditLogger.info(...).catch is not a function","level":"warn","message":"Could not log startup audit","timestamp":"2026-02-13 21:31:38"}
{"level":"info","message":"🔧 Auto-initializing models in development mode...","timestamp":"2026-02-13 21:31:39"}
{"level":"info","message":"   CUSTOMER: 2 models","timestamp":"2026-02-13 21:31:39"}
{"level":"info","message":"🚀 Initializing model loader...","timestamp":"2026-02-13 21:31:39"}
{"level":"info","message":"   LOAN: 2 models","timestamp":"2026-02-13 21:31:39"}
{"level":"info","message":"✅ Models loaded via index.js","timestamp":"2026-02-13 21:31:39"}
{"level":"info","message":"✅ Loaded critical model User on demand","timestamp":"2026-02-13 21:31:39"}
{"level":"info","message":"✅ Loaded critical model Customer on demand","timestamp":"2026-02-13 21:31:39"}
{"level":"info","message":"   DEPOSIT: 1 models","timestamp":"2026-02-13 21:31:39"}
{"level":"info","message":"✅ Loaded critical model CustomerAccount on demand","timestamp":"2026-02-13 21:31:39"}
{"level":"info","message":"   TRANSACTION: 1 models","timestamp":"2026-02-13 21:31:39"}
{"level":"info","message":"✅ Loaded critical model LoanAccount on demand","timestamp":"2026-02-13 21:31:39"}
{"level":"info","message":"   USER: 1 models","timestamp":"2026-02-13 21:31:39"}
{"level":"info","message":"✅ Loaded critical model LoanRepayment on demand","timestamp":"2026-02-13 21:31:39"}
{"level":"info","message":"   ACCOUNTING: 1 models","timestamp":"2026-02-13 21:31:39"}
{"level":"info","message":"✅ Loaded critical model Deposit on demand","timestamp":"2026-02-13 21:31:39"}
{"level":"info","message":"   AUDIT: 1 models","timestamp":"2026-02-13 21:31:39"}
{"level":"info","message":"✅ Loaded critical model Transaction on demand","timestamp":"2026-02-13 21:31:39"}
{"level":"info","message":"✅ Loaded critical model GLAccount on demand","timestamp":"2026-02-13 21:31:39"}
{"level":"info","message":"✅ Loaded critical model AuditTrail on demand","timestamp":"2026-02-13 21:31:39"}
{"level":"info","message":"✅ Model loader initialized successfully","timestamp":"2026-02-13 21:31:39"}
{"level":"info","message":"📊 Loaded models: sequelize, Op, DataTypes, QueryTypes, User, Customer, CustomerAccount, LoanAccount, LoanRepayment, Deposit, Transaction, GLAccount, AuditTrail","timestamp":"2026-02-13 21:31:39"}
{"level":"info","message":"📊 Model Statistics:","timestamp":"2026-02-13 21:31:39"}
{"level":"info","message":"   Total models loaded: 13","timestamp":"2026-02-13 21:31:39"}
{"level":"info","message":"   CUSTOMER: 2 models","timestamp":"2026-02-13 21:31:39"}
{"level":"info","message":"   LOAN: 2 models","timestamp":"2026-02-13 21:31:39"}
{"level":"info","message":"   DEPOSIT: 1 models","timestamp":"2026-02-13 21:31:39"}
{"level":"info","message":"   TRANSACTION: 1 models","timestamp":"2026-02-13 21:31:39"}
{"level":"info","message":"   USER: 1 models","timestamp":"2026-02-13 21:31:39"}
{"level":"info","message":"   ACCOUNTING: 1 models","timestamp":"2026-02-13 21:31:39"}
{"level":"info","message":"   AUDIT: 1 models","timestamp":"2026-02-13 21:31:39"}
{"level":"info","logDir":"logs","message":"🚀 Winston logger initialized","nodeVersion":"v24.13.0","platform":"win32","timestamp":"2026-02-13 21:31:31"}
{"errors":["Role 28: Permission undefined not found in REPORT","Role 28: Permission undefined not found in REPORT","Role 38: Permission undefined not found in VAULT"],"level":"warn","message":"Permission validation errors","timestamp":"2026-02-13 21:31:35"}
{"errors":["Role 28: Permission undefined not found in REPORT","Role 28: Permission undefined not found in REPORT","Role 38: Permission undefined not found in VAULT"],"level":"warn","message":"Permission validation errors","timestamp":"2026-02-13 21:31:36"}
{"level":"info","message":"Server time initialized (WAT): 2026-02-14T06:31:38.837Z","timestamp":"2026-02-13 21:31:38"}
{"error":"auditLogger.info(...).catch is not a function","level":"warn","message":"Could not log startup audit","timestamp":"2026-02-13 21:31:38"}
{"level":"info","message":"🔧 Auto-initializing models in development mode...","timestamp":"2026-02-13 21:31:39"}
{"level":"info","message":"🚀 Initializing model loader...","timestamp":"2026-02-13 21:31:39"}
{"level":"info","message":"✅ Models loaded via index.js","timestamp":"2026-02-13 21:31:39"}
{"level":"info","message":"✅ Loaded critical model User on demand","timestamp":"2026-02-13 21:31:39"}
{"level":"info","message":"✅ Loaded critical model Customer on demand","timestamp":"2026-02-13 21:31:39"}
{"level":"info","message":"✅ Loaded critical model CustomerAccount on demand","timestamp":"2026-02-13 21:31:39"}
{"level":"info","message":"✅ Loaded critical model LoanAccount on demand","timestamp":"2026-02-13 21:31:39"}
{"level":"info","message":"✅ Loaded critical model LoanRepayment on demand","timestamp":"2026-02-13 21:31:39"}
{"level":"info","message":"✅ Loaded critical model Deposit on demand","timestamp":"2026-02-13 21:31:39"}
{"level":"info","message":"✅ Loaded critical model Transaction on demand","timestamp":"2026-02-13 21:31:39"}
{"level":"info","message":"✅ Loaded critical model GLAccount on demand","timestamp":"2026-02-13 21:31:39"}
{"level":"info","message":"✅ Loaded critical model AuditTrail on demand","timestamp":"2026-02-13 21:31:39"}
{"level":"info","message":"✅ Model loader initialized successfully","timestamp":"2026-02-13 21:31:39"}
{"level":"info","message":"📊 Loaded models: sequelize, Op, DataTypes, QueryTypes, User, Customer, CustomerAccount, LoanAccount, LoanRepayment, Deposit, Transaction, GLAccount, AuditTrail","timestamp":"2026-02-13 21:31:39"}
{"level":"info","message":"📊 Model Statistics:","timestamp":"2026-02-13 21:31:39"}
{"level":"info","message":"   Total models loaded: 13","timestamp":"2026-02-13 21:31:39"}
{"level":"info","message":"   CUSTOMER: 2 models","timestamp":"2026-02-13 21:31:39"}
{"level":"info","message":"   LOAN: 2 models","timestamp":"2026-02-13 21:31:39"}
{"level":"info","message":"   DEPOSIT: 1 models","timestamp":"2026-02-13 21:31:39"}
{"level":"info","message":"   TRANSACTION: 1 models","timestamp":"2026-02-13 21:31:39"}
{"level":"info","message":"   USER: 1 models","timestamp":"2026-02-13 21:31:39"}
{"level":"info","message":"   ACCOUNTING: 1 models","timestamp":"2026-02-13 21:31:39"}
{"level":"info","message":"   AUDIT: 1 models","timestamp":"2026-02-13 21:31:39"}
{"level":"info","logDir":"logs","message":"🚀 Winston logger initialized","nodeVersion":"v24.13.0","platform":"win32","timestamp":"2026-02-13 21:31:31"}
{"errors":["Role 28: Permission undefined not found in REPORT","Role 28: Permission undefined not found in REPORT","Role 38: Permission undefined not found in VAULT"],"level":"warn","message":"Permission validation errors","timestamp":"2026-02-13 21:31:35"}
{"errors":["Role 28: Permission undefined not found in REPORT","Role 28: Permission undefined not found in REPORT","Role 38: Permission undefined not found in VAULT"],"level":"warn","message":"Permission validation errors","timestamp":"2026-02-13 21:31:36"}
{"level":"info","message":"Server time initialized (WAT): 2026-02-14T06:31:38.832Z","timestamp":"2026-02-13 21:31:38"}
{"error":"auditLogger.info(...).catch is not a function","level":"warn","message":"Could not log startup audit","timestamp":"2026-02-13 21:31:38"}
{"level":"info","message":"🔧 Auto-initializing models in development mode...","timestamp":"2026-02-13 21:31:39"}
{"level":"info","message":"🚀 Initializing model loader...","timestamp":"2026-02-13 21:31:39"}
{"level":"info","message":"✅ Models loaded via index.js","timestamp":"2026-02-13 21:31:39"}
{"level":"info","message":"✅ Loaded critical model User on demand","timestamp":"2026-02-13 21:31:39"}
{"level":"info","message":"✅ Loaded critical model Customer on demand","timestamp":"2026-02-13 21:31:39"}
{"level":"info","message":"✅ Loaded critical model CustomerAccount on demand","timestamp":"2026-02-13 21:31:39"}
{"level":"info","message":"✅ Loaded critical model LoanAccount on demand","timestamp":"2026-02-13 21:31:39"}
{"level":"info","message":"✅ Loaded critical model LoanRepayment on demand","timestamp":"2026-02-13 21:31:39"}
{"level":"info","message":"✅ Loaded critical model Deposit on demand","timestamp":"2026-02-13 21:31:39"}
{"level":"info","message":"✅ Loaded critical model Transaction on demand","timestamp":"2026-02-13 21:31:39"}
{"level":"info","message":"✅ Loaded critical model GLAccount on demand","timestamp":"2026-02-13 21:31:39"}
{"level":"info","message":"✅ Loaded critical model AuditTrail on demand","timestamp":"2026-02-13 21:31:39"}
{"level":"info","message":"✅ Model loader initialized successfully","timestamp":"2026-02-13 21:31:39"}
{"level":"info","message":"📊 Loaded models: sequelize, Op, DataTypes, QueryTypes, User, Customer, CustomerAccount, LoanAccount, LoanRepayment, Deposit, Transaction, GLAccount, AuditTrail","timestamp":"2026-02-13 21:31:39"}
{"level":"info","message":"📊 Model Statistics:","timestamp":"2026-02-13 21:31:39"}
{"level":"info","message":"   Total models loaded: 13","timestamp":"2026-02-13 21:31:39"}
{"level":"info","message":"   CUSTOMER: 2 models","timestamp":"2026-02-13 21:31:39"}
{"level":"info","message":"   LOAN: 2 models","timestamp":"2026-02-13 21:31:39"}
{"level":"info","message":"   DEPOSIT: 1 models","timestamp":"2026-02-13 21:31:39"}
{"level":"info","message":"   TRANSACTION: 1 models","timestamp":"2026-02-13 21:31:39"}
{"level":"info","message":"   USER: 1 models","timestamp":"2026-02-13 21:31:39"}
{"level":"info","message":"   ACCOUNTING: 1 models","timestamp":"2026-02-13 21:31:39"}
{"level":"info","message":"   AUDIT: 1 models","timestamp":"2026-02-13 21:31:39"}
{"level":"info","logDir":"logs","message":"🚀 Winston logger initialized","nodeVersion":"v24.13.0","platform":"win32","timestamp":"2026-02-13 21:33:05"}
{"errors":["Role 28: Permission undefined not found in REPORT","Role 28: Permission undefined not found in REPORT","Role 38: Permission undefined not found in VAULT"],"level":"warn","message":"Permission validation errors","timestamp":"2026-02-13 21:33:09"}
{"errors":["Role 28: Permission undefined not found in REPORT","Role 28: Permission undefined not found in REPORT","Role 38: Permission undefined not found in VAULT"],"level":"warn","message":"Permission validation errors","timestamp":"2026-02-13 21:33:10"}
{"level":"info","message":"Server time initialized (WAT): 2026-02-14T06:33:12.740Z","timestamp":"2026-02-13 21:33:12"}
{"error":"auditLogger.info(...).catch is not a function","level":"warn","message":"Could not log startup audit","timestamp":"2026-02-13 21:33:12"}
{"level":"info","message":"🔧 Auto-initializing models in development mode...","timestamp":"2026-02-13 21:33:13"}
{"level":"info","message":"🚀 Initializing model loader...","timestamp":"2026-02-13 21:33:13"}
{"level":"info","message":"✅ Models loaded via index.js","timestamp":"2026-02-13 21:33:13"}
{"level":"info","message":"✅ Loaded critical model User on demand","timestamp":"2026-02-13 21:33:13"}
{"level":"info","message":"✅ Loaded critical model Customer on demand","timestamp":"2026-02-13 21:33:13"}
{"level":"info","message":"✅ Loaded critical model CustomerAccount on demand","timestamp":"2026-02-13 21:33:13"}
{"level":"info","message":"✅ Loaded critical model LoanAccount on demand","timestamp":"2026-02-13 21:33:13"}
{"level":"info","message":"✅ Loaded critical model LoanRepayment on demand","timestamp":"2026-02-13 21:33:13"}
{"level":"info","message":"✅ Loaded critical model Deposit on demand","timestamp":"2026-02-13 21:33:13"}
{"level":"info","message":"✅ Loaded critical model Transaction on demand","timestamp":"2026-02-13 21:33:13"}
{"level":"info","message":"✅ Loaded critical model GLAccount on demand","timestamp":"2026-02-13 21:33:13"}
{"level":"info","message":"✅ Loaded critical model AuditTrail on demand","timestamp":"2026-02-13 21:33:13"}
{"level":"info","message":"✅ Model loader initialized successfully","timestamp":"2026-02-13 21:33:13"}
{"level":"info","message":"📊 Loaded models: sequelize, Op, DataTypes, QueryTypes, User, Customer, CustomerAccount, LoanAccount, LoanRepayment, Deposit, Transaction, GLAccount, AuditTrail","timestamp":"2026-02-13 21:33:13"}
{"level":"info","message":"📊 Model Statistics:","timestamp":"2026-02-13 21:33:13"}
{"level":"info","message":"   Total models loaded: 13","timestamp":"2026-02-13 21:33:13"}
{"level":"info","message":"   CUSTOMER: 2 models","timestamp":"2026-02-13 21:33:13"}
{"level":"info","message":"   LOAN: 2 models","timestamp":"2026-02-13 21:33:13"}
{"level":"info","message":"   DEPOSIT: 1 models","timestamp":"2026-02-13 21:33:13"}
{"level":"info","message":"   TRANSACTION: 1 models","timestamp":"2026-02-13 21:33:13"}
{"level":"info","message":"   USER: 1 models","timestamp":"2026-02-13 21:33:13"}
{"level":"info","message":"   ACCOUNTING: 1 models","timestamp":"2026-02-13 21:33:13"}
{"level":"info","message":"   AUDIT: 1 models","timestamp":"2026-02-13 21:33:13"}
{"level":"info","logDir":"logs","message":"🚀 Winston logger initialized","nodeVersion":"v24.13.0","platform":"win32","timestamp":"2026-02-13 21:33:05"}
{"errors":["Role 28: Permission undefined not found in REPORT","Role 28: Permission undefined not found in REPORT","Role 38: Permission undefined not found in VAULT"],"level":"warn","message":"Permission validation errors","timestamp":"2026-02-13 21:33:09"}
{"errors":["Role 28: Permission undefined not found in REPORT","Role 28: Permission undefined not found in REPORT","Role 38: Permission undefined not found in VAULT"],"level":"warn","message":"Permission validation errors","timestamp":"2026-02-13 21:33:10"}
{"level":"info","message":"Server time initialized (WAT): 2026-02-14T06:33:12.728Z","timestamp":"2026-02-13 21:33:12"}
{"error":"auditLogger.info(...).catch is not a function","level":"warn","message":"Could not log startup audit","timestamp":"2026-02-13 21:33:12"}
{"level":"info","message":"🔧 Auto-initializing models in development mode...","timestamp":"2026-02-13 21:33:13"}
{"level":"info","message":"🚀 Initializing model loader...","timestamp":"2026-02-13 21:33:13"}
{"level":"info","message":"✅ Models loaded via index.js","timestamp":"2026-02-13 21:33:13"}
{"level":"info","message":"✅ Loaded critical model User on demand","timestamp":"2026-02-13 21:33:13"}
{"level":"info","message":"✅ Loaded critical model Customer on demand","timestamp":"2026-02-13 21:33:13"}
{"level":"info","message":"✅ Loaded critical model CustomerAccount on demand","timestamp":"2026-02-13 21:33:13"}
{"level":"info","message":"✅ Loaded critical model LoanAccount on demand","timestamp":"2026-02-13 21:33:13"}
{"level":"info","message":"✅ Loaded critical model LoanRepayment on demand","timestamp":"2026-02-13 21:33:13"}
{"level":"info","message":"✅ Loaded critical model Deposit on demand","timestamp":"2026-02-13 21:33:13"}
{"level":"info","message":"✅ Loaded critical model Transaction on demand","timestamp":"2026-02-13 21:33:13"}
{"level":"info","message":"✅ Loaded critical model GLAccount on demand","timestamp":"2026-02-13 21:33:13"}
{"level":"info","message":"✅ Loaded critical model AuditTrail on demand","timestamp":"2026-02-13 21:33:13"}
{"level":"info","message":"✅ Model loader initialized successfully","timestamp":"2026-02-13 21:33:13"}
{"level":"info","message":"📊 Loaded models: sequelize, Op, DataTypes, QueryTypes, User, Customer, CustomerAccount, LoanAccount, LoanRepayment, Deposit, Transaction, GLAccount, AuditTrail","timestamp":"2026-02-13 21:33:13"}
{"level":"info","message":"📊 Model Statistics:","timestamp":"2026-02-13 21:33:13"}
{"level":"info","message":"   Total models loaded: 13","timestamp":"2026-02-13 21:33:13"}
{"level":"info","message":"   CUSTOMER: 2 models","timestamp":"2026-02-13 21:33:13"}
{"level":"info","message":"   LOAN: 2 models","timestamp":"2026-02-13 21:33:13"}
{"level":"info","message":"   DEPOSIT: 1 models","timestamp":"2026-02-13 21:33:13"}
{"level":"info","message":"   TRANSACTION: 1 models","timestamp":"2026-02-13 21:33:13"}
{"level":"info","message":"   USER: 1 models","timestamp":"2026-02-13 21:33:13"}
{"level":"info","message":"   ACCOUNTING: 1 models","timestamp":"2026-02-13 21:33:13"}
{"level":"info","message":"   AUDIT: 1 models","timestamp":"2026-02-13 21:33:13"}
{"level":"info","logDir":"logs","message":"🚀 Winston logger initialized","nodeVersion":"v24.13.0","platform":"win32","timestamp":"2026-02-13 21:33:05"}
{"errors":["Role 28: Permission undefined not found in REPORT","Role 28: Permission undefined not found in REPORT","Role 38: Permission undefined not found in VAULT"],"level":"warn","message":"Permission validation errors","timestamp":"2026-02-13 21:33:09"}
{"errors":["Role 28: Permission undefined not found in REPORT","Role 28: Permission undefined not found in REPORT","Role 38: Permission undefined not found in VAULT"],"level":"warn","message":"Permission validation errors","timestamp":"2026-02-13 21:33:10"}
{"level":"info","message":"Server time initialized (WAT): 2026-02-14T06:33:12.732Z","timestamp":"2026-02-13 21:33:12"}
{"error":"auditLogger.info(...).catch is not a function","level":"warn","message":"Could not log startup audit","timestamp":"2026-02-13 21:33:12"}
{"level":"info","message":"🔧 Auto-initializing models in development mode...","timestamp":"2026-02-13 21:33:13"}
{"level":"info","message":"🚀 Initializing model loader...","timestamp":"2026-02-13 21:33:13"}
{"level":"info","message":"✅ Models loaded via index.js","timestamp":"2026-02-13 21:33:13"}
{"level":"info","message":"✅ Loaded critical model User on demand","timestamp":"2026-02-13 21:33:13"}
{"level":"info","message":"✅ Loaded critical model Customer on demand","timestamp":"2026-02-13 21:33:13"}
{"level":"info","message":"✅ Loaded critical model CustomerAccount on demand","timestamp":"2026-02-13 21:33:13"}
{"level":"info","message":"✅ Loaded critical model LoanAccount on demand","timestamp":"2026-02-13 21:33:13"}
{"level":"info","message":"✅ Loaded critical model LoanRepayment on demand","timestamp":"2026-02-13 21:33:13"}
{"level":"info","message":"✅ Loaded critical model Deposit on demand","timestamp":"2026-02-13 21:33:13"}
{"level":"info","message":"✅ Loaded critical model Transaction on demand","timestamp":"2026-02-13 21:33:13"}
{"level":"info","message":"✅ Loaded critical model GLAccount on demand","timestamp":"2026-02-13 21:33:13"}
{"level":"info","message":"✅ Loaded critical model AuditTrail on demand","timestamp":"2026-02-13 21:33:13"}
{"level":"info","message":"✅ Model loader initialized successfully","timestamp":"2026-02-13 21:33:13"}
{"level":"info","message":"📊 Loaded models: sequelize, Op, DataTypes, QueryTypes, User, Customer, CustomerAccount, LoanAccount, LoanRepayment, Deposit, Transaction, GLAccount, AuditTrail","timestamp":"2026-02-13 21:33:13"}
{"level":"info","message":"📊 Model Statistics:","timestamp":"2026-02-13 21:33:13"}
{"level":"info","message":"   Total models loaded: 13","timestamp":"2026-02-13 21:33:13"}
{"level":"info","message":"   CUSTOMER: 2 models","timestamp":"2026-02-13 21:33:13"}
{"level":"info","message":"   LOAN: 2 models","timestamp":"2026-02-13 21:33:13"}
{"level":"info","message":"   DEPOSIT: 1 models","timestamp":"2026-02-13 21:33:13"}
{"level":"info","message":"   TRANSACTION: 1 models","timestamp":"2026-02-13 21:33:13"}
{"level":"info","message":"   USER: 1 models","timestamp":"2026-02-13 21:33:13"}
{"level":"info","message":"   ACCOUNTING: 1 models","timestamp":"2026-02-13 21:33:13"}
{"level":"info","message":"   AUDIT: 1 models","timestamp":"2026-02-13 21:33:13"}
{"level":"info","logDir":"logs","message":"🚀 Winston logger initialized","nodeVersion":"v24.13.0","platform":"win32","timestamp":"2026-02-13 21:33:05"}
{"errors":["Role 28: Permission undefined not found in REPORT","Role 28: Permission undefined not found in REPORT","Role 38: Permission undefined not found in VAULT"],"level":"warn","message":"Permission validation errors","timestamp":"2026-02-13 21:33:09"}
{"errors":["Role 28: Permission undefined not found in REPORT","Role 28: Permission undefined not found in REPORT","Role 38: Permission undefined not found in VAULT"],"level":"warn","message":"Permission validation errors","timestamp":"2026-02-13 21:33:10"}
{"level":"info","message":"Server time initialized (WAT): 2026-02-14T06:33:12.718Z","timestamp":"2026-02-13 21:33:12"}
{"error":"auditLogger.info(...).catch is not a function","level":"warn","message":"Could not log startup audit","timestamp":"2026-02-13 21:33:12"}
{"level":"info","message":"🔧 Auto-initializing models in development mode...","timestamp":"2026-02-13 21:33:13"}
{"level":"info","message":"🚀 Initializing model loader...","timestamp":"2026-02-13 21:33:13"}
{"level":"info","message":"✅ Models loaded via index.js","timestamp":"2026-02-13 21:33:13"}
{"level":"info","message":"✅ Loaded critical model User on demand","timestamp":"2026-02-13 21:33:13"}
{"level":"info","message":"✅ Loaded critical model Customer on demand","timestamp":"2026-02-13 21:33:13"}
{"level":"info","message":"✅ Loaded critical model CustomerAccount on demand","timestamp":"2026-02-13 21:33:13"}
{"level":"info","message":"✅ Loaded critical model LoanAccount on demand","timestamp":"2026-02-13 21:33:13"}
{"level":"info","message":"✅ Loaded critical model LoanRepayment on demand","timestamp":"2026-02-13 21:33:13"}
{"level":"info","message":"✅ Loaded critical model Deposit on demand","timestamp":"2026-02-13 21:33:13"}
{"level":"info","message":"✅ Loaded critical model Transaction on demand","timestamp":"2026-02-13 21:33:13"}
{"level":"info","message":"✅ Loaded critical model GLAccount on demand","timestamp":"2026-02-13 21:33:13"}
{"level":"info","message":"✅ Loaded critical model AuditTrail on demand","timestamp":"2026-02-13 21:33:13"}
{"level":"info","message":"✅ Model loader initialized successfully","timestamp":"2026-02-13 21:33:13"}
{"level":"info","message":"📊 Loaded models: sequelize, Op, DataTypes, QueryTypes, User, Customer, CustomerAccount, LoanAccount, LoanRepayment, Deposit, Transaction, GLAccount, AuditTrail","timestamp":"2026-02-13 21:33:13"}
{"level":"info","message":"📊 Model Statistics:","timestamp":"2026-02-13 21:33:13"}
{"level":"info","message":"   Total models loaded: 13","timestamp":"2026-02-13 21:33:13"}
{"level":"info","message":"   CUSTOMER: 2 models","timestamp":"2026-02-13 21:33:13"}
{"level":"info","message":"   LOAN: 2 models","timestamp":"2026-02-13 21:33:13"}
{"level":"info","message":"   DEPOSIT: 1 models","timestamp":"2026-02-13 21:33:13"}
{"level":"info","message":"   TRANSACTION: 1 models","timestamp":"2026-02-13 21:33:13"}
{"level":"info","message":"   USER: 1 models","timestamp":"2026-02-13 21:33:13"}
{"level":"info","message":"   ACCOUNTING: 1 models","timestamp":"2026-02-13 21:33:13"}
{"level":"info","message":"   AUDIT: 1 models","timestamp":"2026-02-13 21:33:13"}
{"level":"info","logDir":"logs","message":"🚀 Winston logger initialized","nodeVersion":"v24.13.0","platform":"win32","timestamp":"2026-02-13 21:34:38"}
{"errors":["Role 28: Permission undefined not found in REPORT","Role 28: Permission undefined not found in REPORT","Role 38: Permission undefined not found in VAULT"],"level":"warn","message":"Permission validation errors","timestamp":"2026-02-13 21:34:41"}
{"errors":["Role 28: Permission undefined not found in REPORT","Role 28: Permission undefined not found in REPORT","Role 38: Permission undefined not found in VAULT"],"level":"warn","message":"Permission validation errors","timestamp":"2026-02-13 21:34:42"}
{"level":"info","message":"Server time initialized (WAT): 2026-02-14T06:34:45.095Z","timestamp":"2026-02-13 21:34:45"}
{"error":"auditLogger.info(...).catch is not a function","level":"warn","message":"Could not log startup audit","timestamp":"2026-02-13 21:34:45"}
{"level":"info","message":"🔧 Auto-initializing models in development mode...","timestamp":"2026-02-13 21:34:45"}
{"level":"info","message":"🚀 Initializing model loader...","timestamp":"2026-02-13 21:34:45"}
{"level":"info","message":"✅ Models loaded via index.js","timestamp":"2026-02-13 21:34:45"}
{"level":"info","message":"✅ Loaded critical model User on demand","timestamp":"2026-02-13 21:34:45"}
{"level":"info","message":"✅ Loaded critical model Customer on demand","timestamp":"2026-02-13 21:34:45"}
{"level":"info","message":"✅ Loaded critical model CustomerAccount on demand","timestamp":"2026-02-13 21:34:45"}
{"level":"info","message":"✅ Loaded critical model LoanAccount on demand","timestamp":"2026-02-13 21:34:45"}
{"level":"info","message":"✅ Loaded critical model LoanRepayment on demand","timestamp":"2026-02-13 21:34:45"}
{"level":"info","message":"✅ Loaded critical model Deposit on demand","timestamp":"2026-02-13 21:34:45"}
{"level":"info","message":"✅ Loaded critical model Transaction on demand","timestamp":"2026-02-13 21:34:45"}
{"level":"info","message":"✅ Loaded critical model GLAccount on demand","timestamp":"2026-02-13 21:34:45"}
{"level":"info","message":"✅ Loaded critical model AuditTrail on demand","timestamp":"2026-02-13 21:34:45"}
{"level":"info","message":"✅ Model loader initialized successfully","timestamp":"2026-02-13 21:34:45"}
{"level":"info","message":"📊 Loaded models: sequelize, Op, DataTypes, QueryTypes, User, Customer, CustomerAccount, LoanAccount, LoanRepayment, Deposit, Transaction, GLAccount, AuditTrail","timestamp":"2026-02-13 21:34:45"}
{"level":"info","message":"📊 Model Statistics:","timestamp":"2026-02-13 21:34:45"}
{"level":"info","message":"   Total models loaded: 13","timestamp":"2026-02-13 21:34:45"}
{"level":"info","message":"   CUSTOMER: 2 models","timestamp":"2026-02-13 21:34:45"}
{"level":"info","message":"   LOAN: 2 models","timestamp":"2026-02-13 21:34:45"}
{"level":"info","message":"   DEPOSIT: 1 models","timestamp":"2026-02-13 21:34:45"}
{"level":"info","message":"   TRANSACTION: 1 models","timestamp":"2026-02-13 21:34:45"}
{"level":"info","message":"   USER: 1 models","timestamp":"2026-02-13 21:34:45"}
{"level":"info","message":"   ACCOUNTING: 1 models","timestamp":"2026-02-13 21:34:45"}
{"level":"info","message":"   AUDIT: 1 models","timestamp":"2026-02-13 21:34:45"}
{"level":"info","logDir":"logs","message":"🚀 Winston logger initialized","nodeVersion":"v24.13.0","platform":"win32","timestamp":"2026-02-13 21:34:38"}
{"errors":["Role 28: Permission undefined not found in REPORT","Role 28: Permission undefined not found in REPORT","Role 38: Permission undefined not found in VAULT"],"level":"warn","message":"Permission validation errors","timestamp":"2026-02-13 21:34:41"}
{"errors":["Role 28: Permission undefined not found in REPORT","Role 28: Permission undefined not found in REPORT","Role 38: Permission undefined not found in VAULT"],"level":"warn","message":"Permission validation errors","timestamp":"2026-02-13 21:34:42"}
{"level":"info","message":"Server time initialized (WAT): 2026-02-14T06:34:45.086Z","timestamp":"2026-02-13 21:34:45"}
{"error":"auditLogger.info(...).catch is not a function","level":"warn","message":"Could not log startup audit","timestamp":"2026-02-13 21:34:45"}
{"level":"info","message":"🔧 Auto-initializing models in development mode...","timestamp":"2026-02-13 21:34:45"}
{"level":"info","message":"🚀 Initializing model loader...","timestamp":"2026-02-13 21:34:45"}
{"level":"info","message":"✅ Models loaded via index.js","timestamp":"2026-02-13 21:34:45"}
{"level":"info","message":"✅ Loaded critical model User on demand","timestamp":"2026-02-13 21:34:45"}
{"level":"info","message":"✅ Loaded critical model Customer on demand","timestamp":"2026-02-13 21:34:45"}
{"level":"info","message":"✅ Loaded critical model CustomerAccount on demand","timestamp":"2026-02-13 21:34:45"}
{"level":"info","message":"✅ Loaded critical model LoanAccount on demand","timestamp":"2026-02-13 21:34:45"}
{"level":"info","message":"✅ Loaded critical model LoanRepayment on demand","timestamp":"2026-02-13 21:34:45"}
{"level":"info","message":"✅ Loaded critical model Deposit on demand","timestamp":"2026-02-13 21:34:45"}
{"level":"info","message":"✅ Loaded critical model Transaction on demand","timestamp":"2026-02-13 21:34:45"}
{"level":"info","message":"✅ Loaded critical model GLAccount on demand","timestamp":"2026-02-13 21:34:45"}
{"level":"info","message":"✅ Loaded critical model AuditTrail on demand","timestamp":"2026-02-13 21:34:45"}
{"level":"info","message":"✅ Model loader initialized successfully","timestamp":"2026-02-13 21:34:45"}
{"level":"info","message":"📊 Loaded models: sequelize, Op, DataTypes, QueryTypes, User, Customer, CustomerAccount, LoanAccount, LoanRepayment, Deposit, Transaction, GLAccount, AuditTrail","timestamp":"2026-02-13 21:34:45"}
{"level":"info","message":"📊 Model Statistics:","timestamp":"2026-02-13 21:34:45"}
{"level":"info","message":"   Total models loaded: 13","timestamp":"2026-02-13 21:34:45"}
{"level":"info","message":"   CUSTOMER: 2 models","timestamp":"2026-02-13 21:34:45"}
{"level":"info","message":"   LOAN: 2 models","timestamp":"2026-02-13 21:34:45"}
{"level":"info","message":"   DEPOSIT: 1 models","timestamp":"2026-02-13 21:34:45"}
{"level":"info","message":"   TRANSACTION: 1 models","timestamp":"2026-02-13 21:34:45"}
{"level":"info","message":"   USER: 1 models","timestamp":"2026-02-13 21:34:45"}
{"level":"info","message":"   ACCOUNTING: 1 models","timestamp":"2026-02-13 21:34:45"}
{"level":"info","message":"   AUDIT: 1 models","timestamp":"2026-02-13 21:34:45"}
{"level":"info","logDir":"logs","message":"🚀 Winston logger initialized","nodeVersion":"v24.13.0","platform":"win32","timestamp":"2026-02-13 21:34:38"}
{"errors":["Role 28: Permission undefined not found in REPORT","Role 28: Permission undefined not found in REPORT","Role 38: Permission undefined not found in VAULT"],"level":"warn","message":"Permission validation errors","timestamp":"2026-02-13 21:34:41"}
{"errors":["Role 28: Permission undefined not found in REPORT","Role 28: Permission undefined not found in REPORT","Role 38: Permission undefined not found in VAULT"],"level":"warn","message":"Permission validation errors","timestamp":"2026-02-13 21:34:42"}
{"level":"info","message":"Server time initialized (WAT): 2026-02-14T06:34:45.091Z","timestamp":"2026-02-13 21:34:45"}
{"error":"auditLogger.info(...).catch is not a function","level":"warn","message":"Could not log startup audit","timestamp":"2026-02-13 21:34:45"}
{"level":"info","message":"🔧 Auto-initializing models in development mode...","timestamp":"2026-02-13 21:34:45"}
{"level":"info","message":"🚀 Initializing model loader...","timestamp":"2026-02-13 21:34:45"}
{"level":"info","message":"✅ Models loaded via index.js","timestamp":"2026-02-13 21:34:45"}
{"level":"info","message":"✅ Loaded critical model User on demand","timestamp":"2026-02-13 21:34:45"}
{"level":"info","message":"✅ Loaded critical model Customer on demand","timestamp":"2026-02-13 21:34:45"}
{"level":"info","message":"✅ Loaded critical model CustomerAccount on demand","timestamp":"2026-02-13 21:34:45"}
{"level":"info","message":"✅ Loaded critical model LoanAccount on demand","timestamp":"2026-02-13 21:34:45"}
{"level":"info","message":"✅ Loaded critical model LoanRepayment on demand","timestamp":"2026-02-13 21:34:45"}
{"level":"info","message":"✅ Loaded critical model Deposit on demand","timestamp":"2026-02-13 21:34:45"}
{"level":"info","message":"✅ Loaded critical model Transaction on demand","timestamp":"2026-02-13 21:34:45"}
{"level":"info","message":"✅ Loaded critical model GLAccount on demand","timestamp":"2026-02-13 21:34:45"}
{"level":"info","message":"✅ Loaded critical model AuditTrail on demand","timestamp":"2026-02-13 21:34:45"}
{"level":"info","message":"✅ Model loader initialized successfully","timestamp":"2026-02-13 21:34:45"}
{"level":"info","message":"📊 Loaded models: sequelize, Op, DataTypes, QueryTypes, User, Customer, CustomerAccount, LoanAccount, LoanRepayment, Deposit, Transaction, GLAccount, AuditTrail","timestamp":"2026-02-13 21:34:45"}
{"level":"info","message":"📊 Model Statistics:","timestamp":"2026-02-13 21:34:45"}
{"level":"info","message":"   Total models loaded: 13","timestamp":"2026-02-13 21:34:45"}
{"level":"info","message":"   CUSTOMER: 2 models","timestamp":"2026-02-13 21:34:45"}
{"level":"info","message":"   LOAN: 2 models","timestamp":"2026-02-13 21:34:45"}
{"level":"info","message":"   DEPOSIT: 1 models","timestamp":"2026-02-13 21:34:45"}
{"level":"info","message":"   TRANSACTION: 1 models","timestamp":"2026-02-13 21:34:45"}
{"level":"info","message":"   USER: 1 models","timestamp":"2026-02-13 21:34:45"}
{"level":"info","message":"   ACCOUNTING: 1 models","timestamp":"2026-02-13 21:34:45"}
{"level":"info","message":"   AUDIT: 1 models","timestamp":"2026-02-13 21:34:45"}
{"level":"info","logDir":"logs","message":"🚀 Winston logger initialized","nodeVersion":"v24.13.0","platform":"win32","timestamp":"2026-02-13 21:34:38"}
{"errors":["Role 28: Permission undefined not found in REPORT","Role 28: Permission undefined not found in REPORT","Role 38: Permission undefined not found in VAULT"],"level":"warn","message":"Permission validation errors","timestamp":"2026-02-13 21:34:41"}
{"errors":["Role 28: Permission undefined not found in REPORT","Role 28: Permission undefined not found in REPORT","Role 38: Permission undefined not found in VAULT"],"level":"warn","message":"Permission validation errors","timestamp":"2026-02-13 21:34:42"}
{"level":"info","message":"Server time initialized (WAT): 2026-02-14T06:34:45.084Z","timestamp":"2026-02-13 21:34:45"}
{"error":"auditLogger.info(...).catch is not a function","level":"warn","message":"Could not log startup audit","timestamp":"2026-02-13 21:34:45"}
{"level":"info","message":"🔧 Auto-initializing models in development mode...","timestamp":"2026-02-13 21:34:45"}
{"level":"info","message":"🚀 Initializing model loader...","timestamp":"2026-02-13 21:34:45"}
{"level":"info","message":"✅ Models loaded via index.js","timestamp":"2026-02-13 21:34:45"}
{"level":"info","message":"✅ Loaded critical model User on demand","timestamp":"2026-02-13 21:34:45"}
{"level":"info","message":"✅ Loaded critical model Customer on demand","timestamp":"2026-02-13 21:34:45"}
{"level":"info","message":"✅ Loaded critical model CustomerAccount on demand","timestamp":"2026-02-13 21:34:45"}
{"level":"info","message":"✅ Loaded critical model LoanAccount on demand","timestamp":"2026-02-13 21:34:45"}
{"level":"info","message":"✅ Loaded critical model LoanRepayment on demand","timestamp":"2026-02-13 21:34:45"}
{"level":"info","message":"✅ Loaded critical model Deposit on demand","timestamp":"2026-02-13 21:34:45"}
{"level":"info","message":"✅ Loaded critical model Transaction on demand","timestamp":"2026-02-13 21:34:45"}
{"level":"info","message":"✅ Loaded critical model GLAccount on demand","timestamp":"2026-02-13 21:34:45"}
{"level":"info","message":"✅ Loaded critical model AuditTrail on demand","timestamp":"2026-02-13 21:34:45"}
{"level":"info","message":"✅ Model loader initialized successfully","timestamp":"2026-02-13 21:34:45"}
{"level":"info","message":"📊 Loaded models: sequelize, Op, DataTypes, QueryTypes, User, Customer, CustomerAccount, LoanAccount, LoanRepayment, Deposit, Transaction, GLAccount, AuditTrail","timestamp":"2026-02-13 21:34:45"}
{"level":"info","message":"📊 Model Statistics:","timestamp":"2026-02-13 21:34:45"}
{"level":"info","message":"   Total models loaded: 13","timestamp":"2026-02-13 21:34:45"}
{"level":"info","message":"   CUSTOMER: 2 models","timestamp":"2026-02-13 21:34:45"}
{"level":"info","message":"   LOAN: 2 models","timestamp":"2026-02-13 21:34:45"}
{"level":"info","message":"   DEPOSIT: 1 models","timestamp":"2026-02-13 21:34:45"}
{"level":"info","message":"   TRANSACTION: 1 models","timestamp":"2026-02-13 21:34:45"}
{"level":"info","message":"   USER: 1 models","timestamp":"2026-02-13 21:34:45"}
{"level":"info","message":"   ACCOUNTING: 1 models","timestamp":"2026-02-13 21:34:45"}
{"level":"info","message":"   AUDIT: 1 models","timestamp":"2026-02-13 21:34:45"}
{"level":"info","logDir":"logs","message":"🚀 Winston logger initialized","nodeVersion":"v24.13.0","platform":"win32","timestamp":"2026-02-13 21:36:10"}
{"errors":["Role 28: Permission undefined not found in REPORT","Role 28: Permission undefined not found in REPORT","Role 38: Permission undefined not found in VAULT"],"level":"warn","message":"Permission validation errors","timestamp":"2026-02-13 21:36:13"}
{"errors":["Role 28: Permission undefined not found in REPORT","Role 28: Permission undefined not found in REPORT","Role 38: Permission undefined not found in VAULT"],"level":"warn","message":"Permission validation errors","timestamp":"2026-02-13 21:36:14"}
{"level":"info","message":"Server time initialized (WAT): 2026-02-14T06:36:17.110Z","timestamp":"2026-02-13 21:36:17"}
{"error":"auditLogger.info(...).catch is not a function","level":"warn","message":"Could not log startup audit","timestamp":"2026-02-13 21:36:17"}
{"level":"info","message":"🔧 Auto-initializing models in development mode...","timestamp":"2026-02-13 21:36:17"}
{"level":"info","message":"🚀 Initializing model loader...","timestamp":"2026-02-13 21:36:17"}
{"level":"info","message":"✅ Models loaded via index.js","timestamp":"2026-02-13 21:36:17"}
{"level":"info","message":"✅ Loaded critical model User on demand","timestamp":"2026-02-13 21:36:17"}
{"level":"info","message":"✅ Loaded critical model Customer on demand","timestamp":"2026-02-13 21:36:17"}
{"level":"info","message":"✅ Loaded critical model CustomerAccount on demand","timestamp":"2026-02-13 21:36:17"}
{"level":"info","message":"✅ Loaded critical model LoanAccount on demand","timestamp":"2026-02-13 21:36:17"}
{"level":"info","message":"✅ Loaded critical model LoanRepayment on demand","timestamp":"2026-02-13 21:36:17"}
{"level":"info","message":"✅ Loaded critical model Deposit on demand","timestamp":"2026-02-13 21:36:17"}
{"level":"info","message":"✅ Loaded critical model Transaction on demand","timestamp":"2026-02-13 21:36:17"}
{"level":"info","message":"✅ Loaded critical model GLAccount on demand","timestamp":"2026-02-13 21:36:17"}
{"level":"info","message":"✅ Loaded critical model AuditTrail on demand","timestamp":"2026-02-13 21:36:17"}
{"level":"info","message":"✅ Model loader initialized successfully","timestamp":"2026-02-13 21:36:17"}
{"level":"info","message":"📊 Loaded models: sequelize, Op, DataTypes, QueryTypes, User, Customer, CustomerAccount, LoanAccount, LoanRepayment, Deposit, Transaction, GLAccount, AuditTrail","timestamp":"2026-02-13 21:36:17"}
{"level":"info","message":"📊 Model Statistics:","timestamp":"2026-02-13 21:36:17"}
{"level":"info","message":"   Total models loaded: 13","timestamp":"2026-02-13 21:36:17"}
{"level":"info","message":"   CUSTOMER: 2 models","timestamp":"2026-02-13 21:36:17"}
{"level":"info","message":"   LOAN: 2 models","timestamp":"2026-02-13 21:36:17"}
{"level":"info","message":"   DEPOSIT: 1 models","timestamp":"2026-02-13 21:36:17"}
{"level":"info","message":"   TRANSACTION: 1 models","timestamp":"2026-02-13 21:36:17"}
{"level":"info","message":"   USER: 1 models","timestamp":"2026-02-13 21:36:17"}
{"level":"info","message":"   ACCOUNTING: 1 models","timestamp":"2026-02-13 21:36:17"}
{"level":"info","message":"   AUDIT: 1 models","timestamp":"2026-02-13 21:36:17"}
{"level":"info","logDir":"logs","message":"🚀 Winston logger initialized","nodeVersion":"v24.13.0","platform":"win32","timestamp":"2026-02-13 21:36:10"}
{"errors":["Role 28: Permission undefined not found in REPORT","Role 28: Permission undefined not found in REPORT","Role 38: Permission undefined not found in VAULT"],"level":"warn","message":"Permission validation errors","timestamp":"2026-02-13 21:36:13"}
{"errors":["Role 28: Permission undefined not found in REPORT","Role 28: Permission undefined not found in REPORT","Role 38: Permission undefined not found in VAULT"],"level":"warn","message":"Permission validation errors","timestamp":"2026-02-13 21:36:14"}
{"level":"info","message":"Server time initialized (WAT): 2026-02-14T06:36:17.100Z","timestamp":"2026-02-13 21:36:17"}
{"error":"auditLogger.info(...).catch is not a function","level":"warn","message":"Could not log startup audit","timestamp":"2026-02-13 21:36:17"}
{"level":"info","message":"🔧 Auto-initializing models in development mode...","timestamp":"2026-02-13 21:36:17"}
{"level":"info","message":"🚀 Initializing model loader...","timestamp":"2026-02-13 21:36:17"}
{"level":"info","message":"✅ Models loaded via index.js","timestamp":"2026-02-13 21:36:17"}
{"level":"info","message":"✅ Loaded critical model User on demand","timestamp":"2026-02-13 21:36:17"}
{"level":"info","message":"✅ Loaded critical model Customer on demand","timestamp":"2026-02-13 21:36:17"}
{"level":"info","message":"✅ Loaded critical model CustomerAccount on demand","timestamp":"2026-02-13 21:36:17"}
{"level":"info","message":"✅ Loaded critical model LoanAccount on demand","timestamp":"2026-02-13 21:36:17"}
{"level":"info","message":"✅ Loaded critical model LoanRepayment on demand","timestamp":"2026-02-13 21:36:17"}
{"level":"info","message":"✅ Loaded critical model Deposit on demand","timestamp":"2026-02-13 21:36:17"}
{"level":"info","message":"✅ Loaded critical model Transaction on demand","timestamp":"2026-02-13 21:36:17"}
{"level":"info","message":"✅ Loaded critical model GLAccount on demand","timestamp":"2026-02-13 21:36:17"}
{"level":"info","message":"✅ Loaded critical model AuditTrail on demand","timestamp":"2026-02-13 21:36:17"}
{"level":"info","message":"✅ Model loader initialized successfully","timestamp":"2026-02-13 21:36:17"}
{"level":"info","message":"📊 Loaded models: sequelize, Op, DataTypes, QueryTypes, User, Customer, CustomerAccount, LoanAccount, LoanRepayment, Deposit, Transaction, GLAccount, AuditTrail","timestamp":"2026-02-13 21:36:17"}
{"level":"info","message":"📊 Model Statistics:","timestamp":"2026-02-13 21:36:17"}
{"level":"info","message":"   Total models loaded: 13","timestamp":"2026-02-13 21:36:17"}
{"level":"info","message":"   CUSTOMER: 2 models","timestamp":"2026-02-13 21:36:17"}
{"level":"info","message":"   LOAN: 2 models","timestamp":"2026-02-13 21:36:17"}
{"level":"info","message":"   DEPOSIT: 1 models","timestamp":"2026-02-13 21:36:17"}
{"level":"info","message":"   TRANSACTION: 1 models","timestamp":"2026-02-13 21:36:17"}
{"level":"info","message":"   USER: 1 models","timestamp":"2026-02-13 21:36:17"}
{"level":"info","message":"   ACCOUNTING: 1 models","timestamp":"2026-02-13 21:36:17"}
{"level":"info","message":"   AUDIT: 1 models","timestamp":"2026-02-13 21:36:17"}
{"level":"info","logDir":"logs","message":"🚀 Winston logger initialized","nodeVersion":"v24.13.0","platform":"win32","timestamp":"2026-02-13 21:36:10"}
{"errors":["Role 28: Permission undefined not found in REPORT","Role 28: Permission undefined not found in REPORT","Role 38: Permission undefined not found in VAULT"],"level":"warn","message":"Permission validation errors","timestamp":"2026-02-13 21:36:14"}
{"errors":["Role 28: Permission undefined not found in REPORT","Role 28: Permission undefined not found in REPORT","Role 38: Permission undefined not found in VAULT"],"level":"warn","message":"Permission validation errors","timestamp":"2026-02-13 21:36:14"}
{"level":"info","message":"Server time initialized (WAT): 2026-02-14T06:36:17.104Z","timestamp":"2026-02-13 21:36:17"}
{"error":"auditLogger.info(...).catch is not a function","level":"warn","message":"Could not log startup audit","timestamp":"2026-02-13 21:36:17"}
{"level":"info","message":"🔧 Auto-initializing models in development mode...","timestamp":"2026-02-13 21:36:17"}
{"level":"info","message":"🚀 Initializing model loader...","timestamp":"2026-02-13 21:36:17"}
{"level":"info","message":"✅ Models loaded via index.js","timestamp":"2026-02-13 21:36:17"}
{"level":"info","message":"✅ Loaded critical model User on demand","timestamp":"2026-02-13 21:36:17"}
{"level":"info","message":"✅ Loaded critical model Customer on demand","timestamp":"2026-02-13 21:36:17"}
{"level":"info","message":"✅ Loaded critical model CustomerAccount on demand","timestamp":"2026-02-13 21:36:17"}
{"level":"info","message":"✅ Loaded critical model LoanAccount on demand","timestamp":"2026-02-13 21:36:17"}
{"level":"info","message":"✅ Loaded critical model LoanRepayment on demand","timestamp":"2026-02-13 21:36:17"}
{"level":"info","message":"✅ Loaded critical model Deposit on demand","timestamp":"2026-02-13 21:36:17"}
{"level":"info","message":"✅ Loaded critical model Transaction on demand","timestamp":"2026-02-13 21:36:17"}
{"level":"info","message":"✅ Loaded critical model GLAccount on demand","timestamp":"2026-02-13 21:36:17"}
{"level":"info","message":"✅ Loaded critical model AuditTrail on demand","timestamp":"2026-02-13 21:36:17"}
{"level":"info","message":"✅ Model loader initialized successfully","timestamp":"2026-02-13 21:36:17"}
{"level":"info","message":"📊 Loaded models: sequelize, Op, DataTypes, QueryTypes, User, Customer, CustomerAccount, LoanAccount, LoanRepayment, Deposit, Transaction, GLAccount, AuditTrail","timestamp":"2026-02-13 21:36:17"}
{"level":"info","message":"📊 Model Statistics:","timestamp":"2026-02-13 21:36:17"}
{"level":"info","message":"   Total models loaded: 13","timestamp":"2026-02-13 21:36:17"}
{"level":"info","message":"   CUSTOMER: 2 models","timestamp":"2026-02-13 21:36:17"}
{"level":"info","message":"   LOAN: 2 models","timestamp":"2026-02-13 21:36:17"}
{"level":"info","message":"   DEPOSIT: 1 models","timestamp":"2026-02-13 21:36:17"}
{"level":"info","message":"   TRANSACTION: 1 models","timestamp":"2026-02-13 21:36:17"}
{"level":"info","message":"   USER: 1 models","timestamp":"2026-02-13 21:36:17"}
{"level":"info","message":"   ACCOUNTING: 1 models","timestamp":"2026-02-13 21:36:17"}
{"level":"info","message":"   AUDIT: 1 models","timestamp":"2026-02-13 21:36:17"}
{"level":"info","logDir":"logs","message":"🚀 Winston logger initialized","nodeVersion":"v24.13.0","platform":"win32","timestamp":"2026-02-13 21:36:10"}
{"errors":["Role 28: Permission undefined not found in REPORT","Role 28: Permission undefined not found in REPORT","Role 38: Permission undefined not found in VAULT"],"level":"warn","message":"Permission validation errors","timestamp":"2026-02-13 21:36:13"}
{"errors":["Role 28: Permission undefined not found in REPORT","Role 28: Permission undefined not found in REPORT","Role 38: Permission undefined not found in VAULT"],"level":"warn","message":"Permission validation errors","timestamp":"2026-02-13 21:36:14"}
{"level":"info","message":"Server time initialized (WAT): 2026-02-14T06:36:17.071Z","timestamp":"2026-02-13 21:36:17"}
{"error":"auditLogger.info(...).catch is not a function","level":"warn","message":"Could not log startup audit","timestamp":"2026-02-13 21:36:17"}
{"level":"info","message":"🔧 Auto-initializing models in development mode...","timestamp":"2026-02-13 21:36:17"}
{"level":"info","message":"🚀 Initializing model loader...","timestamp":"2026-02-13 21:36:17"}
{"level":"info","message":"✅ Models loaded via index.js","timestamp":"2026-02-13 21:36:17"}
{"level":"info","message":"✅ Loaded critical model User on demand","timestamp":"2026-02-13 21:36:17"}
{"level":"info","message":"✅ Loaded critical model Customer on demand","timestamp":"2026-02-13 21:36:17"}
{"level":"info","message":"✅ Loaded critical model CustomerAccount on demand","timestamp":"2026-02-13 21:36:17"}
{"level":"info","message":"✅ Loaded critical model LoanAccount on demand","timestamp":"2026-02-13 21:36:17"}
{"level":"info","message":"✅ Loaded critical model LoanRepayment on demand","timestamp":"2026-02-13 21:36:17"}
{"level":"info","message":"✅ Loaded critical model Deposit on demand","timestamp":"2026-02-13 21:36:17"}
{"level":"info","message":"✅ Loaded critical model Transaction on demand","timestamp":"2026-02-13 21:36:17"}
{"level":"info","message":"✅ Loaded critical model GLAccount on demand","timestamp":"2026-02-13 21:36:17"}
{"level":"info","message":"✅ Loaded critical model AuditTrail on demand","timestamp":"2026-02-13 21:36:17"}
{"level":"info","message":"✅ Model loader initialized successfully","timestamp":"2026-02-13 21:36:17"}
{"level":"info","message":"📊 Loaded models: sequelize, Op, DataTypes, QueryTypes, User, Customer, CustomerAccount, LoanAccount, LoanRepayment, Deposit, Transaction, GLAccount, AuditTrail","timestamp":"2026-02-13 21:36:17"}
{"level":"info","message":"📊 Model Statistics:","timestamp":"2026-02-13 21:36:17"}
{"level":"info","message":"   Total models loaded: 13","timestamp":"2026-02-13 21:36:17"}
{"level":"info","message":"   CUSTOMER: 2 models","timestamp":"2026-02-13 21:36:17"}
{"level":"info","message":"   LOAN: 2 models","timestamp":"2026-02-13 21:36:17"}
{"level":"info","message":"   DEPOSIT: 1 models","timestamp":"2026-02-13 21:36:17"}
{"level":"info","message":"   TRANSACTION: 1 models","timestamp":"2026-02-13 21:36:17"}
{"level":"info","message":"   USER: 1 models","timestamp":"2026-02-13 21:36:17"}
{"level":"info","message":"   ACCOUNTING: 1 models","timestamp":"2026-02-13 21:36:17"}
{"level":"info","message":"   AUDIT: 1 models","timestamp":"2026-02-13 21:36:17"}
{"level":"info","logDir":"logs","message":"🚀 Winston logger initialized","nodeVersion":"v24.13.0","platform":"win32","timestamp":"2026-02-13 21:37:56"}
{"level":"info","logDir":"logs","message":"🚀 Winston logger initialized","nodeVersion":"v24.13.0","platform":"win32","timestamp":"2026-02-13 21:37:56"}
{"errors":["Role 28: Permission undefined not found in REPORT","Role 28: Permission undefined not found in REPORT","Role 38: Permission undefined not found in VAULT"],"level":"warn","message":"Permission validation errors","timestamp":"2026-02-13 21:38:06"}
{"errors":["Role 28: Permission undefined not found in REPORT","Role 28: Permission undefined not found in REPORT","Role 38: Permission undefined not found in VAULT"],"level":"warn","message":"Permission validation errors","timestamp":"2026-02-13 21:38:08"}
{"level":"info","message":"Server time initialized (WAT): 2026-02-14T06:38:13.499Z","timestamp":"2026-02-13 21:38:13"}
{"error":"auditLogger.info(...).catch is not a function","level":"warn","message":"Could not log startup audit","timestamp":"2026-02-13 21:38:13"}
{"level":"info","message":"🔧 Auto-initializing models in development mode...","timestamp":"2026-02-13 21:38:13"}
{"errors":["Role 28: Permission undefined not found in REPORT","Role 28: Permission undefined not found in REPORT","Role 38: Permission undefined not found in VAULT"],"level":"warn","message":"Permission validation errors","timestamp":"2026-02-13 21:38:06"}
{"level":"info","message":"🚀 Initializing model loader...","timestamp":"2026-02-13 21:38:13"}
{"level":"info","message":"✅ Models loaded via index.js","timestamp":"2026-02-13 21:38:13"}
{"errors":["Role 28: Permission undefined not found in REPORT","Role 28: Permission undefined not found in REPORT","Role 38: Permission undefined not found in VAULT"],"level":"warn","message":"Permission validation errors","timestamp":"2026-02-13 21:38:08"}
{"level":"info","message":"✅ Loaded critical model User on demand","timestamp":"2026-02-13 21:38:13"}
{"level":"info","message":"Server time initialized (WAT): 2026-02-14T06:38:13.497Z","timestamp":"2026-02-13 21:38:13"}
{"level":"info","message":"✅ Loaded critical model Customer on demand","timestamp":"2026-02-13 21:38:13"}
{"error":"auditLogger.info(...).catch is not a function","level":"warn","message":"Could not log startup audit","timestamp":"2026-02-13 21:38:13"}
{"level":"info","message":"✅ Loaded critical model CustomerAccount on demand","timestamp":"2026-02-13 21:38:13"}
{"level":"info","message":"🔧 Auto-initializing models in development mode...","timestamp":"2026-02-13 21:38:13"}
{"level":"info","message":"✅ Loaded critical model LoanAccount on demand","timestamp":"2026-02-13 21:38:13"}
{"level":"info","message":"🚀 Initializing model loader...","timestamp":"2026-02-13 21:38:13"}
{"level":"info","message":"✅ Loaded critical model LoanRepayment on demand","timestamp":"2026-02-13 21:38:13"}
{"level":"info","message":"✅ Models loaded via index.js","timestamp":"2026-02-13 21:38:13"}
{"level":"info","message":"✅ Loaded critical model Deposit on demand","timestamp":"2026-02-13 21:38:13"}
{"level":"info","message":"✅ Loaded critical model User on demand","timestamp":"2026-02-13 21:38:13"}
{"level":"info","message":"✅ Loaded critical model Transaction on demand","timestamp":"2026-02-13 21:38:13"}
{"level":"info","message":"✅ Loaded critical model Customer on demand","timestamp":"2026-02-13 21:38:13"}
{"level":"info","message":"✅ Loaded critical model GLAccount on demand","timestamp":"2026-02-13 21:38:13"}
{"level":"info","message":"✅ Loaded critical model CustomerAccount on demand","timestamp":"2026-02-13 21:38:13"}
{"level":"info","message":"✅ Loaded critical model AuditTrail on demand","timestamp":"2026-02-13 21:38:13"}
{"level":"info","message":"✅ Loaded critical model LoanAccount on demand","timestamp":"2026-02-13 21:38:13"}
{"level":"info","message":"✅ Model loader initialized successfully","timestamp":"2026-02-13 21:38:13"}
{"level":"info","message":"✅ Loaded critical model LoanRepayment on demand","timestamp":"2026-02-13 21:38:13"}
{"level":"info","message":"📊 Loaded models: sequelize, Op, DataTypes, QueryTypes, User, Customer, CustomerAccount, LoanAccount, LoanRepayment, Deposit, Transaction, GLAccount, AuditTrail","timestamp":"2026-02-13 21:38:14"}
{"level":"info","message":"✅ Loaded critical model Deposit on demand","timestamp":"2026-02-13 21:38:13"}
{"level":"info","message":"📊 Model Statistics:","timestamp":"2026-02-13 21:38:14"}
{"level":"info","message":"✅ Loaded critical model Transaction on demand","timestamp":"2026-02-13 21:38:13"}
{"level":"info","message":"   Total models loaded: 13","timestamp":"2026-02-13 21:38:14"}
{"level":"info","message":"✅ Loaded critical model GLAccount on demand","timestamp":"2026-02-13 21:38:13"}
{"level":"info","message":"   CUSTOMER: 2 models","timestamp":"2026-02-13 21:38:14"}
{"level":"info","message":"✅ Loaded critical model AuditTrail on demand","timestamp":"2026-02-13 21:38:14"}
{"level":"info","message":"   LOAN: 2 models","timestamp":"2026-02-13 21:38:14"}
{"level":"info","message":"✅ Model loader initialized successfully","timestamp":"2026-02-13 21:38:14"}
{"level":"info","message":"   DEPOSIT: 1 models","timestamp":"2026-02-13 21:38:14"}
{"level":"info","message":"📊 Loaded models: sequelize, Op, DataTypes, QueryTypes, User, Customer, CustomerAccount, LoanAccount, LoanRepayment, Deposit, Transaction, GLAccount, AuditTrail","timestamp":"2026-02-13 21:38:14"}
{"level":"info","message":"   TRANSACTION: 1 models","timestamp":"2026-02-13 21:38:14"}
{"level":"info","message":"📊 Model Statistics:","timestamp":"2026-02-13 21:38:14"}
{"level":"info","message":"   USER: 1 models","timestamp":"2026-02-13 21:38:14"}
{"level":"info","message":"   Total models loaded: 13","timestamp":"2026-02-13 21:38:14"}
{"level":"info","message":"   ACCOUNTING: 1 models","timestamp":"2026-02-13 21:38:14"}
{"level":"info","message":"   CUSTOMER: 2 models","timestamp":"2026-02-13 21:38:14"}
{"level":"info","message":"   AUDIT: 1 models","timestamp":"2026-02-13 21:38:14"}
{"level":"info","message":"   LOAN: 2 models","timestamp":"2026-02-13 21:38:14"}
{"level":"info","message":"   DEPOSIT: 1 models","timestamp":"2026-02-13 21:38:14"}
{"level":"info","message":"   TRANSACTION: 1 models","timestamp":"2026-02-13 21:38:14"}
{"level":"info","message":"   USER: 1 models","timestamp":"2026-02-13 21:38:14"}
{"level":"info","message":"   ACCOUNTING: 1 models","timestamp":"2026-02-13 21:38:14"}
{"level":"info","message":"   AUDIT: 1 models","timestamp":"2026-02-13 21:38:14"}
{"level":"info","logDir":"logs","message":"🚀 Winston logger initialized","nodeVersion":"v24.13.0","platform":"win32","timestamp":"2026-02-13 21:37:56"}
{"errors":["Role 28: Permission undefined not found in REPORT","Role 28: Permission undefined not found in REPORT","Role 38: Permission undefined not found in VAULT"],"level":"warn","message":"Permission validation errors","timestamp":"2026-02-13 21:38:06"}
{"errors":["Role 28: Permission undefined not found in REPORT","Role 28: Permission undefined not found in REPORT","Role 38: Permission undefined not found in VAULT"],"level":"warn","message":"Permission validation errors","timestamp":"2026-02-13 21:38:08"}
{"level":"info","message":"Server time initialized (WAT): 2026-02-14T06:38:13.502Z","timestamp":"2026-02-13 21:38:13"}
{"error":"auditLogger.info(...).catch is not a function","level":"warn","message":"Could not log startup audit","timestamp":"2026-02-13 21:38:13"}
{"level":"info","message":"🔧 Auto-initializing models in development mode...","timestamp":"2026-02-13 21:38:13"}
{"level":"info","message":"🚀 Initializing model loader...","timestamp":"2026-02-13 21:38:13"}
{"level":"info","message":"✅ Models loaded via index.js","timestamp":"2026-02-13 21:38:13"}
{"level":"info","message":"✅ Loaded critical model User on demand","timestamp":"2026-02-13 21:38:13"}
{"level":"info","message":"✅ Loaded critical model Customer on demand","timestamp":"2026-02-13 21:38:13"}
{"level":"info","message":"✅ Loaded critical model CustomerAccount on demand","timestamp":"2026-02-13 21:38:13"}
{"level":"info","message":"✅ Loaded critical model LoanAccount on demand","timestamp":"2026-02-13 21:38:13"}
{"level":"info","message":"✅ Loaded critical model LoanRepayment on demand","timestamp":"2026-02-13 21:38:13"}
{"level":"info","message":"✅ Loaded critical model Deposit on demand","timestamp":"2026-02-13 21:38:13"}
{"level":"info","message":"✅ Loaded critical model Transaction on demand","timestamp":"2026-02-13 21:38:13"}
{"level":"info","message":"✅ Loaded critical model GLAccount on demand","timestamp":"2026-02-13 21:38:13"}
{"level":"info","message":"✅ Loaded critical model AuditTrail on demand","timestamp":"2026-02-13 21:38:13"}
{"level":"info","message":"✅ Model loader initialized successfully","timestamp":"2026-02-13 21:38:14"}
{"level":"info","message":"📊 Loaded models: sequelize, Op, DataTypes, QueryTypes, User, Customer, CustomerAccount, LoanAccount, LoanRepayment, Deposit, Transaction, GLAccount, AuditTrail","timestamp":"2026-02-13 21:38:14"}
{"level":"info","message":"📊 Model Statistics:","timestamp":"2026-02-13 21:38:14"}
{"level":"info","message":"   Total models loaded: 13","timestamp":"2026-02-13 21:38:14"}
{"level":"info","message":"   CUSTOMER: 2 models","timestamp":"2026-02-13 21:38:14"}
{"level":"info","message":"   LOAN: 2 models","timestamp":"2026-02-13 21:38:14"}
{"level":"info","message":"   DEPOSIT: 1 models","timestamp":"2026-02-13 21:38:14"}
{"level":"info","message":"   TRANSACTION: 1 models","timestamp":"2026-02-13 21:38:14"}
{"level":"info","message":"   USER: 1 models","timestamp":"2026-02-13 21:38:14"}
{"level":"info","message":"   ACCOUNTING: 1 models","timestamp":"2026-02-13 21:38:14"}
{"level":"info","message":"   AUDIT: 1 models","timestamp":"2026-02-13 21:38:14"}
{"level":"info","logDir":"logs","message":"🚀 Winston logger initialized","nodeVersion":"v24.13.0","platform":"win32","timestamp":"2026-02-13 21:37:56"}
{"errors":["Role 28: Permission undefined not found in REPORT","Role 28: Permission undefined not found in REPORT","Role 38: Permission undefined not found in VAULT"],"level":"warn","message":"Permission validation errors","timestamp":"2026-02-13 21:38:06"}
{"errors":["Role 28: Permission undefined not found in REPORT","Role 28: Permission undefined not found in REPORT","Role 38: Permission undefined not found in VAULT"],"level":"warn","message":"Permission validation errors","timestamp":"2026-02-13 21:38:08"}
{"level":"info","message":"Server time initialized (WAT): 2026-02-14T06:38:13.503Z","timestamp":"2026-02-13 21:38:13"}
{"error":"auditLogger.info(...).catch is not a function","level":"warn","message":"Could not log startup audit","timestamp":"2026-02-13 21:38:13"}
{"level":"info","message":"🔧 Auto-initializing models in development mode...","timestamp":"2026-02-13 21:38:13"}
{"level":"info","message":"🚀 Initializing model loader...","timestamp":"2026-02-13 21:38:13"}
{"level":"info","message":"✅ Models loaded via index.js","timestamp":"2026-02-13 21:38:13"}
{"level":"info","message":"✅ Loaded critical model User on demand","timestamp":"2026-02-13 21:38:13"}
{"level":"info","message":"✅ Loaded critical model Customer on demand","timestamp":"2026-02-13 21:38:13"}
{"level":"info","message":"✅ Loaded critical model CustomerAccount on demand","timestamp":"2026-02-13 21:38:13"}
{"level":"info","message":"✅ Loaded critical model LoanAccount on demand","timestamp":"2026-02-13 21:38:13"}
{"level":"info","message":"✅ Loaded critical model LoanRepayment on demand","timestamp":"2026-02-13 21:38:13"}
{"level":"info","message":"✅ Loaded critical model Deposit on demand","timestamp":"2026-02-13 21:38:13"}
{"level":"info","message":"✅ Loaded critical model Transaction on demand","timestamp":"2026-02-13 21:38:13"}
{"level":"info","message":"✅ Loaded critical model GLAccount on demand","timestamp":"2026-02-13 21:38:13"}
{"level":"info","message":"✅ Loaded critical model AuditTrail on demand","timestamp":"2026-02-13 21:38:14"}
{"level":"info","message":"✅ Model loader initialized successfully","timestamp":"2026-02-13 21:38:14"}
{"level":"info","message":"📊 Loaded models: sequelize, Op, DataTypes, QueryTypes, User, Customer, CustomerAccount, LoanAccount, LoanRepayment, Deposit, Transaction, GLAccount, AuditTrail","timestamp":"2026-02-13 21:38:14"}
{"level":"info","message":"📊 Model Statistics:","timestamp":"2026-02-13 21:38:14"}
{"level":"info","message":"   Total models loaded: 13","timestamp":"2026-02-13 21:38:14"}
{"level":"info","message":"   CUSTOMER: 2 models","timestamp":"2026-02-13 21:38:14"}
{"level":"info","message":"   LOAN: 2 models","timestamp":"2026-02-13 21:38:14"}
{"level":"info","message":"   DEPOSIT: 1 models","timestamp":"2026-02-13 21:38:14"}
{"level":"info","message":"   TRANSACTION: 1 models","timestamp":"2026-02-13 21:38:14"}
{"level":"info","message":"   USER: 1 models","timestamp":"2026-02-13 21:38:14"}
{"level":"info","message":"   ACCOUNTING: 1 models","timestamp":"2026-02-13 21:38:14"}
{"level":"info","message":"   AUDIT: 1 models","timestamp":"2026-02-13 21:38:14"}
{"level":"info","logDir":"logs","message":"🚀 Winston logger initialized","nodeVersion":"v24.13.0","platform":"win32","timestamp":"2026-02-13 21:39:40"}
{"errors":["Role 28: Permission undefined not found in REPORT","Role 28: Permission undefined not found in REPORT","Role 38: Permission undefined not found in VAULT"],"level":"warn","message":"Permission validation errors","timestamp":"2026-02-13 21:39:44"}
{"errors":["Role 28: Permission undefined not found in REPORT","Role 28: Permission undefined not found in REPORT","Role 38: Permission undefined not found in VAULT"],"level":"warn","message":"Permission validation errors","timestamp":"2026-02-13 21:39:44"}
{"level":"info","message":"Server time initialized (WAT): 2026-02-14T06:39:47.092Z","timestamp":"2026-02-13 21:39:47"}
{"error":"auditLogger.info(...).catch is not a function","level":"warn","message":"Could not log startup audit","timestamp":"2026-02-13 21:39:47"}
{"level":"info","message":"🔧 Auto-initializing models in development mode...","timestamp":"2026-02-13 21:39:47"}
{"level":"info","message":"🚀 Initializing model loader...","timestamp":"2026-02-13 21:39:47"}
{"level":"info","message":"✅ Models loaded via index.js","timestamp":"2026-02-13 21:39:47"}
{"level":"info","message":"✅ Loaded critical model User on demand","timestamp":"2026-02-13 21:39:47"}
{"level":"info","message":"✅ Loaded critical model Customer on demand","timestamp":"2026-02-13 21:39:47"}
{"level":"info","message":"✅ Loaded critical model CustomerAccount on demand","timestamp":"2026-02-13 21:39:47"}
{"level":"info","message":"✅ Loaded critical model LoanAccount on demand","timestamp":"2026-02-13 21:39:47"}
{"level":"info","message":"✅ Loaded critical model LoanRepayment on demand","timestamp":"2026-02-13 21:39:47"}
{"level":"info","message":"✅ Loaded critical model Deposit on demand","timestamp":"2026-02-13 21:39:47"}
{"level":"info","message":"✅ Loaded critical model Transaction on demand","timestamp":"2026-02-13 21:39:47"}
{"level":"info","message":"✅ Loaded critical model GLAccount on demand","timestamp":"2026-02-13 21:39:47"}
{"level":"info","message":"✅ Loaded critical model AuditTrail on demand","timestamp":"2026-02-13 21:39:47"}
{"level":"info","message":"✅ Model loader initialized successfully","timestamp":"2026-02-13 21:39:47"}
{"level":"info","message":"📊 Loaded models: sequelize, Op, DataTypes, QueryTypes, User, Customer, CustomerAccount, LoanAccount, LoanRepayment, Deposit, Transaction, GLAccount, AuditTrail","timestamp":"2026-02-13 21:39:47"}
{"level":"info","message":"📊 Model Statistics:","timestamp":"2026-02-13 21:39:47"}
{"level":"info","message":"   Total models loaded: 13","timestamp":"2026-02-13 21:39:47"}
{"level":"info","message":"   CUSTOMER: 2 models","timestamp":"2026-02-13 21:39:47"}
{"level":"info","message":"   LOAN: 2 models","timestamp":"2026-02-13 21:39:47"}
{"level":"info","message":"   DEPOSIT: 1 models","timestamp":"2026-02-13 21:39:47"}
{"level":"info","message":"   TRANSACTION: 1 models","timestamp":"2026-02-13 21:39:47"}
{"level":"info","message":"   USER: 1 models","timestamp":"2026-02-13 21:39:47"}
{"level":"info","message":"   ACCOUNTING: 1 models","timestamp":"2026-02-13 21:39:47"}
{"level":"info","message":"   AUDIT: 1 models","timestamp":"2026-02-13 21:39:47"}
{"level":"info","logDir":"logs","message":"🚀 Winston logger initialized","nodeVersion":"v24.13.0","platform":"win32","timestamp":"2026-02-13 21:39:40"}
{"errors":["Role 28: Permission undefined not found in REPORT","Role 28: Permission undefined not found in REPORT","Role 38: Permission undefined not found in VAULT"],"level":"warn","message":"Permission validation errors","timestamp":"2026-02-13 21:39:44"}
{"errors":["Role 28: Permission undefined not found in REPORT","Role 28: Permission undefined not found in REPORT","Role 38: Permission undefined not found in VAULT"],"level":"warn","message":"Permission validation errors","timestamp":"2026-02-13 21:39:44"}
{"level":"info","message":"Server time initialized (WAT): 2026-02-14T06:39:47.090Z","timestamp":"2026-02-13 21:39:47"}
{"error":"auditLogger.info(...).catch is not a function","level":"warn","message":"Could not log startup audit","timestamp":"2026-02-13 21:39:47"}
{"level":"info","message":"🔧 Auto-initializing models in development mode...","timestamp":"2026-02-13 21:39:47"}
{"level":"info","message":"🚀 Initializing model loader...","timestamp":"2026-02-13 21:39:47"}
{"level":"info","message":"✅ Models loaded via index.js","timestamp":"2026-02-13 21:39:47"}
{"level":"info","message":"✅ Loaded critical model User on demand","timestamp":"2026-02-13 21:39:47"}
{"level":"info","message":"✅ Loaded critical model Customer on demand","timestamp":"2026-02-13 21:39:47"}
{"level":"info","message":"✅ Loaded critical model CustomerAccount on demand","timestamp":"2026-02-13 21:39:47"}
{"level":"info","message":"✅ Loaded critical model LoanAccount on demand","timestamp":"2026-02-13 21:39:47"}
{"level":"info","message":"✅ Loaded critical model LoanRepayment on demand","timestamp":"2026-02-13 21:39:47"}
{"level":"info","message":"✅ Loaded critical model Deposit on demand","timestamp":"2026-02-13 21:39:47"}
{"level":"info","message":"✅ Loaded critical model Transaction on demand","timestamp":"2026-02-13 21:39:47"}
{"level":"info","message":"✅ Loaded critical model GLAccount on demand","timestamp":"2026-02-13 21:39:47"}
{"level":"info","message":"✅ Loaded critical model AuditTrail on demand","timestamp":"2026-02-13 21:39:47"}
{"level":"info","message":"✅ Model loader initialized successfully","timestamp":"2026-02-13 21:39:47"}
{"level":"info","message":"📊 Loaded models: sequelize, Op, DataTypes, QueryTypes, User, Customer, CustomerAccount, LoanAccount, LoanRepayment, Deposit, Transaction, GLAccount, AuditTrail","timestamp":"2026-02-13 21:39:47"}
{"level":"info","message":"📊 Model Statistics:","timestamp":"2026-02-13 21:39:47"}
{"level":"info","message":"   Total models loaded: 13","timestamp":"2026-02-13 21:39:47"}
{"level":"info","message":"   CUSTOMER: 2 models","timestamp":"2026-02-13 21:39:47"}
{"level":"info","message":"   LOAN: 2 models","timestamp":"2026-02-13 21:39:47"}
{"level":"info","message":"   DEPOSIT: 1 models","timestamp":"2026-02-13 21:39:47"}
{"level":"info","message":"   TRANSACTION: 1 models","timestamp":"2026-02-13 21:39:47"}
{"level":"info","message":"   USER: 1 models","timestamp":"2026-02-13 21:39:47"}
{"level":"info","message":"   ACCOUNTING: 1 models","timestamp":"2026-02-13 21:39:47"}
{"level":"info","message":"   AUDIT: 1 models","timestamp":"2026-02-13 21:39:47"}
{"level":"info","logDir":"logs","message":"🚀 Winston logger initialized","nodeVersion":"v24.13.0","platform":"win32","timestamp":"2026-02-13 21:39:40"}
{"errors":["Role 28: Permission undefined not found in REPORT","Role 28: Permission undefined not found in REPORT","Role 38: Permission undefined not found in VAULT"],"level":"warn","message":"Permission validation errors","timestamp":"2026-02-13 21:39:43"}
{"errors":["Role 28: Permission undefined not found in REPORT","Role 28: Permission undefined not found in REPORT","Role 38: Permission undefined not found in VAULT"],"level":"warn","message":"Permission validation errors","timestamp":"2026-02-13 21:39:44"}
{"level":"info","message":"Server time initialized (WAT): 2026-02-14T06:39:47.104Z","timestamp":"2026-02-13 21:39:47"}
{"error":"auditLogger.info(...).catch is not a function","level":"warn","message":"Could not log startup audit","timestamp":"2026-02-13 21:39:47"}
{"level":"info","message":"🔧 Auto-initializing models in development mode...","timestamp":"2026-02-13 21:39:47"}
{"level":"info","message":"🚀 Initializing model loader...","timestamp":"2026-02-13 21:39:47"}
{"level":"info","message":"✅ Models loaded via index.js","timestamp":"2026-02-13 21:39:47"}
{"level":"info","message":"✅ Loaded critical model User on demand","timestamp":"2026-02-13 21:39:47"}
{"level":"info","message":"✅ Loaded critical model Customer on demand","timestamp":"2026-02-13 21:39:47"}
{"level":"info","message":"✅ Loaded critical model CustomerAccount on demand","timestamp":"2026-02-13 21:39:47"}
{"level":"info","message":"✅ Loaded critical model LoanAccount on demand","timestamp":"2026-02-13 21:39:47"}
{"level":"info","message":"✅ Loaded critical model LoanRepayment on demand","timestamp":"2026-02-13 21:39:47"}
{"level":"info","message":"✅ Loaded critical model Deposit on demand","timestamp":"2026-02-13 21:39:47"}
{"level":"info","message":"✅ Loaded critical model Transaction on demand","timestamp":"2026-02-13 21:39:47"}
{"level":"info","message":"✅ Loaded critical model GLAccount on demand","timestamp":"2026-02-13 21:39:47"}
{"level":"info","message":"✅ Loaded critical model AuditTrail on demand","timestamp":"2026-02-13 21:39:47"}
{"level":"info","message":"✅ Model loader initialized successfully","timestamp":"2026-02-13 21:39:47"}
{"level":"info","message":"📊 Loaded models: sequelize, Op, DataTypes, QueryTypes, User, Customer, CustomerAccount, LoanAccount, LoanRepayment, Deposit, Transaction, GLAccount, AuditTrail","timestamp":"2026-02-13 21:39:47"}
{"level":"info","message":"📊 Model Statistics:","timestamp":"2026-02-13 21:39:47"}
{"level":"info","message":"   Total models loaded: 13","timestamp":"2026-02-13 21:39:47"}
{"level":"info","message":"   CUSTOMER: 2 models","timestamp":"2026-02-13 21:39:47"}
{"level":"info","message":"   LOAN: 2 models","timestamp":"2026-02-13 21:39:47"}
{"level":"info","message":"   DEPOSIT: 1 models","timestamp":"2026-02-13 21:39:47"}
{"level":"info","message":"   TRANSACTION: 1 models","timestamp":"2026-02-13 21:39:47"}
{"level":"info","message":"   USER: 1 models","timestamp":"2026-02-13 21:39:47"}
{"level":"info","message":"   ACCOUNTING: 1 models","timestamp":"2026-02-13 21:39:47"}
{"level":"info","message":"   AUDIT: 1 models","timestamp":"2026-02-13 21:39:47"}
{"level":"info","logDir":"logs","message":"🚀 Winston logger initialized","nodeVersion":"v24.13.0","platform":"win32","timestamp":"2026-02-13 21:39:40"}
{"errors":["Role 28: Permission undefined not found in REPORT","Role 28: Permission undefined not found in REPORT","Role 38: Permission undefined not found in VAULT"],"level":"warn","message":"Permission validation errors","timestamp":"2026-02-13 21:39:43"}
{"errors":["Role 28: Permission undefined not found in REPORT","Role 28: Permission undefined not found in REPORT","Role 38: Permission undefined not found in VAULT"],"level":"warn","message":"Permission validation errors","timestamp":"2026-02-13 21:39:44"}
{"level":"info","message":"Server time initialized (WAT): 2026-02-14T06:39:47.106Z","timestamp":"2026-02-13 21:39:47"}
{"error":"auditLogger.info(...).catch is not a function","level":"warn","message":"Could not log startup audit","timestamp":"2026-02-13 21:39:47"}
{"level":"info","message":"🔧 Auto-initializing models in development mode...","timestamp":"2026-02-13 21:39:47"}
{"level":"info","message":"🚀 Initializing model loader...","timestamp":"2026-02-13 21:39:47"}
{"level":"info","message":"✅ Models loaded via index.js","timestamp":"2026-02-13 21:39:47"}
{"level":"info","message":"✅ Loaded critical model User on demand","timestamp":"2026-02-13 21:39:47"}
{"level":"info","message":"✅ Loaded critical model Customer on demand","timestamp":"2026-02-13 21:39:47"}
{"level":"info","message":"✅ Loaded critical model CustomerAccount on demand","timestamp":"2026-02-13 21:39:47"}
{"level":"info","message":"✅ Loaded critical model LoanAccount on demand","timestamp":"2026-02-13 21:39:47"}
{"level":"info","message":"✅ Loaded critical model LoanRepayment on demand","timestamp":"2026-02-13 21:39:47"}
{"level":"info","message":"✅ Loaded critical model Deposit on demand","timestamp":"2026-02-13 21:39:47"}
{"level":"info","message":"✅ Loaded critical model Transaction on demand","timestamp":"2026-02-13 21:39:47"}
{"level":"info","message":"✅ Loaded critical model GLAccount on demand","timestamp":"2026-02-13 21:39:47"}
{"level":"info","message":"✅ Loaded critical model AuditTrail on demand","timestamp":"2026-02-13 21:39:47"}
{"level":"info","message":"✅ Model loader initialized successfully","timestamp":"2026-02-13 21:39:47"}
{"level":"info","message":"📊 Loaded models: sequelize, Op, DataTypes, QueryTypes, User, Customer, CustomerAccount, LoanAccount, LoanRepayment, Deposit, Transaction, GLAccount, AuditTrail","timestamp":"2026-02-13 21:39:47"}
{"level":"info","message":"📊 Model Statistics:","timestamp":"2026-02-13 21:39:47"}
{"level":"info","message":"   Total models loaded: 13","timestamp":"2026-02-13 21:39:47"}
{"level":"info","message":"   CUSTOMER: 2 models","timestamp":"2026-02-13 21:39:47"}
{"level":"info","message":"   LOAN: 2 models","timestamp":"2026-02-13 21:39:47"}
{"level":"info","message":"   DEPOSIT: 1 models","timestamp":"2026-02-13 21:39:47"}
{"level":"info","message":"   TRANSACTION: 1 models","timestamp":"2026-02-13 21:39:47"}
{"level":"info","message":"   USER: 1 models","timestamp":"2026-02-13 21:39:47"}
{"level":"info","message":"   ACCOUNTING: 1 models","timestamp":"2026-02-13 21:39:47"}
{"level":"info","message":"   AUDIT: 1 models","timestamp":"2026-02-13 21:39:47"}
{"level":"info","logDir":"logs","message":"🚀 Winston logger initialized","nodeVersion":"v24.13.0","platform":"win32","timestamp":"2026-02-13 21:41:13"}
{"errors":["Role 28: Permission undefined not found in REPORT","Role 28: Permission undefined not found in REPORT","Role 38: Permission undefined not found in VAULT"],"level":"warn","message":"Permission validation errors","timestamp":"2026-02-13 21:41:17"}
{"errors":["Role 28: Permission undefined not found in REPORT","Role 28: Permission undefined not found in REPORT","Role 38: Permission undefined not found in VAULT"],"level":"warn","message":"Permission validation errors","timestamp":"2026-02-13 21:41:17"}
{"level":"info","message":"Server time initialized (WAT): 2026-02-14T06:41:20.325Z","timestamp":"2026-02-13 21:41:20"}
{"error":"auditLogger.info(...).catch is not a function","level":"warn","message":"Could not log startup audit","timestamp":"2026-02-13 21:41:20"}
{"level":"info","message":"🔧 Auto-initializing models in development mode...","timestamp":"2026-02-13 21:41:20"}
{"level":"info","message":"🚀 Initializing model loader...","timestamp":"2026-02-13 21:41:20"}
{"level":"info","message":"✅ Models loaded via index.js","timestamp":"2026-02-13 21:41:20"}
{"level":"info","message":"✅ Loaded critical model User on demand","timestamp":"2026-02-13 21:41:20"}
{"level":"info","message":"✅ Loaded critical model Customer on demand","timestamp":"2026-02-13 21:41:20"}
{"level":"info","message":"✅ Loaded critical model CustomerAccount on demand","timestamp":"2026-02-13 21:41:20"}
{"level":"info","message":"✅ Loaded critical model LoanAccount on demand","timestamp":"2026-02-13 21:41:20"}
{"level":"info","message":"✅ Loaded critical model LoanRepayment on demand","timestamp":"2026-02-13 21:41:20"}
{"level":"info","message":"✅ Loaded critical model Deposit on demand","timestamp":"2026-02-13 21:41:20"}
{"level":"info","message":"✅ Loaded critical model Transaction on demand","timestamp":"2026-02-13 21:41:20"}
{"level":"info","message":"✅ Loaded critical model GLAccount on demand","timestamp":"2026-02-13 21:41:20"}
{"level":"info","message":"✅ Loaded critical model AuditTrail on demand","timestamp":"2026-02-13 21:41:20"}
{"level":"info","message":"✅ Model loader initialized successfully","timestamp":"2026-02-13 21:41:20"}
{"level":"info","message":"📊 Loaded models: sequelize, Op, DataTypes, QueryTypes, User, Customer, CustomerAccount, LoanAccount, LoanRepayment, Deposit, Transaction, GLAccount, AuditTrail","timestamp":"2026-02-13 21:41:20"}
{"level":"info","message":"📊 Model Statistics:","timestamp":"2026-02-13 21:41:20"}
{"level":"info","message":"   Total models loaded: 13","timestamp":"2026-02-13 21:41:20"}
{"level":"info","message":"   CUSTOMER: 2 models","timestamp":"2026-02-13 21:41:20"}
{"level":"info","message":"   LOAN: 2 models","timestamp":"2026-02-13 21:41:20"}
{"level":"info","message":"   DEPOSIT: 1 models","timestamp":"2026-02-13 21:41:20"}
{"level":"info","message":"   TRANSACTION: 1 models","timestamp":"2026-02-13 21:41:20"}
{"level":"info","message":"   USER: 1 models","timestamp":"2026-02-13 21:41:20"}
{"level":"info","message":"   ACCOUNTING: 1 models","timestamp":"2026-02-13 21:41:20"}
{"level":"info","message":"   AUDIT: 1 models","timestamp":"2026-02-13 21:41:20"}
{"level":"info","logDir":"logs","message":"🚀 Winston logger initialized","nodeVersion":"v24.13.0","platform":"win32","timestamp":"2026-02-13 21:41:13"}
{"errors":["Role 28: Permission undefined not found in REPORT","Role 28: Permission undefined not found in REPORT","Role 38: Permission undefined not found in VAULT"],"level":"warn","message":"Permission validation errors","timestamp":"2026-02-13 21:41:17"}
{"errors":["Role 28: Permission undefined not found in REPORT","Role 28: Permission undefined not found in REPORT","Role 38: Permission undefined not found in VAULT"],"level":"warn","message":"Permission validation errors","timestamp":"2026-02-13 21:41:17"}
{"level":"info","message":"Server time initialized (WAT): 2026-02-14T06:41:20.313Z","timestamp":"2026-02-13 21:41:20"}
{"error":"auditLogger.info(...).catch is not a function","level":"warn","message":"Could not log startup audit","timestamp":"2026-02-13 21:41:20"}
{"level":"info","message":"🔧 Auto-initializing models in development mode...","timestamp":"2026-02-13 21:41:20"}
{"level":"info","message":"🚀 Initializing model loader...","timestamp":"2026-02-13 21:41:20"}
{"level":"info","message":"✅ Models loaded via index.js","timestamp":"2026-02-13 21:41:20"}
{"level":"info","message":"✅ Loaded critical model User on demand","timestamp":"2026-02-13 21:41:20"}
{"level":"info","message":"✅ Loaded critical model Customer on demand","timestamp":"2026-02-13 21:41:20"}
{"level":"info","message":"✅ Loaded critical model CustomerAccount on demand","timestamp":"2026-02-13 21:41:20"}
{"level":"info","message":"✅ Loaded critical model LoanAccount on demand","timestamp":"2026-02-13 21:41:20"}
{"level":"info","message":"✅ Loaded critical model LoanRepayment on demand","timestamp":"2026-02-13 21:41:20"}
{"level":"info","message":"✅ Loaded critical model Deposit on demand","timestamp":"2026-02-13 21:41:20"}
{"level":"info","message":"✅ Loaded critical model Transaction on demand","timestamp":"2026-02-13 21:41:20"}
{"level":"info","message":"✅ Loaded critical model GLAccount on demand","timestamp":"2026-02-13 21:41:20"}
{"level":"info","message":"✅ Loaded critical model AuditTrail on demand","timestamp":"2026-02-13 21:41:20"}
{"level":"info","message":"✅ Model loader initialized successfully","timestamp":"2026-02-13 21:41:20"}
{"level":"info","message":"📊 Loaded models: sequelize, Op, DataTypes, QueryTypes, User, Customer, CustomerAccount, LoanAccount, LoanRepayment, Deposit, Transaction, GLAccount, AuditTrail","timestamp":"2026-02-13 21:41:20"}
{"level":"info","message":"📊 Model Statistics:","timestamp":"2026-02-13 21:41:20"}
{"level":"info","message":"   Total models loaded: 13","timestamp":"2026-02-13 21:41:20"}
{"level":"info","message":"   CUSTOMER: 2 models","timestamp":"2026-02-13 21:41:20"}
{"level":"info","message":"   LOAN: 2 models","timestamp":"2026-02-13 21:41:20"}
{"level":"info","message":"   DEPOSIT: 1 models","timestamp":"2026-02-13 21:41:20"}
{"level":"info","message":"   TRANSACTION: 1 models","timestamp":"2026-02-13 21:41:20"}
{"level":"info","message":"   USER: 1 models","timestamp":"2026-02-13 21:41:20"}
{"level":"info","message":"   ACCOUNTING: 1 models","timestamp":"2026-02-13 21:41:20"}
{"level":"info","message":"   AUDIT: 1 models","timestamp":"2026-02-13 21:41:20"}
{"level":"info","logDir":"logs","message":"🚀 Winston logger initialized","nodeVersion":"v24.13.0","platform":"win32","timestamp":"2026-02-13 21:41:13"}
{"errors":["Role 28: Permission undefined not found in REPORT","Role 28: Permission undefined not found in REPORT","Role 38: Permission undefined not found in VAULT"],"level":"warn","message":"Permission validation errors","timestamp":"2026-02-13 21:41:17"}
{"errors":["Role 28: Permission undefined not found in REPORT","Role 28: Permission undefined not found in REPORT","Role 38: Permission undefined not found in VAULT"],"level":"warn","message":"Permission validation errors","timestamp":"2026-02-13 21:41:17"}
{"level":"info","message":"Server time initialized (WAT): 2026-02-14T06:41:20.351Z","timestamp":"2026-02-13 21:41:20"}
{"error":"auditLogger.info(...).catch is not a function","level":"warn","message":"Could not log startup audit","timestamp":"2026-02-13 21:41:20"}
{"level":"info","message":"🔧 Auto-initializing models in development mode...","timestamp":"2026-02-13 21:41:20"}
{"level":"info","message":"🚀 Initializing model loader...","timestamp":"2026-02-13 21:41:20"}
{"level":"info","message":"✅ Models loaded via index.js","timestamp":"2026-02-13 21:41:20"}
{"level":"info","message":"✅ Loaded critical model User on demand","timestamp":"2026-02-13 21:41:20"}
{"level":"info","message":"✅ Loaded critical model Customer on demand","timestamp":"2026-02-13 21:41:20"}
{"level":"info","message":"✅ Loaded critical model CustomerAccount on demand","timestamp":"2026-02-13 21:41:20"}
{"level":"info","message":"✅ Loaded critical model LoanAccount on demand","timestamp":"2026-02-13 21:41:20"}
{"level":"info","message":"✅ Loaded critical model LoanRepayment on demand","timestamp":"2026-02-13 21:41:20"}
{"level":"info","message":"✅ Loaded critical model Deposit on demand","timestamp":"2026-02-13 21:41:20"}
{"level":"info","message":"✅ Loaded critical model Transaction on demand","timestamp":"2026-02-13 21:41:20"}
{"level":"info","message":"✅ Loaded critical model GLAccount on demand","timestamp":"2026-02-13 21:41:20"}
{"level":"info","message":"✅ Loaded critical model AuditTrail on demand","timestamp":"2026-02-13 21:41:20"}
{"level":"info","message":"✅ Model loader initialized successfully","timestamp":"2026-02-13 21:41:20"}
{"level":"info","message":"📊 Loaded models: sequelize, Op, DataTypes, QueryTypes, User, Customer, CustomerAccount, LoanAccount, LoanRepayment, Deposit, Transaction, GLAccount, AuditTrail","timestamp":"2026-02-13 21:41:20"}
{"level":"info","message":"📊 Model Statistics:","timestamp":"2026-02-13 21:41:20"}
{"level":"info","message":"   Total models loaded: 13","timestamp":"2026-02-13 21:41:20"}
{"level":"info","message":"   CUSTOMER: 2 models","timestamp":"2026-02-13 21:41:20"}
{"level":"info","message":"   LOAN: 2 models","timestamp":"2026-02-13 21:41:20"}
{"level":"info","message":"   DEPOSIT: 1 models","timestamp":"2026-02-13 21:41:20"}
{"level":"info","message":"   TRANSACTION: 1 models","timestamp":"2026-02-13 21:41:20"}
{"level":"info","message":"   USER: 1 models","timestamp":"2026-02-13 21:41:20"}
{"level":"info","message":"   ACCOUNTING: 1 models","timestamp":"2026-02-13 21:41:20"}
{"level":"info","message":"   AUDIT: 1 models","timestamp":"2026-02-13 21:41:20"}
{"level":"info","logDir":"logs","message":"🚀 Winston logger initialized","nodeVersion":"v24.13.0","platform":"win32","timestamp":"2026-02-13 21:41:13"}
{"errors":["Role 28: Permission undefined not found in REPORT","Role 28: Permission undefined not found in REPORT","Role 38: Permission undefined not found in VAULT"],"level":"warn","message":"Permission validation errors","timestamp":"2026-02-13 21:41:17"}
{"errors":["Role 28: Permission undefined not found in REPORT","Role 28: Permission undefined not found in REPORT","Role 38: Permission undefined not found in VAULT"],"level":"warn","message":"Permission validation errors","timestamp":"2026-02-13 21:41:17"}
{"level":"info","message":"Server time initialized (WAT): 2026-02-14T06:41:20.330Z","timestamp":"2026-02-13 21:41:20"}
{"error":"auditLogger.info(...).catch is not a function","level":"warn","message":"Could not log startup audit","timestamp":"2026-02-13 21:41:20"}
{"level":"info","message":"🔧 Auto-initializing models in development mode...","timestamp":"2026-02-13 21:41:20"}
{"level":"info","message":"🚀 Initializing model loader...","timestamp":"2026-02-13 21:41:20"}
{"level":"info","message":"✅ Models loaded via index.js","timestamp":"2026-02-13 21:41:20"}
{"level":"info","message":"✅ Loaded critical model User on demand","timestamp":"2026-02-13 21:41:20"}
{"level":"info","message":"✅ Loaded critical model Customer on demand","timestamp":"2026-02-13 21:41:20"}
{"level":"info","message":"✅ Loaded critical model CustomerAccount on demand","timestamp":"2026-02-13 21:41:20"}
{"level":"info","message":"✅ Loaded critical model LoanAccount on demand","timestamp":"2026-02-13 21:41:20"}
{"level":"info","message":"✅ Loaded critical model LoanRepayment on demand","timestamp":"2026-02-13 21:41:20"}
{"level":"info","message":"✅ Loaded critical model Deposit on demand","timestamp":"2026-02-13 21:41:20"}
{"level":"info","message":"✅ Loaded critical model Transaction on demand","timestamp":"2026-02-13 21:41:20"}
{"level":"info","message":"✅ Loaded critical model GLAccount on demand","timestamp":"2026-02-13 21:41:20"}
{"level":"info","message":"✅ Loaded critical model AuditTrail on demand","timestamp":"2026-02-13 21:41:20"}
{"level":"info","message":"✅ Model loader initialized successfully","timestamp":"2026-02-13 21:41:20"}
{"level":"info","message":"📊 Loaded models: sequelize, Op, DataTypes, QueryTypes, User, Customer, CustomerAccount, LoanAccount, LoanRepayment, Deposit, Transaction, GLAccount, AuditTrail","timestamp":"2026-02-13 21:41:20"}
{"level":"info","message":"📊 Model Statistics:","timestamp":"2026-02-13 21:41:20"}
{"level":"info","message":"   Total models loaded: 13","timestamp":"2026-02-13 21:41:20"}
{"level":"info","message":"   CUSTOMER: 2 models","timestamp":"2026-02-13 21:41:20"}
{"level":"info","message":"   LOAN: 2 models","timestamp":"2026-02-13 21:41:20"}
{"level":"info","message":"   DEPOSIT: 1 models","timestamp":"2026-02-13 21:41:20"}
{"level":"info","message":"   TRANSACTION: 1 models","timestamp":"2026-02-13 21:41:20"}
{"level":"info","message":"   USER: 1 models","timestamp":"2026-02-13 21:41:20"}
{"level":"info","message":"   ACCOUNTING: 1 models","timestamp":"2026-02-13 21:41:20"}
{"level":"info","message":"   AUDIT: 1 models","timestamp":"2026-02-13 21:41:20"}
{"level":"info","logDir":"logs","message":"🚀 Winston logger initialized","nodeVersion":"v24.13.0","platform":"win32","timestamp":"2026-02-13 21:42:48"}
{"errors":["Role 28: Permission undefined not found in REPORT","Role 28: Permission undefined not found in REPORT","Role 38: Permission undefined not found in VAULT"],"level":"warn","message":"Permission validation errors","timestamp":"2026-02-13 21:42:52"}
{"errors":["Role 28: Permission undefined not found in REPORT","Role 28: Permission undefined not found in REPORT","Role 38: Permission undefined not found in VAULT"],"level":"warn","message":"Permission validation errors","timestamp":"2026-02-13 21:42:53"}
{"level":"info","message":"Server time initialized (WAT): 2026-02-14T06:42:55.545Z","timestamp":"2026-02-13 21:42:55"}
{"error":"auditLogger.info(...).catch is not a function","level":"warn","message":"Could not log startup audit","timestamp":"2026-02-13 21:42:55"}
{"level":"info","message":"🔧 Auto-initializing models in development mode...","timestamp":"2026-02-13 21:42:55"}
{"level":"info","message":"🚀 Initializing model loader...","timestamp":"2026-02-13 21:42:55"}
{"level":"info","message":"✅ Models loaded via index.js","timestamp":"2026-02-13 21:42:55"}
{"level":"info","message":"✅ Loaded critical model User on demand","timestamp":"2026-02-13 21:42:56"}
{"level":"info","message":"✅ Loaded critical model Customer on demand","timestamp":"2026-02-13 21:42:56"}
{"level":"info","message":"✅ Loaded critical model CustomerAccount on demand","timestamp":"2026-02-13 21:42:56"}
{"level":"info","message":"✅ Loaded critical model LoanAccount on demand","timestamp":"2026-02-13 21:42:56"}
{"level":"info","message":"✅ Loaded critical model LoanRepayment on demand","timestamp":"2026-02-13 21:42:56"}
{"level":"info","message":"✅ Loaded critical model Deposit on demand","timestamp":"2026-02-13 21:42:56"}
{"level":"info","message":"✅ Loaded critical model Transaction on demand","timestamp":"2026-02-13 21:42:56"}
{"level":"info","message":"✅ Loaded critical model GLAccount on demand","timestamp":"2026-02-13 21:42:56"}
{"level":"info","message":"✅ Loaded critical model AuditTrail on demand","timestamp":"2026-02-13 21:42:56"}
{"level":"info","message":"✅ Model loader initialized successfully","timestamp":"2026-02-13 21:42:56"}
{"level":"info","message":"📊 Loaded models: sequelize, Op, DataTypes, QueryTypes, User, Customer, CustomerAccount, LoanAccount, LoanRepayment, Deposit, Transaction, GLAccount, AuditTrail","timestamp":"2026-02-13 21:42:56"}
{"level":"info","message":"📊 Model Statistics:","timestamp":"2026-02-13 21:42:56"}
{"level":"info","message":"   Total models loaded: 13","timestamp":"2026-02-13 21:42:56"}
{"level":"info","message":"   CUSTOMER: 2 models","timestamp":"2026-02-13 21:42:56"}
{"level":"info","message":"   LOAN: 2 models","timestamp":"2026-02-13 21:42:56"}
{"level":"info","message":"   DEPOSIT: 1 models","timestamp":"2026-02-13 21:42:56"}
{"level":"info","message":"   TRANSACTION: 1 models","timestamp":"2026-02-13 21:42:56"}
{"level":"info","message":"   USER: 1 models","timestamp":"2026-02-13 21:42:56"}
{"level":"info","message":"   ACCOUNTING: 1 models","timestamp":"2026-02-13 21:42:56"}
{"level":"info","message":"   AUDIT: 1 models","timestamp":"2026-02-13 21:42:56"}
{"level":"info","logDir":"logs","message":"🚀 Winston logger initialized","nodeVersion":"v24.13.0","platform":"win32","timestamp":"2026-02-13 21:42:48"}
{"errors":["Role 28: Permission undefined not found in REPORT","Role 28: Permission undefined not found in REPORT","Role 38: Permission undefined not found in VAULT"],"level":"warn","message":"Permission validation errors","timestamp":"2026-02-13 21:42:52"}
{"errors":["Role 28: Permission undefined not found in REPORT","Role 28: Permission undefined not found in REPORT","Role 38: Permission undefined not found in VAULT"],"level":"warn","message":"Permission validation errors","timestamp":"2026-02-13 21:42:53"}
{"level":"info","message":"Server time initialized (WAT): 2026-02-14T06:42:55.545Z","timestamp":"2026-02-13 21:42:55"}
{"error":"auditLogger.info(...).catch is not a function","level":"warn","message":"Could not log startup audit","timestamp":"2026-02-13 21:42:55"}
{"level":"info","message":"🔧 Auto-initializing models in development mode...","timestamp":"2026-02-13 21:42:56"}
{"level":"info","message":"🚀 Initializing model loader...","timestamp":"2026-02-13 21:42:56"}
{"level":"info","message":"✅ Models loaded via index.js","timestamp":"2026-02-13 21:42:56"}
{"level":"info","message":"✅ Loaded critical model User on demand","timestamp":"2026-02-13 21:42:56"}
{"level":"info","message":"✅ Loaded critical model Customer on demand","timestamp":"2026-02-13 21:42:56"}
{"level":"info","message":"✅ Loaded critical model CustomerAccount on demand","timestamp":"2026-02-13 21:42:56"}
{"level":"info","message":"✅ Loaded critical model LoanAccount on demand","timestamp":"2026-02-13 21:42:56"}
{"level":"info","message":"✅ Loaded critical model LoanRepayment on demand","timestamp":"2026-02-13 21:42:56"}
{"level":"info","message":"✅ Loaded critical model Deposit on demand","timestamp":"2026-02-13 21:42:56"}
{"level":"info","message":"✅ Loaded critical model Transaction on demand","timestamp":"2026-02-13 21:42:56"}
{"level":"info","message":"✅ Loaded critical model GLAccount on demand","timestamp":"2026-02-13 21:42:56"}
{"level":"info","message":"✅ Loaded critical model AuditTrail on demand","timestamp":"2026-02-13 21:42:56"}
{"level":"info","message":"✅ Model loader initialized successfully","timestamp":"2026-02-13 21:42:56"}
{"level":"info","message":"📊 Loaded models: sequelize, Op, DataTypes, QueryTypes, User, Customer, CustomerAccount, LoanAccount, LoanRepayment, Deposit, Transaction, GLAccount, AuditTrail","timestamp":"2026-02-13 21:42:56"}
{"level":"info","message":"📊 Model Statistics:","timestamp":"2026-02-13 21:42:56"}
{"level":"info","message":"   Total models loaded: 13","timestamp":"2026-02-13 21:42:56"}
{"level":"info","message":"   CUSTOMER: 2 models","timestamp":"2026-02-13 21:42:56"}
{"level":"info","message":"   LOAN: 2 models","timestamp":"2026-02-13 21:42:56"}
{"level":"info","message":"   DEPOSIT: 1 models","timestamp":"2026-02-13 21:42:56"}
{"level":"info","message":"   TRANSACTION: 1 models","timestamp":"2026-02-13 21:42:56"}
{"level":"info","message":"   USER: 1 models","timestamp":"2026-02-13 21:42:56"}
{"level":"info","message":"   ACCOUNTING: 1 models","timestamp":"2026-02-13 21:42:56"}
{"level":"info","message":"   AUDIT: 1 models","timestamp":"2026-02-13 21:42:56"}
{"level":"info","logDir":"logs","message":"🚀 Winston logger initialized","nodeVersion":"v24.13.0","platform":"win32","timestamp":"2026-02-13 21:42:48"}
{"errors":["Role 28: Permission undefined not found in REPORT","Role 28: Permission undefined not found in REPORT","Role 38: Permission undefined not found in VAULT"],"level":"warn","message":"Permission validation errors","timestamp":"2026-02-13 21:42:52"}
{"errors":["Role 28: Permission undefined not found in REPORT","Role 28: Permission undefined not found in REPORT","Role 38: Permission undefined not found in VAULT"],"level":"warn","message":"Permission validation errors","timestamp":"2026-02-13 21:42:53"}
{"level":"info","message":"Server time initialized (WAT): 2026-02-14T06:42:55.540Z","timestamp":"2026-02-13 21:42:55"}
{"error":"auditLogger.info(...).catch is not a function","level":"warn","message":"Could not log startup audit","timestamp":"2026-02-13 21:42:55"}
{"level":"info","message":"🔧 Auto-initializing models in development mode...","timestamp":"2026-02-13 21:42:55"}
{"level":"info","message":"🚀 Initializing model loader...","timestamp":"2026-02-13 21:42:55"}
{"level":"info","message":"✅ Models loaded via index.js","timestamp":"2026-02-13 21:42:55"}
{"level":"info","message":"✅ Loaded critical model User on demand","timestamp":"2026-02-13 21:42:56"}
{"level":"info","message":"✅ Loaded critical model Customer on demand","timestamp":"2026-02-13 21:42:56"}
{"level":"info","message":"✅ Loaded critical model CustomerAccount on demand","timestamp":"2026-02-13 21:42:56"}
{"level":"info","message":"✅ Loaded critical model LoanAccount on demand","timestamp":"2026-02-13 21:42:56"}
{"level":"info","message":"✅ Loaded critical model LoanRepayment on demand","timestamp":"2026-02-13 21:42:56"}
{"level":"info","message":"✅ Loaded critical model Deposit on demand","timestamp":"2026-02-13 21:42:56"}
{"level":"info","message":"✅ Loaded critical model Transaction on demand","timestamp":"2026-02-13 21:42:56"}
{"level":"info","message":"✅ Loaded critical model GLAccount on demand","timestamp":"2026-02-13 21:42:56"}
{"level":"info","message":"✅ Loaded critical model AuditTrail on demand","timestamp":"2026-02-13 21:42:56"}
{"level":"info","message":"✅ Model loader initialized successfully","timestamp":"2026-02-13 21:42:56"}
{"level":"info","message":"📊 Loaded models: sequelize, Op, DataTypes, QueryTypes, User, Customer, CustomerAccount, LoanAccount, LoanRepayment, Deposit, Transaction, GLAccount, AuditTrail","timestamp":"2026-02-13 21:42:56"}
{"level":"info","message":"📊 Model Statistics:","timestamp":"2026-02-13 21:42:56"}
{"level":"info","message":"   Total models loaded: 13","timestamp":"2026-02-13 21:42:56"}
{"level":"info","message":"   CUSTOMER: 2 models","timestamp":"2026-02-13 21:42:56"}
{"level":"info","message":"   LOAN: 2 models","timestamp":"2026-02-13 21:42:56"}
{"level":"info","message":"   DEPOSIT: 1 models","timestamp":"2026-02-13 21:42:56"}
{"level":"info","message":"   TRANSACTION: 1 models","timestamp":"2026-02-13 21:42:56"}
{"level":"info","message":"   USER: 1 models","timestamp":"2026-02-13 21:42:56"}
{"level":"info","message":"   ACCOUNTING: 1 models","timestamp":"2026-02-13 21:42:56"}
{"level":"info","message":"   AUDIT: 1 models","timestamp":"2026-02-13 21:42:56"}
{"level":"info","logDir":"logs","message":"🚀 Winston logger initialized","nodeVersion":"v24.13.0","platform":"win32","timestamp":"2026-02-13 21:42:48"}
{"errors":["Role 28: Permission undefined not found in REPORT","Role 28: Permission undefined not found in REPORT","Role 38: Permission undefined not found in VAULT"],"level":"warn","message":"Permission validation errors","timestamp":"2026-02-13 21:42:52"}
{"errors":["Role 28: Permission undefined not found in REPORT","Role 28: Permission undefined not found in REPORT","Role 38: Permission undefined not found in VAULT"],"level":"warn","message":"Permission validation errors","timestamp":"2026-02-13 21:42:53"}
{"level":"info","message":"Server time initialized (WAT): 2026-02-14T06:42:55.552Z","timestamp":"2026-02-13 21:42:55"}
{"error":"auditLogger.info(...).catch is not a function","level":"warn","message":"Could not log startup audit","timestamp":"2026-02-13 21:42:55"}
{"level":"info","message":"🔧 Auto-initializing models in development mode...","timestamp":"2026-02-13 21:42:56"}
{"level":"info","message":"🚀 Initializing model loader...","timestamp":"2026-02-13 21:42:56"}
{"level":"info","message":"✅ Models loaded via index.js","timestamp":"2026-02-13 21:42:56"}
{"level":"info","message":"✅ Loaded critical model User on demand","timestamp":"2026-02-13 21:42:56"}
{"level":"info","message":"✅ Loaded critical model Customer on demand","timestamp":"2026-02-13 21:42:56"}
{"level":"info","message":"✅ Loaded critical model CustomerAccount on demand","timestamp":"2026-02-13 21:42:56"}
{"level":"info","message":"✅ Loaded critical model LoanAccount on demand","timestamp":"2026-02-13 21:42:56"}
{"level":"info","message":"✅ Loaded critical model LoanRepayment on demand","timestamp":"2026-02-13 21:42:56"}
{"level":"info","message":"✅ Loaded critical model Deposit on demand","timestamp":"2026-02-13 21:42:56"}
{"level":"info","message":"✅ Loaded critical model Transaction on demand","timestamp":"2026-02-13 21:42:56"}
{"level":"info","message":"✅ Loaded critical model GLAccount on demand","timestamp":"2026-02-13 21:42:56"}
{"level":"info","message":"✅ Loaded critical model AuditTrail on demand","timestamp":"2026-02-13 21:42:56"}
{"level":"info","message":"✅ Model loader initialized successfully","timestamp":"2026-02-13 21:42:56"}
{"level":"info","message":"📊 Loaded models: sequelize, Op, DataTypes, QueryTypes, User, Customer, CustomerAccount, LoanAccount, LoanRepayment, Deposit, Transaction, GLAccount, AuditTrail","timestamp":"2026-02-13 21:42:56"}
{"level":"info","message":"📊 Model Statistics:","timestamp":"2026-02-13 21:42:56"}
{"level":"info","message":"   Total models loaded: 13","timestamp":"2026-02-13 21:42:56"}
{"level":"info","message":"   CUSTOMER: 2 models","timestamp":"2026-02-13 21:42:56"}
{"level":"info","message":"   LOAN: 2 models","timestamp":"2026-02-13 21:42:56"}
{"level":"info","message":"   DEPOSIT: 1 models","timestamp":"2026-02-13 21:42:56"}
{"level":"info","message":"   TRANSACTION: 1 models","timestamp":"2026-02-13 21:42:56"}
{"level":"info","message":"   USER: 1 models","timestamp":"2026-02-13 21:42:56"}
{"level":"info","message":"   ACCOUNTING: 1 models","timestamp":"2026-02-13 21:42:56"}
{"level":"info","message":"   AUDIT: 1 models","timestamp":"2026-02-13 21:42:56"}
{"level":"info","logDir":"logs","message":"🚀 Winston logger initialized","nodeVersion":"v24.13.0","platform":"win32","timestamp":"2026-02-13 21:44:21"}
{"errors":["Role 28: Permission undefined not found in REPORT","Role 28: Permission undefined not found in REPORT","Role 38: Permission undefined not found in VAULT"],"level":"warn","message":"Permission validation errors","timestamp":"2026-02-13 21:44:25"}
{"errors":["Role 28: Permission undefined not found in REPORT","Role 28: Permission undefined not found in REPORT","Role 38: Permission undefined not found in VAULT"],"level":"warn","message":"Permission validation errors","timestamp":"2026-02-13 21:44:25"}
{"level":"info","message":"Server time initialized (WAT): 2026-02-14T06:44:28.418Z","timestamp":"2026-02-13 21:44:28"}
{"error":"auditLogger.info(...).catch is not a function","level":"warn","message":"Could not log startup audit","timestamp":"2026-02-13 21:44:28"}
{"level":"info","message":"🔧 Auto-initializing models in development mode...","timestamp":"2026-02-13 21:44:28"}
{"level":"info","message":"🚀 Initializing model loader...","timestamp":"2026-02-13 21:44:28"}
{"level":"info","message":"✅ Models loaded via index.js","timestamp":"2026-02-13 21:44:28"}
{"level":"info","message":"✅ Loaded critical model User on demand","timestamp":"2026-02-13 21:44:28"}
{"level":"info","message":"✅ Loaded critical model Customer on demand","timestamp":"2026-02-13 21:44:28"}
{"level":"info","message":"✅ Loaded critical model CustomerAccount on demand","timestamp":"2026-02-13 21:44:28"}
{"level":"info","message":"✅ Loaded critical model LoanAccount on demand","timestamp":"2026-02-13 21:44:28"}
{"level":"info","message":"✅ Loaded critical model LoanRepayment on demand","timestamp":"2026-02-13 21:44:28"}
{"level":"info","message":"✅ Loaded critical model Deposit on demand","timestamp":"2026-02-13 21:44:28"}
{"level":"info","message":"✅ Loaded critical model Transaction on demand","timestamp":"2026-02-13 21:44:28"}
{"level":"info","message":"✅ Loaded critical model GLAccount on demand","timestamp":"2026-02-13 21:44:28"}
{"level":"info","message":"✅ Loaded critical model AuditTrail on demand","timestamp":"2026-02-13 21:44:28"}
{"level":"info","message":"✅ Model loader initialized successfully","timestamp":"2026-02-13 21:44:28"}
{"level":"info","message":"📊 Loaded models: sequelize, Op, DataTypes, QueryTypes, User, Customer, CustomerAccount, LoanAccount, LoanRepayment, Deposit, Transaction, GLAccount, AuditTrail","timestamp":"2026-02-13 21:44:28"}
{"level":"info","message":"📊 Model Statistics:","timestamp":"2026-02-13 21:44:28"}
{"level":"info","message":"   Total models loaded: 13","timestamp":"2026-02-13 21:44:28"}
{"level":"info","message":"   CUSTOMER: 2 models","timestamp":"2026-02-13 21:44:28"}
{"level":"info","message":"   LOAN: 2 models","timestamp":"2026-02-13 21:44:28"}
{"level":"info","message":"   DEPOSIT: 1 models","timestamp":"2026-02-13 21:44:28"}
{"level":"info","message":"   TRANSACTION: 1 models","timestamp":"2026-02-13 21:44:28"}
{"level":"info","message":"   USER: 1 models","timestamp":"2026-02-13 21:44:28"}
{"level":"info","message":"   ACCOUNTING: 1 models","timestamp":"2026-02-13 21:44:28"}
{"level":"info","message":"   AUDIT: 1 models","timestamp":"2026-02-13 21:44:28"}
{"level":"info","logDir":"logs","message":"🚀 Winston logger initialized","nodeVersion":"v24.13.0","platform":"win32","timestamp":"2026-02-13 21:44:21"}
{"errors":["Role 28: Permission undefined not found in REPORT","Role 28: Permission undefined not found in REPORT","Role 38: Permission undefined not found in VAULT"],"level":"warn","message":"Permission validation errors","timestamp":"2026-02-13 21:44:25"}
{"errors":["Role 28: Permission undefined not found in REPORT","Role 28: Permission undefined not found in REPORT","Role 38: Permission undefined not found in VAULT"],"level":"warn","message":"Permission validation errors","timestamp":"2026-02-13 21:44:25"}
{"level":"info","message":"Server time initialized (WAT): 2026-02-14T06:44:28.391Z","timestamp":"2026-02-13 21:44:28"}
{"error":"auditLogger.info(...).catch is not a function","level":"warn","message":"Could not log startup audit","timestamp":"2026-02-13 21:44:28"}
{"level":"info","message":"🔧 Auto-initializing models in development mode...","timestamp":"2026-02-13 21:44:28"}
{"level":"info","message":"🚀 Initializing model loader...","timestamp":"2026-02-13 21:44:28"}
{"level":"info","message":"✅ Models loaded via index.js","timestamp":"2026-02-13 21:44:28"}
{"level":"info","message":"✅ Loaded critical model User on demand","timestamp":"2026-02-13 21:44:28"}
{"level":"info","message":"✅ Loaded critical model Customer on demand","timestamp":"2026-02-13 21:44:28"}
{"level":"info","message":"✅ Loaded critical model CustomerAccount on demand","timestamp":"2026-02-13 21:44:28"}
{"level":"info","message":"✅ Loaded critical model LoanAccount on demand","timestamp":"2026-02-13 21:44:28"}
{"level":"info","message":"✅ Loaded critical model LoanRepayment on demand","timestamp":"2026-02-13 21:44:28"}
{"level":"info","message":"✅ Loaded critical model Deposit on demand","timestamp":"2026-02-13 21:44:28"}
{"level":"info","message":"✅ Loaded critical model Transaction on demand","timestamp":"2026-02-13 21:44:28"}
{"level":"info","message":"✅ Loaded critical model GLAccount on demand","timestamp":"2026-02-13 21:44:28"}
{"level":"info","message":"✅ Loaded critical model AuditTrail on demand","timestamp":"2026-02-13 21:44:28"}
{"level":"info","message":"✅ Model loader initialized successfully","timestamp":"2026-02-13 21:44:28"}
{"level":"info","message":"📊 Loaded models: sequelize, Op, DataTypes, QueryTypes, User, Customer, CustomerAccount, LoanAccount, LoanRepayment, Deposit, Transaction, GLAccount, AuditTrail","timestamp":"2026-02-13 21:44:28"}
{"level":"info","message":"📊 Model Statistics:","timestamp":"2026-02-13 21:44:28"}
{"level":"info","message":"   Total models loaded: 13","timestamp":"2026-02-13 21:44:28"}
{"level":"info","message":"   CUSTOMER: 2 models","timestamp":"2026-02-13 21:44:28"}
{"level":"info","message":"   LOAN: 2 models","timestamp":"2026-02-13 21:44:28"}
{"level":"info","message":"   DEPOSIT: 1 models","timestamp":"2026-02-13 21:44:28"}
{"level":"info","message":"   TRANSACTION: 1 models","timestamp":"2026-02-13 21:44:28"}
{"level":"info","message":"   USER: 1 models","timestamp":"2026-02-13 21:44:28"}
{"level":"info","message":"   ACCOUNTING: 1 models","timestamp":"2026-02-13 21:44:28"}
{"level":"info","message":"   AUDIT: 1 models","timestamp":"2026-02-13 21:44:28"}
{"level":"info","logDir":"logs","message":"🚀 Winston logger initialized","nodeVersion":"v24.13.0","platform":"win32","timestamp":"2026-02-13 21:44:21"}
{"errors":["Role 28: Permission undefined not found in REPORT","Role 28: Permission undefined not found in REPORT","Role 38: Permission undefined not found in VAULT"],"level":"warn","message":"Permission validation errors","timestamp":"2026-02-13 21:44:25"}
{"errors":["Role 28: Permission undefined not found in REPORT","Role 28: Permission undefined not found in REPORT","Role 38: Permission undefined not found in VAULT"],"level":"warn","message":"Permission validation errors","timestamp":"2026-02-13 21:44:25"}
{"level":"info","message":"Server time initialized (WAT): 2026-02-14T06:44:28.406Z","timestamp":"2026-02-13 21:44:28"}
{"error":"auditLogger.info(...).catch is not a function","level":"warn","message":"Could not log startup audit","timestamp":"2026-02-13 21:44:28"}
{"level":"info","message":"🔧 Auto-initializing models in development mode...","timestamp":"2026-02-13 21:44:28"}
{"level":"info","message":"🚀 Initializing model loader...","timestamp":"2026-02-13 21:44:28"}
{"level":"info","message":"✅ Models loaded via index.js","timestamp":"2026-02-13 21:44:28"}
{"level":"info","message":"✅ Loaded critical model User on demand","timestamp":"2026-02-13 21:44:28"}
{"level":"info","message":"✅ Loaded critical model Customer on demand","timestamp":"2026-02-13 21:44:28"}
{"level":"info","message":"✅ Loaded critical model CustomerAccount on demand","timestamp":"2026-02-13 21:44:28"}
{"level":"info","message":"✅ Loaded critical model LoanAccount on demand","timestamp":"2026-02-13 21:44:28"}
{"level":"info","message":"✅ Loaded critical model LoanRepayment on demand","timestamp":"2026-02-13 21:44:28"}
{"level":"info","message":"✅ Loaded critical model Deposit on demand","timestamp":"2026-02-13 21:44:28"}
{"level":"info","message":"✅ Loaded critical model Transaction on demand","timestamp":"2026-02-13 21:44:28"}
{"level":"info","message":"✅ Loaded critical model GLAccount on demand","timestamp":"2026-02-13 21:44:28"}
{"level":"info","message":"✅ Loaded critical model AuditTrail on demand","timestamp":"2026-02-13 21:44:28"}
{"level":"info","message":"✅ Model loader initialized successfully","timestamp":"2026-02-13 21:44:28"}
{"level":"info","message":"📊 Loaded models: sequelize, Op, DataTypes, QueryTypes, User, Customer, CustomerAccount, LoanAccount, LoanRepayment, Deposit, Transaction, GLAccount, AuditTrail","timestamp":"2026-02-13 21:44:28"}
{"level":"info","message":"📊 Model Statistics:","timestamp":"2026-02-13 21:44:28"}
{"level":"info","message":"   Total models loaded: 13","timestamp":"2026-02-13 21:44:28"}
{"level":"info","message":"   CUSTOMER: 2 models","timestamp":"2026-02-13 21:44:28"}
{"level":"info","message":"   LOAN: 2 models","timestamp":"2026-02-13 21:44:28"}
{"level":"info","message":"   DEPOSIT: 1 models","timestamp":"2026-02-13 21:44:28"}
{"level":"info","message":"   TRANSACTION: 1 models","timestamp":"2026-02-13 21:44:28"}
{"level":"info","message":"   USER: 1 models","timestamp":"2026-02-13 21:44:28"}
{"level":"info","message":"   ACCOUNTING: 1 models","timestamp":"2026-02-13 21:44:28"}
{"level":"info","message":"   AUDIT: 1 models","timestamp":"2026-02-13 21:44:28"}
{"level":"info","logDir":"logs","message":"🚀 Winston logger initialized","nodeVersion":"v24.13.0","platform":"win32","timestamp":"2026-02-13 21:44:21"}
{"errors":["Role 28: Permission undefined not found in REPORT","Role 28: Permission undefined not found in REPORT","Role 38: Permission undefined not found in VAULT"],"level":"warn","message":"Permission validation errors","timestamp":"2026-02-13 21:44:25"}
{"errors":["Role 28: Permission undefined not found in REPORT","Role 28: Permission undefined not found in REPORT","Role 38: Permission undefined not found in VAULT"],"level":"warn","message":"Permission validation errors","timestamp":"2026-02-13 21:44:25"}
{"level":"info","message":"Server time initialized (WAT): 2026-02-14T06:44:28.439Z","timestamp":"2026-02-13 21:44:28"}
{"error":"auditLogger.info(...).catch is not a function","level":"warn","message":"Could not log startup audit","timestamp":"2026-02-13 21:44:28"}
{"level":"info","message":"🔧 Auto-initializing models in development mode...","timestamp":"2026-02-13 21:44:28"}
{"level":"info","message":"🚀 Initializing model loader...","timestamp":"2026-02-13 21:44:28"}
{"level":"info","message":"✅ Models loaded via index.js","timestamp":"2026-02-13 21:44:28"}
{"level":"info","message":"✅ Loaded critical model User on demand","timestamp":"2026-02-13 21:44:28"}
{"level":"info","message":"✅ Loaded critical model Customer on demand","timestamp":"2026-02-13 21:44:28"}
{"level":"info","message":"✅ Loaded critical model CustomerAccount on demand","timestamp":"2026-02-13 21:44:28"}
{"level":"info","message":"✅ Loaded critical model LoanAccount on demand","timestamp":"2026-02-13 21:44:28"}
{"level":"info","message":"✅ Loaded critical model LoanRepayment on demand","timestamp":"2026-02-13 21:44:28"}
{"level":"info","message":"✅ Loaded critical model Deposit on demand","timestamp":"2026-02-13 21:44:28"}
{"level":"info","message":"✅ Loaded critical model Transaction on demand","timestamp":"2026-02-13 21:44:28"}
{"level":"info","message":"✅ Loaded critical model GLAccount on demand","timestamp":"2026-02-13 21:44:28"}
{"level":"info","message":"✅ Loaded critical model AuditTrail on demand","timestamp":"2026-02-13 21:44:28"}
{"level":"info","message":"✅ Model loader initialized successfully","timestamp":"2026-02-13 21:44:28"}
{"level":"info","message":"📊 Loaded models: sequelize, Op, DataTypes, QueryTypes, User, Customer, CustomerAccount, LoanAccount, LoanRepayment, Deposit, Transaction, GLAccount, AuditTrail","timestamp":"2026-02-13 21:44:28"}
{"level":"info","message":"📊 Model Statistics:","timestamp":"2026-02-13 21:44:28"}
{"level":"info","message":"   Total models loaded: 13","timestamp":"2026-02-13 21:44:28"}
{"level":"info","message":"   CUSTOMER: 2 models","timestamp":"2026-02-13 21:44:28"}
{"level":"info","message":"   LOAN: 2 models","timestamp":"2026-02-13 21:44:28"}
{"level":"info","message":"   DEPOSIT: 1 models","timestamp":"2026-02-13 21:44:28"}
{"level":"info","message":"   TRANSACTION: 1 models","timestamp":"2026-02-13 21:44:28"}
{"level":"info","message":"   USER: 1 models","timestamp":"2026-02-13 21:44:28"}
{"level":"info","message":"   ACCOUNTING: 1 models","timestamp":"2026-02-13 21:44:28"}
{"level":"info","message":"   AUDIT: 1 models","timestamp":"2026-02-13 21:44:28"}
{"level":"info","logDir":"logs","message":"🚀 Winston logger initialized","nodeVersion":"v24.13.0","platform":"win32","timestamp":"2026-02-13 21:45:56"}
{"errors":["Role 28: Permission undefined not found in REPORT","Role 28: Permission undefined not found in REPORT","Role 38: Permission undefined not found in VAULT"],"level":"warn","message":"Permission validation errors","timestamp":"2026-02-13 21:46:00"}
{"errors":["Role 28: Permission undefined not found in REPORT","Role 28: Permission undefined not found in REPORT","Role 38: Permission undefined not found in VAULT"],"level":"warn","message":"Permission validation errors","timestamp":"2026-02-13 21:46:01"}
{"level":"info","message":"Server time initialized (WAT): 2026-02-14T06:46:03.550Z","timestamp":"2026-02-13 21:46:03"}
{"error":"auditLogger.info(...).catch is not a function","level":"warn","message":"Could not log startup audit","timestamp":"2026-02-13 21:46:03"}
{"level":"info","message":"🔧 Auto-initializing models in development mode...","timestamp":"2026-02-13 21:46:03"}
{"level":"info","message":"🚀 Initializing model loader...","timestamp":"2026-02-13 21:46:03"}
{"level":"info","message":"✅ Models loaded via index.js","timestamp":"2026-02-13 21:46:03"}
{"level":"info","message":"✅ Loaded critical model User on demand","timestamp":"2026-02-13 21:46:03"}
{"level":"info","message":"✅ Loaded critical model Customer on demand","timestamp":"2026-02-13 21:46:03"}
{"level":"info","message":"✅ Loaded critical model CustomerAccount on demand","timestamp":"2026-02-13 21:46:03"}
{"level":"info","message":"✅ Loaded critical model LoanAccount on demand","timestamp":"2026-02-13 21:46:03"}
{"level":"info","message":"✅ Loaded critical model LoanRepayment on demand","timestamp":"2026-02-13 21:46:03"}
{"level":"info","message":"✅ Loaded critical model Deposit on demand","timestamp":"2026-02-13 21:46:03"}
{"level":"info","message":"✅ Loaded critical model Transaction on demand","timestamp":"2026-02-13 21:46:03"}
{"level":"info","message":"✅ Loaded critical model GLAccount on demand","timestamp":"2026-02-13 21:46:03"}
{"level":"info","message":"✅ Loaded critical model AuditTrail on demand","timestamp":"2026-02-13 21:46:03"}
{"level":"info","message":"✅ Model loader initialized successfully","timestamp":"2026-02-13 21:46:03"}
{"level":"info","message":"📊 Loaded models: sequelize, Op, DataTypes, QueryTypes, User, Customer, CustomerAccount, LoanAccount, LoanRepayment, Deposit, Transaction, GLAccount, AuditTrail","timestamp":"2026-02-13 21:46:03"}
{"level":"info","message":"📊 Model Statistics:","timestamp":"2026-02-13 21:46:03"}
{"level":"info","message":"   Total models loaded: 13","timestamp":"2026-02-13 21:46:03"}
{"level":"info","message":"   CUSTOMER: 2 models","timestamp":"2026-02-13 21:46:03"}
{"level":"info","message":"   LOAN: 2 models","timestamp":"2026-02-13 21:46:03"}
{"level":"info","message":"   DEPOSIT: 1 models","timestamp":"2026-02-13 21:46:03"}
{"level":"info","message":"   TRANSACTION: 1 models","timestamp":"2026-02-13 21:46:03"}
{"level":"info","message":"   USER: 1 models","timestamp":"2026-02-13 21:46:03"}
{"level":"info","message":"   ACCOUNTING: 1 models","timestamp":"2026-02-13 21:46:03"}
{"level":"info","message":"   AUDIT: 1 models","timestamp":"2026-02-13 21:46:04"}
{"level":"info","logDir":"logs","message":"🚀 Winston logger initialized","nodeVersion":"v24.13.0","platform":"win32","timestamp":"2026-02-13 21:45:56"}
{"errors":["Role 28: Permission undefined not found in REPORT","Role 28: Permission undefined not found in REPORT","Role 38: Permission undefined not found in VAULT"],"level":"warn","message":"Permission validation errors","timestamp":"2026-02-13 21:46:00"}
{"errors":["Role 28: Permission undefined not found in REPORT","Role 28: Permission undefined not found in REPORT","Role 38: Permission undefined not found in VAULT"],"level":"warn","message":"Permission validation errors","timestamp":"2026-02-13 21:46:01"}
{"level":"info","message":"Server time initialized (WAT): 2026-02-14T06:46:03.556Z","timestamp":"2026-02-13 21:46:03"}
{"error":"auditLogger.info(...).catch is not a function","level":"warn","message":"Could not log startup audit","timestamp":"2026-02-13 21:46:03"}
{"level":"info","message":"🔧 Auto-initializing models in development mode...","timestamp":"2026-02-13 21:46:03"}
{"level":"info","message":"🚀 Initializing model loader...","timestamp":"2026-02-13 21:46:03"}
{"level":"info","message":"✅ Models loaded via index.js","timestamp":"2026-02-13 21:46:03"}
{"level":"info","message":"✅ Loaded critical model User on demand","timestamp":"2026-02-13 21:46:03"}
{"level":"info","message":"✅ Loaded critical model Customer on demand","timestamp":"2026-02-13 21:46:03"}
{"level":"info","message":"✅ Loaded critical model CustomerAccount on demand","timestamp":"2026-02-13 21:46:03"}
{"level":"info","message":"✅ Loaded critical model LoanAccount on demand","timestamp":"2026-02-13 21:46:03"}
{"level":"info","message":"✅ Loaded critical model LoanRepayment on demand","timestamp":"2026-02-13 21:46:03"}
{"level":"info","message":"✅ Loaded critical model Deposit on demand","timestamp":"2026-02-13 21:46:03"}
{"level":"info","message":"✅ Loaded critical model Transaction on demand","timestamp":"2026-02-13 21:46:03"}
{"level":"info","message":"✅ Loaded critical model GLAccount on demand","timestamp":"2026-02-13 21:46:03"}
{"level":"info","message":"✅ Loaded critical model AuditTrail on demand","timestamp":"2026-02-13 21:46:03"}
{"level":"info","message":"✅ Model loader initialized successfully","timestamp":"2026-02-13 21:46:03"}
{"level":"info","message":"📊 Loaded models: sequelize, Op, DataTypes, QueryTypes, User, Customer, CustomerAccount, LoanAccount, LoanRepayment, Deposit, Transaction, GLAccount, AuditTrail","timestamp":"2026-02-13 21:46:03"}
{"level":"info","message":"📊 Model Statistics:","timestamp":"2026-02-13 21:46:03"}
{"level":"info","message":"   Total models loaded: 13","timestamp":"2026-02-13 21:46:03"}
{"level":"info","message":"   CUSTOMER: 2 models","timestamp":"2026-02-13 21:46:03"}
{"level":"info","message":"   LOAN: 2 models","timestamp":"2026-02-13 21:46:03"}
{"level":"info","message":"   DEPOSIT: 1 models","timestamp":"2026-02-13 21:46:03"}
{"level":"info","message":"   TRANSACTION: 1 models","timestamp":"2026-02-13 21:46:03"}
{"level":"info","message":"   USER: 1 models","timestamp":"2026-02-13 21:46:03"}
{"level":"info","message":"   ACCOUNTING: 1 models","timestamp":"2026-02-13 21:46:03"}
{"level":"info","message":"   AUDIT: 1 models","timestamp":"2026-02-13 21:46:03"}
{"level":"info","logDir":"logs","message":"🚀 Winston logger initialized","nodeVersion":"v24.13.0","platform":"win32","timestamp":"2026-02-13 21:45:56"}
{"errors":["Role 28: Permission undefined not found in REPORT","Role 28: Permission undefined not found in REPORT","Role 38: Permission undefined not found in VAULT"],"level":"warn","message":"Permission validation errors","timestamp":"2026-02-13 21:46:00"}
{"errors":["Role 28: Permission undefined not found in REPORT","Role 28: Permission undefined not found in REPORT","Role 38: Permission undefined not found in VAULT"],"level":"warn","message":"Permission validation errors","timestamp":"2026-02-13 21:46:01"}
{"level":"info","message":"Server time initialized (WAT): 2026-02-14T06:46:03.549Z","timestamp":"2026-02-13 21:46:03"}
{"error":"auditLogger.info(...).catch is not a function","level":"warn","message":"Could not log startup audit","timestamp":"2026-02-13 21:46:03"}
{"level":"info","message":"🔧 Auto-initializing models in development mode...","timestamp":"2026-02-13 21:46:03"}
{"level":"info","message":"🚀 Initializing model loader...","timestamp":"2026-02-13 21:46:03"}
{"level":"info","message":"✅ Models loaded via index.js","timestamp":"2026-02-13 21:46:03"}
{"level":"info","message":"✅ Loaded critical model User on demand","timestamp":"2026-02-13 21:46:03"}
{"level":"info","message":"✅ Loaded critical model Customer on demand","timestamp":"2026-02-13 21:46:03"}
{"level":"info","message":"✅ Loaded critical model CustomerAccount on demand","timestamp":"2026-02-13 21:46:03"}
{"level":"info","message":"✅ Loaded critical model LoanAccount on demand","timestamp":"2026-02-13 21:46:03"}
{"level":"info","message":"✅ Loaded critical model LoanRepayment on demand","timestamp":"2026-02-13 21:46:03"}
{"level":"info","message":"✅ Loaded critical model Deposit on demand","timestamp":"2026-02-13 21:46:03"}
{"level":"info","message":"✅ Loaded critical model Transaction on demand","timestamp":"2026-02-13 21:46:03"}
{"level":"info","message":"✅ Loaded critical model GLAccount on demand","timestamp":"2026-02-13 21:46:03"}
{"level":"info","message":"✅ Loaded critical model AuditTrail on demand","timestamp":"2026-02-13 21:46:03"}
{"level":"info","message":"✅ Model loader initialized successfully","timestamp":"2026-02-13 21:46:03"}
{"level":"info","message":"📊 Loaded models: sequelize, Op, DataTypes, QueryTypes, User, Customer, CustomerAccount, LoanAccount, LoanRepayment, Deposit, Transaction, GLAccount, AuditTrail","timestamp":"2026-02-13 21:46:04"}
{"level":"info","message":"📊 Model Statistics:","timestamp":"2026-02-13 21:46:04"}
{"level":"info","message":"   Total models loaded: 13","timestamp":"2026-02-13 21:46:04"}
{"level":"info","message":"   CUSTOMER: 2 models","timestamp":"2026-02-13 21:46:04"}
{"level":"info","message":"   LOAN: 2 models","timestamp":"2026-02-13 21:46:04"}
{"level":"info","message":"   DEPOSIT: 1 models","timestamp":"2026-02-13 21:46:04"}
{"level":"info","message":"   TRANSACTION: 1 models","timestamp":"2026-02-13 21:46:04"}
{"level":"info","message":"   USER: 1 models","timestamp":"2026-02-13 21:46:04"}
{"level":"info","message":"   ACCOUNTING: 1 models","timestamp":"2026-02-13 21:46:04"}
{"level":"info","message":"   AUDIT: 1 models","timestamp":"2026-02-13 21:46:04"}
{"level":"info","logDir":"logs","message":"🚀 Winston logger initialized","nodeVersion":"v24.13.0","platform":"win32","timestamp":"2026-02-13 21:45:56"}
{"errors":["Role 28: Permission undefined not found in REPORT","Role 28: Permission undefined not found in REPORT","Role 38: Permission undefined not found in VAULT"],"level":"warn","message":"Permission validation errors","timestamp":"2026-02-13 21:46:00"}
{"errors":["Role 28: Permission undefined not found in REPORT","Role 28: Permission undefined not found in REPORT","Role 38: Permission undefined not found in VAULT"],"level":"warn","message":"Permission validation errors","timestamp":"2026-02-13 21:46:01"}
{"level":"info","message":"Server time initialized (WAT): 2026-02-14T06:46:03.545Z","timestamp":"2026-02-13 21:46:03"}
{"error":"auditLogger.info(...).catch is not a function","level":"warn","message":"Could not log startup audit","timestamp":"2026-02-13 21:46:03"}
{"level":"info","message":"🔧 Auto-initializing models in development mode...","timestamp":"2026-02-13 21:46:03"}
{"level":"info","message":"🚀 Initializing model loader...","timestamp":"2026-02-13 21:46:03"}
{"level":"info","message":"✅ Models loaded via index.js","timestamp":"2026-02-13 21:46:03"}
{"level":"info","message":"✅ Loaded critical model User on demand","timestamp":"2026-02-13 21:46:03"}
{"level":"info","message":"✅ Loaded critical model Customer on demand","timestamp":"2026-02-13 21:46:03"}
{"level":"info","message":"✅ Loaded critical model CustomerAccount on demand","timestamp":"2026-02-13 21:46:03"}
{"level":"info","message":"✅ Loaded critical model LoanAccount on demand","timestamp":"2026-02-13 21:46:03"}
{"level":"info","message":"✅ Loaded critical model LoanRepayment on demand","timestamp":"2026-02-13 21:46:03"}
{"level":"info","message":"✅ Loaded critical model Deposit on demand","timestamp":"2026-02-13 21:46:03"}
{"level":"info","message":"✅ Loaded critical model Transaction on demand","timestamp":"2026-02-13 21:46:04"}
{"level":"info","message":"✅ Loaded critical model GLAccount on demand","timestamp":"2026-02-13 21:46:04"}
{"level":"info","message":"✅ Loaded critical model AuditTrail on demand","timestamp":"2026-02-13 21:46:04"}
{"level":"info","message":"✅ Model loader initialized successfully","timestamp":"2026-02-13 21:46:04"}
{"level":"info","message":"📊 Loaded models: sequelize, Op, DataTypes, QueryTypes, User, Customer, CustomerAccount, LoanAccount, LoanRepayment, Deposit, Transaction, GLAccount, AuditTrail","timestamp":"2026-02-13 21:46:04"}
{"level":"info","message":"📊 Model Statistics:","timestamp":"2026-02-13 21:46:04"}
{"level":"info","message":"   Total models loaded: 13","timestamp":"2026-02-13 21:46:04"}
{"level":"info","message":"   CUSTOMER: 2 models","timestamp":"2026-02-13 21:46:04"}
{"level":"info","message":"   LOAN: 2 models","timestamp":"2026-02-13 21:46:04"}
{"level":"info","message":"   DEPOSIT: 1 models","timestamp":"2026-02-13 21:46:04"}
{"level":"info","message":"   TRANSACTION: 1 models","timestamp":"2026-02-13 21:46:04"}
{"level":"info","message":"   USER: 1 models","timestamp":"2026-02-13 21:46:04"}
{"level":"info","message":"   ACCOUNTING: 1 models","timestamp":"2026-02-13 21:46:04"}
{"level":"info","message":"   AUDIT: 1 models","timestamp":"2026-02-13 21:46:04"}
{"level":"info","logDir":"logs","message":"🚀 Winston logger initialized","nodeVersion":"v24.13.0","platform":"win32","timestamp":"2026-02-13 21:47:30"}
{"errors":["Role 28: Permission undefined not found in REPORT","Role 28: Permission undefined not found in REPORT","Role 38: Permission undefined not found in VAULT"],"level":"warn","message":"Permission validation errors","timestamp":"2026-02-13 21:47:35"}
{"errors":["Role 28: Permission undefined not found in REPORT","Role 28: Permission undefined not found in REPORT","Role 38: Permission undefined not found in VAULT"],"level":"warn","message":"Permission validation errors","timestamp":"2026-02-13 21:47:35"}
{"level":"info","message":"Server time initialized (WAT): 2026-02-14T06:47:38.498Z","timestamp":"2026-02-13 21:47:38"}
{"error":"auditLogger.info(...).catch is not a function","level":"warn","message":"Could not log startup audit","timestamp":"2026-02-13 21:47:38"}
{"level":"info","message":"🔧 Auto-initializing models in development mode...","timestamp":"2026-02-13 21:47:38"}
{"level":"info","message":"🚀 Initializing model loader...","timestamp":"2026-02-13 21:47:38"}
{"level":"info","message":"✅ Models loaded via index.js","timestamp":"2026-02-13 21:47:38"}
{"level":"info","message":"✅ Loaded critical model User on demand","timestamp":"2026-02-13 21:47:38"}
{"level":"info","message":"✅ Loaded critical model Customer on demand","timestamp":"2026-02-13 21:47:38"}
{"level":"info","message":"✅ Loaded critical model CustomerAccount on demand","timestamp":"2026-02-13 21:47:38"}
{"level":"info","message":"✅ Loaded critical model LoanAccount on demand","timestamp":"2026-02-13 21:47:38"}
{"level":"info","message":"✅ Loaded critical model LoanRepayment on demand","timestamp":"2026-02-13 21:47:38"}
{"level":"info","message":"✅ Loaded critical model Deposit on demand","timestamp":"2026-02-13 21:47:38"}
{"level":"info","message":"✅ Loaded critical model Transaction on demand","timestamp":"2026-02-13 21:47:38"}
{"level":"info","message":"✅ Loaded critical model GLAccount on demand","timestamp":"2026-02-13 21:47:38"}
{"level":"info","message":"✅ Loaded critical model AuditTrail on demand","timestamp":"2026-02-13 21:47:38"}
{"level":"info","message":"✅ Model loader initialized successfully","timestamp":"2026-02-13 21:47:38"}
{"level":"info","message":"📊 Loaded models: sequelize, Op, DataTypes, QueryTypes, User, Customer, CustomerAccount, LoanAccount, LoanRepayment, Deposit, Transaction, GLAccount, AuditTrail","timestamp":"2026-02-13 21:47:38"}
{"level":"info","message":"📊 Model Statistics:","timestamp":"2026-02-13 21:47:38"}
{"level":"info","message":"   Total models loaded: 13","timestamp":"2026-02-13 21:47:38"}
{"level":"info","message":"   CUSTOMER: 2 models","timestamp":"2026-02-13 21:47:38"}
{"level":"info","message":"   LOAN: 2 models","timestamp":"2026-02-13 21:47:38"}
{"level":"info","message":"   DEPOSIT: 1 models","timestamp":"2026-02-13 21:47:38"}
{"level":"info","message":"   TRANSACTION: 1 models","timestamp":"2026-02-13 21:47:38"}
{"level":"info","message":"   USER: 1 models","timestamp":"2026-02-13 21:47:38"}
{"level":"info","message":"   ACCOUNTING: 1 models","timestamp":"2026-02-13 21:47:38"}
{"level":"info","message":"   AUDIT: 1 models","timestamp":"2026-02-13 21:47:38"}
{"level":"info","logDir":"logs","message":"🚀 Winston logger initialized","nodeVersion":"v24.13.0","platform":"win32","timestamp":"2026-02-13 21:47:30"}
{"errors":["Role 28: Permission undefined not found in REPORT","Role 28: Permission undefined not found in REPORT","Role 38: Permission undefined not found in VAULT"],"level":"warn","message":"Permission validation errors","timestamp":"2026-02-13 21:47:35"}
{"errors":["Role 28: Permission undefined not found in REPORT","Role 28: Permission undefined not found in REPORT","Role 38: Permission undefined not found in VAULT"],"level":"warn","message":"Permission validation errors","timestamp":"2026-02-13 21:47:35"}
{"level":"info","message":"Server time initialized (WAT): 2026-02-14T06:47:38.468Z","timestamp":"2026-02-13 21:47:38"}
{"error":"auditLogger.info(...).catch is not a function","level":"warn","message":"Could not log startup audit","timestamp":"2026-02-13 21:47:38"}
{"level":"info","message":"🔧 Auto-initializing models in development mode...","timestamp":"2026-02-13 21:47:38"}
{"level":"info","message":"🚀 Initializing model loader...","timestamp":"2026-02-13 21:47:38"}
{"level":"info","message":"✅ Models loaded via index.js","timestamp":"2026-02-13 21:47:38"}
{"level":"info","message":"✅ Loaded critical model User on demand","timestamp":"2026-02-13 21:47:38"}
{"level":"info","message":"✅ Loaded critical model Customer on demand","timestamp":"2026-02-13 21:47:38"}
{"level":"info","message":"✅ Loaded critical model CustomerAccount on demand","timestamp":"2026-02-13 21:47:38"}
{"level":"info","message":"✅ Loaded critical model LoanAccount on demand","timestamp":"2026-02-13 21:47:38"}
{"level":"info","message":"✅ Loaded critical model LoanRepayment on demand","timestamp":"2026-02-13 21:47:38"}
{"level":"info","message":"✅ Loaded critical model Deposit on demand","timestamp":"2026-02-13 21:47:38"}
{"level":"info","message":"✅ Loaded critical model Transaction on demand","timestamp":"2026-02-13 21:47:38"}
{"level":"info","message":"✅ Loaded critical model GLAccount on demand","timestamp":"2026-02-13 21:47:38"}
{"level":"info","message":"✅ Loaded critical model AuditTrail on demand","timestamp":"2026-02-13 21:47:38"}
{"level":"info","message":"✅ Model loader initialized successfully","timestamp":"2026-02-13 21:47:38"}
{"level":"info","message":"📊 Loaded models: sequelize, Op, DataTypes, QueryTypes, User, Customer, CustomerAccount, LoanAccount, LoanRepayment, Deposit, Transaction, GLAccount, AuditTrail","timestamp":"2026-02-13 21:47:38"}
{"level":"info","message":"📊 Model Statistics:","timestamp":"2026-02-13 21:47:38"}
{"level":"info","message":"   Total models loaded: 13","timestamp":"2026-02-13 21:47:38"}
{"level":"info","message":"   CUSTOMER: 2 models","timestamp":"2026-02-13 21:47:38"}
{"level":"info","message":"   LOAN: 2 models","timestamp":"2026-02-13 21:47:38"}
{"level":"info","message":"   DEPOSIT: 1 models","timestamp":"2026-02-13 21:47:38"}
{"level":"info","message":"   TRANSACTION: 1 models","timestamp":"2026-02-13 21:47:38"}
{"level":"info","message":"   USER: 1 models","timestamp":"2026-02-13 21:47:38"}
{"level":"info","message":"   ACCOUNTING: 1 models","timestamp":"2026-02-13 21:47:38"}
{"level":"info","message":"   AUDIT: 1 models","timestamp":"2026-02-13 21:47:38"}
{"level":"info","logDir":"logs","message":"🚀 Winston logger initialized","nodeVersion":"v24.13.0","platform":"win32","timestamp":"2026-02-13 21:47:30"}
{"errors":["Role 28: Permission undefined not found in REPORT","Role 28: Permission undefined not found in REPORT","Role 38: Permission undefined not found in VAULT"],"level":"warn","message":"Permission validation errors","timestamp":"2026-02-13 21:47:35"}
{"errors":["Role 28: Permission undefined not found in REPORT","Role 28: Permission undefined not found in REPORT","Role 38: Permission undefined not found in VAULT"],"level":"warn","message":"Permission validation errors","timestamp":"2026-02-13 21:47:35"}
{"level":"info","message":"Server time initialized (WAT): 2026-02-14T06:47:38.488Z","timestamp":"2026-02-13 21:47:38"}
{"error":"auditLogger.info(...).catch is not a function","level":"warn","message":"Could not log startup audit","timestamp":"2026-02-13 21:47:38"}
{"level":"info","message":"🔧 Auto-initializing models in development mode...","timestamp":"2026-02-13 21:47:38"}
{"level":"info","message":"🚀 Initializing model loader...","timestamp":"2026-02-13 21:47:38"}
{"level":"info","message":"✅ Models loaded via index.js","timestamp":"2026-02-13 21:47:38"}
{"level":"info","message":"✅ Loaded critical model User on demand","timestamp":"2026-02-13 21:47:38"}
{"level":"info","message":"✅ Loaded critical model Customer on demand","timestamp":"2026-02-13 21:47:38"}
{"level":"info","message":"✅ Loaded critical model CustomerAccount on demand","timestamp":"2026-02-13 21:47:38"}
{"level":"info","message":"✅ Loaded critical model LoanAccount on demand","timestamp":"2026-02-13 21:47:38"}
{"level":"info","message":"✅ Loaded critical model LoanRepayment on demand","timestamp":"2026-02-13 21:47:38"}
{"level":"info","message":"✅ Loaded critical model Deposit on demand","timestamp":"2026-02-13 21:47:38"}
{"level":"info","message":"✅ Loaded critical model Transaction on demand","timestamp":"2026-02-13 21:47:38"}
{"level":"info","message":"✅ Loaded critical model GLAccount on demand","timestamp":"2026-02-13 21:47:38"}
{"level":"info","message":"✅ Loaded critical model AuditTrail on demand","timestamp":"2026-02-13 21:47:38"}
{"level":"info","message":"✅ Model loader initialized successfully","timestamp":"2026-02-13 21:47:38"}
{"level":"info","message":"📊 Loaded models: sequelize, Op, DataTypes, QueryTypes, User, Customer, CustomerAccount, LoanAccount, LoanRepayment, Deposit, Transaction, GLAccount, AuditTrail","timestamp":"2026-02-13 21:47:38"}
{"level":"info","message":"📊 Model Statistics:","timestamp":"2026-02-13 21:47:38"}
{"level":"info","message":"   Total models loaded: 13","timestamp":"2026-02-13 21:47:38"}
{"level":"info","message":"   CUSTOMER: 2 models","timestamp":"2026-02-13 21:47:38"}
{"level":"info","message":"   LOAN: 2 models","timestamp":"2026-02-13 21:47:38"}
{"level":"info","message":"   DEPOSIT: 1 models","timestamp":"2026-02-13 21:47:38"}
{"level":"info","message":"   TRANSACTION: 1 models","timestamp":"2026-02-13 21:47:38"}
{"level":"info","message":"   USER: 1 models","timestamp":"2026-02-13 21:47:38"}
{"level":"info","message":"   ACCOUNTING: 1 models","timestamp":"2026-02-13 21:47:38"}
{"level":"info","message":"   AUDIT: 1 models","timestamp":"2026-02-13 21:47:38"}
{"level":"info","logDir":"logs","message":"🚀 Winston logger initialized","nodeVersion":"v24.13.0","platform":"win32","timestamp":"2026-02-13 21:47:30"}
{"errors":["Role 28: Permission undefined not found in REPORT","Role 28: Permission undefined not found in REPORT","Role 38: Permission undefined not found in VAULT"],"level":"warn","message":"Permission validation errors","timestamp":"2026-02-13 21:47:35"}
{"errors":["Role 28: Permission undefined not found in REPORT","Role 28: Permission undefined not found in REPORT","Role 38: Permission undefined not found in VAULT"],"level":"warn","message":"Permission validation errors","timestamp":"2026-02-13 21:47:35"}
{"level":"info","message":"Server time initialized (WAT): 2026-02-14T06:47:38.474Z","timestamp":"2026-02-13 21:47:38"}
{"error":"auditLogger.info(...).catch is not a function","level":"warn","message":"Could not log startup audit","timestamp":"2026-02-13 21:47:38"}
{"level":"info","message":"🔧 Auto-initializing models in development mode...","timestamp":"2026-02-13 21:47:38"}
{"level":"info","message":"🚀 Initializing model loader...","timestamp":"2026-02-13 21:47:38"}
{"level":"info","message":"✅ Models loaded via index.js","timestamp":"2026-02-13 21:47:38"}
{"level":"info","message":"✅ Loaded critical model User on demand","timestamp":"2026-02-13 21:47:38"}
{"level":"info","message":"✅ Loaded critical model Customer on demand","timestamp":"2026-02-13 21:47:38"}
{"level":"info","message":"✅ Loaded critical model CustomerAccount on demand","timestamp":"2026-02-13 21:47:38"}
{"level":"info","message":"✅ Loaded critical model LoanAccount on demand","timestamp":"2026-02-13 21:47:38"}
{"level":"info","message":"✅ Loaded critical model LoanRepayment on demand","timestamp":"2026-02-13 21:47:38"}
{"level":"info","message":"✅ Loaded critical model Deposit on demand","timestamp":"2026-02-13 21:47:38"}
{"level":"info","message":"✅ Loaded critical model Transaction on demand","timestamp":"2026-02-13 21:47:38"}
{"level":"info","message":"✅ Loaded critical model GLAccount on demand","timestamp":"2026-02-13 21:47:38"}
{"level":"info","message":"✅ Loaded critical model AuditTrail on demand","timestamp":"2026-02-13 21:47:38"}
{"level":"info","message":"✅ Model loader initialized successfully","timestamp":"2026-02-13 21:47:38"}
{"level":"info","message":"📊 Loaded models: sequelize, Op, DataTypes, QueryTypes, User, Customer, CustomerAccount, LoanAccount, LoanRepayment, Deposit, Transaction, GLAccount, AuditTrail","timestamp":"2026-02-13 21:47:38"}
{"level":"info","message":"📊 Model Statistics:","timestamp":"2026-02-13 21:47:38"}
{"level":"info","message":"   Total models loaded: 13","timestamp":"2026-02-13 21:47:38"}
{"level":"info","message":"   CUSTOMER: 2 models","timestamp":"2026-02-13 21:47:38"}
{"level":"info","message":"   LOAN: 2 models","timestamp":"2026-02-13 21:47:38"}
{"level":"info","message":"   DEPOSIT: 1 models","timestamp":"2026-02-13 21:47:39"}
{"level":"info","message":"   TRANSACTION: 1 models","timestamp":"2026-02-13 21:47:39"}
{"level":"info","message":"   USER: 1 models","timestamp":"2026-02-13 21:47:39"}
{"level":"info","message":"   ACCOUNTING: 1 models","timestamp":"2026-02-13 21:47:39"}
{"level":"info","message":"   AUDIT: 1 models","timestamp":"2026-02-13 21:47:39"}
{"level":"info","logDir":"logs","message":"🚀 Winston logger initialized","nodeVersion":"v24.13.0","platform":"win32","timestamp":"2026-02-13 21:49:12"}
{"errors":["Role 28: Permission undefined not found in REPORT","Role 28: Permission undefined not found in REPORT","Role 38: Permission undefined not found in VAULT"],"level":"warn","message":"Permission validation errors","timestamp":"2026-02-13 21:49:16"}
{"errors":["Role 28: Permission undefined not found in REPORT","Role 28: Permission undefined not found in REPORT","Role 38: Permission undefined not found in VAULT"],"level":"warn","message":"Permission validation errors","timestamp":"2026-02-13 21:49:17"}
{"level":"info","message":"Server time initialized (WAT): 2026-02-14T06:49:20.491Z","timestamp":"2026-02-13 21:49:20"}
{"error":"auditLogger.info(...).catch is not a function","level":"warn","message":"Could not log startup audit","timestamp":"2026-02-13 21:49:20"}
{"level":"info","message":"🔧 Auto-initializing models in development mode...","timestamp":"2026-02-13 21:49:20"}
{"level":"info","message":"🚀 Initializing model loader...","timestamp":"2026-02-13 21:49:20"}
{"level":"info","message":"✅ Models loaded via index.js","timestamp":"2026-02-13 21:49:20"}
{"level":"info","message":"✅ Loaded critical model User on demand","timestamp":"2026-02-13 21:49:20"}
{"level":"info","message":"✅ Loaded critical model Customer on demand","timestamp":"2026-02-13 21:49:20"}
{"level":"info","message":"✅ Loaded critical model CustomerAccount on demand","timestamp":"2026-02-13 21:49:20"}
{"level":"info","message":"✅ Loaded critical model LoanAccount on demand","timestamp":"2026-02-13 21:49:20"}
{"level":"info","message":"✅ Loaded critical model LoanRepayment on demand","timestamp":"2026-02-13 21:49:20"}
{"level":"info","message":"✅ Loaded critical model Deposit on demand","timestamp":"2026-02-13 21:49:20"}
{"level":"info","message":"✅ Loaded critical model Transaction on demand","timestamp":"2026-02-13 21:49:20"}
{"level":"info","message":"✅ Loaded critical model GLAccount on demand","timestamp":"2026-02-13 21:49:21"}
{"level":"info","message":"✅ Loaded critical model AuditTrail on demand","timestamp":"2026-02-13 21:49:21"}
{"level":"info","message":"✅ Model loader initialized successfully","timestamp":"2026-02-13 21:49:21"}
{"level":"info","message":"📊 Loaded models: sequelize, Op, DataTypes, QueryTypes, User, Customer, CustomerAccount, LoanAccount, LoanRepayment, Deposit, Transaction, GLAccount, AuditTrail","timestamp":"2026-02-13 21:49:21"}
{"level":"info","message":"📊 Model Statistics:","timestamp":"2026-02-13 21:49:21"}
{"level":"info","message":"   Total models loaded: 13","timestamp":"2026-02-13 21:49:21"}
{"level":"info","message":"   CUSTOMER: 2 models","timestamp":"2026-02-13 21:49:21"}
{"level":"info","message":"   LOAN: 2 models","timestamp":"2026-02-13 21:49:21"}
{"level":"info","message":"   DEPOSIT: 1 models","timestamp":"2026-02-13 21:49:21"}
{"level":"info","message":"   TRANSACTION: 1 models","timestamp":"2026-02-13 21:49:21"}
{"level":"info","message":"   USER: 1 models","timestamp":"2026-02-13 21:49:21"}
{"level":"info","message":"   ACCOUNTING: 1 models","timestamp":"2026-02-13 21:49:21"}
{"level":"info","message":"   AUDIT: 1 models","timestamp":"2026-02-13 21:49:21"}
{"level":"info","logDir":"logs","message":"🚀 Winston logger initialized","nodeVersion":"v24.13.0","platform":"win32","timestamp":"2026-02-13 21:49:12"}
{"errors":["Role 28: Permission undefined not found in REPORT","Role 28: Permission undefined not found in REPORT","Role 38: Permission undefined not found in VAULT"],"level":"warn","message":"Permission validation errors","timestamp":"2026-02-13 21:49:16"}
{"errors":["Role 28: Permission undefined not found in REPORT","Role 28: Permission undefined not found in REPORT","Role 38: Permission undefined not found in VAULT"],"level":"warn","message":"Permission validation errors","timestamp":"2026-02-13 21:49:17"}
{"level":"info","message":"Server time initialized (WAT): 2026-02-14T06:49:20.486Z","timestamp":"2026-02-13 21:49:20"}
{"error":"auditLogger.info(...).catch is not a function","level":"warn","message":"Could not log startup audit","timestamp":"2026-02-13 21:49:20"}
{"level":"info","message":"🔧 Auto-initializing models in development mode...","timestamp":"2026-02-13 21:49:20"}
{"level":"info","message":"🚀 Initializing model loader...","timestamp":"2026-02-13 21:49:20"}
{"level":"info","message":"✅ Models loaded via index.js","timestamp":"2026-02-13 21:49:20"}
{"level":"info","message":"✅ Loaded critical model User on demand","timestamp":"2026-02-13 21:49:20"}
{"level":"info","message":"✅ Loaded critical model Customer on demand","timestamp":"2026-02-13 21:49:20"}
{"level":"info","message":"✅ Loaded critical model CustomerAccount on demand","timestamp":"2026-02-13 21:49:20"}
{"level":"info","message":"✅ Loaded critical model LoanAccount on demand","timestamp":"2026-02-13 21:49:20"}
{"level":"info","message":"✅ Loaded critical model LoanRepayment on demand","timestamp":"2026-02-13 21:49:20"}
{"level":"info","message":"✅ Loaded critical model Deposit on demand","timestamp":"2026-02-13 21:49:20"}
{"level":"info","message":"✅ Loaded critical model Transaction on demand","timestamp":"2026-02-13 21:49:21"}
{"level":"info","message":"✅ Loaded critical model GLAccount on demand","timestamp":"2026-02-13 21:49:21"}
{"level":"info","message":"✅ Loaded critical model AuditTrail on demand","timestamp":"2026-02-13 21:49:21"}
{"level":"info","message":"✅ Model loader initialized successfully","timestamp":"2026-02-13 21:49:21"}
{"level":"info","message":"📊 Loaded models: sequelize, Op, DataTypes, QueryTypes, User, Customer, CustomerAccount, LoanAccount, LoanRepayment, Deposit, Transaction, GLAccount, AuditTrail","timestamp":"2026-02-13 21:49:21"}
{"level":"info","message":"📊 Model Statistics:","timestamp":"2026-02-13 21:49:21"}
{"level":"info","message":"   Total models loaded: 13","timestamp":"2026-02-13 21:49:21"}
{"level":"info","message":"   CUSTOMER: 2 models","timestamp":"2026-02-13 21:49:21"}
{"level":"info","message":"   LOAN: 2 models","timestamp":"2026-02-13 21:49:21"}
{"level":"info","message":"   DEPOSIT: 1 models","timestamp":"2026-02-13 21:49:21"}
{"level":"info","message":"   TRANSACTION: 1 models","timestamp":"2026-02-13 21:49:21"}
{"level":"info","message":"   USER: 1 models","timestamp":"2026-02-13 21:49:21"}
{"level":"info","message":"   ACCOUNTING: 1 models","timestamp":"2026-02-13 21:49:21"}
{"level":"info","message":"   AUDIT: 1 models","timestamp":"2026-02-13 21:49:21"}
{"level":"info","logDir":"logs","message":"🚀 Winston logger initialized","nodeVersion":"v24.13.0","platform":"win32","timestamp":"2026-02-13 21:49:12"}
{"errors":["Role 28: Permission undefined not found in REPORT","Role 28: Permission undefined not found in REPORT","Role 38: Permission undefined not found in VAULT"],"level":"warn","message":"Permission validation errors","timestamp":"2026-02-13 21:49:16"}
{"errors":["Role 28: Permission undefined not found in REPORT","Role 28: Permission undefined not found in REPORT","Role 38: Permission undefined not found in VAULT"],"level":"warn","message":"Permission validation errors","timestamp":"2026-02-13 21:49:17"}
{"level":"info","message":"Server time initialized (WAT): 2026-02-14T06:49:20.475Z","timestamp":"2026-02-13 21:49:20"}
{"error":"auditLogger.info(...).catch is not a function","level":"warn","message":"Could not log startup audit","timestamp":"2026-02-13 21:49:20"}
{"level":"info","message":"🔧 Auto-initializing models in development mode...","timestamp":"2026-02-13 21:49:20"}
{"level":"info","message":"🚀 Initializing model loader...","timestamp":"2026-02-13 21:49:20"}
{"level":"info","message":"✅ Models loaded via index.js","timestamp":"2026-02-13 21:49:20"}
{"level":"info","message":"✅ Loaded critical model User on demand","timestamp":"2026-02-13 21:49:20"}
{"level":"info","message":"✅ Loaded critical model Customer on demand","timestamp":"2026-02-13 21:49:20"}
{"level":"info","message":"✅ Loaded critical model CustomerAccount on demand","timestamp":"2026-02-13 21:49:20"}
{"level":"info","message":"✅ Loaded critical model LoanAccount on demand","timestamp":"2026-02-13 21:49:20"}
{"level":"info","message":"✅ Loaded critical model LoanRepayment on demand","timestamp":"2026-02-13 21:49:20"}
{"level":"info","message":"✅ Loaded critical model Deposit on demand","timestamp":"2026-02-13 21:49:20"}
{"level":"info","message":"✅ Loaded critical model Transaction on demand","timestamp":"2026-02-13 21:49:20"}
{"level":"info","message":"✅ Loaded critical model GLAccount on demand","timestamp":"2026-02-13 21:49:21"}
{"level":"info","message":"✅ Loaded critical model AuditTrail on demand","timestamp":"2026-02-13 21:49:21"}
{"level":"info","message":"✅ Model loader initialized successfully","timestamp":"2026-02-13 21:49:21"}
{"level":"info","message":"📊 Loaded models: sequelize, Op, DataTypes, QueryTypes, User, Customer, CustomerAccount, LoanAccount, LoanRepayment, Deposit, Transaction, GLAccount, AuditTrail","timestamp":"2026-02-13 21:49:21"}
{"level":"info","message":"📊 Model Statistics:","timestamp":"2026-02-13 21:49:21"}
{"level":"info","message":"   Total models loaded: 13","timestamp":"2026-02-13 21:49:21"}
{"level":"info","message":"   CUSTOMER: 2 models","timestamp":"2026-02-13 21:49:21"}
{"level":"info","message":"   LOAN: 2 models","timestamp":"2026-02-13 21:49:21"}
{"level":"info","message":"   DEPOSIT: 1 models","timestamp":"2026-02-13 21:49:21"}
{"level":"info","message":"   TRANSACTION: 1 models","timestamp":"2026-02-13 21:49:21"}
{"level":"info","message":"   USER: 1 models","timestamp":"2026-02-13 21:49:21"}
{"level":"info","message":"   ACCOUNTING: 1 models","timestamp":"2026-02-13 21:49:21"}
{"level":"info","message":"   AUDIT: 1 models","timestamp":"2026-02-13 21:49:21"}
{"level":"info","logDir":"logs","message":"🚀 Winston logger initialized","nodeVersion":"v24.13.0","platform":"win32","timestamp":"2026-02-13 21:49:12"}
{"errors":["Role 28: Permission undefined not found in REPORT","Role 28: Permission undefined not found in REPORT","Role 38: Permission undefined not found in VAULT"],"level":"warn","message":"Permission validation errors","timestamp":"2026-02-13 21:49:16"}
{"errors":["Role 28: Permission undefined not found in REPORT","Role 28: Permission undefined not found in REPORT","Role 38: Permission undefined not found in VAULT"],"level":"warn","message":"Permission validation errors","timestamp":"2026-02-13 21:49:17"}
{"level":"info","message":"Server time initialized (WAT): 2026-02-14T06:49:20.480Z","timestamp":"2026-02-13 21:49:20"}
{"error":"auditLogger.info(...).catch is not a function","level":"warn","message":"Could not log startup audit","timestamp":"2026-02-13 21:49:20"}
{"level":"info","message":"🔧 Auto-initializing models in development mode...","timestamp":"2026-02-13 21:49:20"}
{"level":"info","message":"🚀 Initializing model loader...","timestamp":"2026-02-13 21:49:20"}
{"level":"info","message":"✅ Models loaded via index.js","timestamp":"2026-02-13 21:49:20"}
{"level":"info","message":"✅ Loaded critical model User on demand","timestamp":"2026-02-13 21:49:20"}
{"level":"info","message":"✅ Loaded critical model Customer on demand","timestamp":"2026-02-13 21:49:20"}
{"level":"info","message":"✅ Loaded critical model CustomerAccount on demand","timestamp":"2026-02-13 21:49:20"}
{"level":"info","message":"✅ Loaded critical model LoanAccount on demand","timestamp":"2026-02-13 21:49:20"}
{"level":"info","message":"✅ Loaded critical model LoanRepayment on demand","timestamp":"2026-02-13 21:49:20"}
{"level":"info","message":"✅ Loaded critical model Deposit on demand","timestamp":"2026-02-13 21:49:21"}
{"level":"info","message":"✅ Loaded critical model Transaction on demand","timestamp":"2026-02-13 21:49:21"}
{"level":"info","message":"✅ Loaded critical model GLAccount on demand","timestamp":"2026-02-13 21:49:21"}
{"level":"info","message":"✅ Loaded critical model AuditTrail on demand","timestamp":"2026-02-13 21:49:21"}
{"level":"info","message":"✅ Model loader initialized successfully","timestamp":"2026-02-13 21:49:21"}
{"level":"info","message":"📊 Loaded models: sequelize, Op, DataTypes, QueryTypes, User, Customer, CustomerAccount, LoanAccount, LoanRepayment, Deposit, Transaction, GLAccount, AuditTrail","timestamp":"2026-02-13 21:49:21"}
{"level":"info","message":"📊 Model Statistics:","timestamp":"2026-02-13 21:49:21"}
{"level":"info","message":"   Total models loaded: 13","timestamp":"2026-02-13 21:49:21"}
{"level":"info","message":"   CUSTOMER: 2 models","timestamp":"2026-02-13 21:49:21"}
{"level":"info","message":"   LOAN: 2 models","timestamp":"2026-02-13 21:49:21"}
{"level":"info","message":"   DEPOSIT: 1 models","timestamp":"2026-02-13 21:49:21"}
{"level":"info","message":"   TRANSACTION: 1 models","timestamp":"2026-02-13 21:49:21"}
{"level":"info","message":"   USER: 1 models","timestamp":"2026-02-13 21:49:21"}
{"level":"info","message":"   ACCOUNTING: 1 models","timestamp":"2026-02-13 21:49:21"}
{"level":"info","message":"   AUDIT: 1 models","timestamp":"2026-02-13 21:49:21"}
{"level":"info","logDir":"logs","message":"🚀 Winston logger initialized","nodeVersion":"v24.13.0","platform":"win32","timestamp":"2026-02-13 21:50:47"}
{"errors":["Role 28: Permission undefined not found in REPORT","Role 28: Permission undefined not found in REPORT","Role 38: Permission undefined not found in VAULT"],"level":"warn","message":"Permission validation errors","timestamp":"2026-02-13 21:50:51"}
{"errors":["Role 28: Permission undefined not found in REPORT","Role 28: Permission undefined not found in REPORT","Role 38: Permission undefined not found in VAULT"],"level":"warn","message":"Permission validation errors","timestamp":"2026-02-13 21:50:52"}
{"level":"info","message":"Server time initialized (WAT): 2026-02-14T06:50:55.019Z","timestamp":"2026-02-13 21:50:55"}
{"error":"auditLogger.info(...).catch is not a function","level":"warn","message":"Could not log startup audit","timestamp":"2026-02-13 21:50:55"}
{"level":"info","message":"🔧 Auto-initializing models in development mode...","timestamp":"2026-02-13 21:50:55"}
{"level":"info","message":"🚀 Initializing model loader...","timestamp":"2026-02-13 21:50:55"}
{"level":"info","message":"✅ Models loaded via index.js","timestamp":"2026-02-13 21:50:55"}
{"level":"info","message":"✅ Loaded critical model User on demand","timestamp":"2026-02-13 21:50:55"}
{"level":"info","message":"✅ Loaded critical model Customer on demand","timestamp":"2026-02-13 21:50:55"}
{"level":"info","message":"✅ Loaded critical model CustomerAccount on demand","timestamp":"2026-02-13 21:50:55"}
{"level":"info","message":"✅ Loaded critical model LoanAccount on demand","timestamp":"2026-02-13 21:50:55"}
{"level":"info","message":"✅ Loaded critical model LoanRepayment on demand","timestamp":"2026-02-13 21:50:55"}
{"level":"info","message":"✅ Loaded critical model Deposit on demand","timestamp":"2026-02-13 21:50:55"}
{"level":"info","message":"✅ Loaded critical model Transaction on demand","timestamp":"2026-02-13 21:50:55"}
{"level":"info","message":"✅ Loaded critical model GLAccount on demand","timestamp":"2026-02-13 21:50:55"}
{"level":"info","message":"✅ Loaded critical model AuditTrail on demand","timestamp":"2026-02-13 21:50:55"}
{"level":"info","message":"✅ Model loader initialized successfully","timestamp":"2026-02-13 21:50:55"}
{"level":"info","message":"📊 Loaded models: sequelize, Op, DataTypes, QueryTypes, User, Customer, CustomerAccount, LoanAccount, LoanRepayment, Deposit, Transaction, GLAccount, AuditTrail","timestamp":"2026-02-13 21:50:55"}
{"level":"info","message":"📊 Model Statistics:","timestamp":"2026-02-13 21:50:55"}
{"level":"info","message":"   Total models loaded: 13","timestamp":"2026-02-13 21:50:55"}
{"level":"info","message":"   CUSTOMER: 2 models","timestamp":"2026-02-13 21:50:55"}
{"level":"info","message":"   LOAN: 2 models","timestamp":"2026-02-13 21:50:55"}
{"level":"info","message":"   DEPOSIT: 1 models","timestamp":"2026-02-13 21:50:55"}
{"level":"info","message":"   TRANSACTION: 1 models","timestamp":"2026-02-13 21:50:55"}
{"level":"info","message":"   USER: 1 models","timestamp":"2026-02-13 21:50:55"}
{"level":"info","message":"   ACCOUNTING: 1 models","timestamp":"2026-02-13 21:50:55"}
{"level":"info","message":"   AUDIT: 1 models","timestamp":"2026-02-13 21:50:55"}
{"level":"info","logDir":"logs","message":"🚀 Winston logger initialized","nodeVersion":"v24.13.0","platform":"win32","timestamp":"2026-02-13 21:50:47"}
{"errors":["Role 28: Permission undefined not found in REPORT","Role 28: Permission undefined not found in REPORT","Role 38: Permission undefined not found in VAULT"],"level":"warn","message":"Permission validation errors","timestamp":"2026-02-13 21:50:51"}
{"errors":["Role 28: Permission undefined not found in REPORT","Role 28: Permission undefined not found in REPORT","Role 38: Permission undefined not found in VAULT"],"level":"warn","message":"Permission validation errors","timestamp":"2026-02-13 21:50:52"}
{"level":"info","message":"Server time initialized (WAT): 2026-02-14T06:50:55.011Z","timestamp":"2026-02-13 21:50:55"}
{"error":"auditLogger.info(...).catch is not a function","level":"warn","message":"Could not log startup audit","timestamp":"2026-02-13 21:50:55"}
{"level":"info","message":"🔧 Auto-initializing models in development mode...","timestamp":"2026-02-13 21:50:55"}
{"level":"info","message":"🚀 Initializing model loader...","timestamp":"2026-02-13 21:50:55"}
{"level":"info","message":"✅ Models loaded via index.js","timestamp":"2026-02-13 21:50:55"}
{"level":"info","message":"✅ Loaded critical model User on demand","timestamp":"2026-02-13 21:50:55"}
{"level":"info","message":"✅ Loaded critical model Customer on demand","timestamp":"2026-02-13 21:50:55"}
{"level":"info","message":"✅ Loaded critical model CustomerAccount on demand","timestamp":"2026-02-13 21:50:55"}
{"level":"info","message":"✅ Loaded critical model LoanAccount on demand","timestamp":"2026-02-13 21:50:55"}
{"level":"info","message":"✅ Loaded critical model LoanRepayment on demand","timestamp":"2026-02-13 21:50:55"}
{"level":"info","message":"✅ Loaded critical model Deposit on demand","timestamp":"2026-02-13 21:50:55"}
{"level":"info","message":"✅ Loaded critical model Transaction on demand","timestamp":"2026-02-13 21:50:55"}
{"level":"info","message":"✅ Loaded critical model GLAccount on demand","timestamp":"2026-02-13 21:50:55"}
{"level":"info","message":"✅ Loaded critical model AuditTrail on demand","timestamp":"2026-02-13 21:50:55"}
{"level":"info","message":"✅ Model loader initialized successfully","timestamp":"2026-02-13 21:50:55"}
{"level":"info","message":"📊 Loaded models: sequelize, Op, DataTypes, QueryTypes, User, Customer, CustomerAccount, LoanAccount, LoanRepayment, Deposit, Transaction, GLAccount, AuditTrail","timestamp":"2026-02-13 21:50:55"}
{"level":"info","message":"📊 Model Statistics:","timestamp":"2026-02-13 21:50:55"}
{"level":"info","message":"   Total models loaded: 13","timestamp":"2026-02-13 21:50:55"}
{"level":"info","message":"   CUSTOMER: 2 models","timestamp":"2026-02-13 21:50:55"}
{"level":"info","message":"   LOAN: 2 models","timestamp":"2026-02-13 21:50:55"}
{"level":"info","message":"   DEPOSIT: 1 models","timestamp":"2026-02-13 21:50:55"}
{"level":"info","message":"   TRANSACTION: 1 models","timestamp":"2026-02-13 21:50:55"}
{"level":"info","message":"   USER: 1 models","timestamp":"2026-02-13 21:50:55"}
{"level":"info","message":"   ACCOUNTING: 1 models","timestamp":"2026-02-13 21:50:55"}
{"level":"info","message":"   AUDIT: 1 models","timestamp":"2026-02-13 21:50:55"}
{"level":"info","logDir":"logs","message":"🚀 Winston logger initialized","nodeVersion":"v24.13.0","platform":"win32","timestamp":"2026-02-13 21:50:47"}
{"errors":["Role 28: Permission undefined not found in REPORT","Role 28: Permission undefined not found in REPORT","Role 38: Permission undefined not found in VAULT"],"level":"warn","message":"Permission validation errors","timestamp":"2026-02-13 21:50:51"}
{"errors":["Role 28: Permission undefined not found in REPORT","Role 28: Permission undefined not found in REPORT","Role 38: Permission undefined not found in VAULT"],"level":"warn","message":"Permission validation errors","timestamp":"2026-02-13 21:50:52"}
{"level":"info","message":"Server time initialized (WAT): 2026-02-14T06:50:55.032Z","timestamp":"2026-02-13 21:50:55"}
{"error":"auditLogger.info(...).catch is not a function","level":"warn","message":"Could not log startup audit","timestamp":"2026-02-13 21:50:55"}
{"level":"info","message":"🔧 Auto-initializing models in development mode...","timestamp":"2026-02-13 21:50:55"}
{"level":"info","message":"🚀 Initializing model loader...","timestamp":"2026-02-13 21:50:55"}
{"level":"info","message":"✅ Models loaded via index.js","timestamp":"2026-02-13 21:50:55"}
{"level":"info","message":"✅ Loaded critical model User on demand","timestamp":"2026-02-13 21:50:55"}
{"level":"info","message":"✅ Loaded critical model Customer on demand","timestamp":"2026-02-13 21:50:55"}
{"level":"info","message":"✅ Loaded critical model CustomerAccount on demand","timestamp":"2026-02-13 21:50:55"}
{"level":"info","message":"✅ Loaded critical model LoanAccount on demand","timestamp":"2026-02-13 21:50:55"}
{"level":"info","message":"✅ Loaded critical model LoanRepayment on demand","timestamp":"2026-02-13 21:50:55"}
{"level":"info","message":"✅ Loaded critical model Deposit on demand","timestamp":"2026-02-13 21:50:55"}
{"level":"info","message":"✅ Loaded critical model Transaction on demand","timestamp":"2026-02-13 21:50:55"}
{"level":"info","message":"✅ Loaded critical model GLAccount on demand","timestamp":"2026-02-13 21:50:55"}
{"level":"info","message":"✅ Loaded critical model AuditTrail on demand","timestamp":"2026-02-13 21:50:55"}
{"level":"info","message":"✅ Model loader initialized successfully","timestamp":"2026-02-13 21:50:55"}
{"level":"info","message":"📊 Loaded models: sequelize, Op, DataTypes, QueryTypes, User, Customer, CustomerAccount, LoanAccount, LoanRepayment, Deposit, Transaction, GLAccount, AuditTrail","timestamp":"2026-02-13 21:50:55"}
{"level":"info","message":"📊 Model Statistics:","timestamp":"2026-02-13 21:50:55"}
{"level":"info","message":"   Total models loaded: 13","timestamp":"2026-02-13 21:50:55"}
{"level":"info","message":"   CUSTOMER: 2 models","timestamp":"2026-02-13 21:50:55"}
{"level":"info","message":"   LOAN: 2 models","timestamp":"2026-02-13 21:50:55"}
{"level":"info","message":"   DEPOSIT: 1 models","timestamp":"2026-02-13 21:50:55"}
{"level":"info","message":"   TRANSACTION: 1 models","timestamp":"2026-02-13 21:50:55"}
{"level":"info","message":"   USER: 1 models","timestamp":"2026-02-13 21:50:55"}
{"level":"info","message":"   ACCOUNTING: 1 models","timestamp":"2026-02-13 21:50:55"}
{"level":"info","message":"   AUDIT: 1 models","timestamp":"2026-02-13 21:50:55"}
{"level":"info","logDir":"logs","message":"🚀 Winston logger initialized","nodeVersion":"v24.13.0","platform":"win32","timestamp":"2026-02-13 21:50:47"}
{"errors":["Role 28: Permission undefined not found in REPORT","Role 28: Permission undefined not found in REPORT","Role 38: Permission undefined not found in VAULT"],"level":"warn","message":"Permission validation errors","timestamp":"2026-02-13 21:50:51"}
{"errors":["Role 28: Permission undefined not found in REPORT","Role 28: Permission undefined not found in REPORT","Role 38: Permission undefined not found in VAULT"],"level":"warn","message":"Permission validation errors","timestamp":"2026-02-13 21:50:52"}
{"level":"info","message":"Server time initialized (WAT): 2026-02-14T06:50:55.029Z","timestamp":"2026-02-13 21:50:55"}
{"error":"auditLogger.info(...).catch is not a function","level":"warn","message":"Could not log startup audit","timestamp":"2026-02-13 21:50:55"}
{"level":"info","message":"🔧 Auto-initializing models in development mode...","timestamp":"2026-02-13 21:50:55"}
{"level":"info","message":"🚀 Initializing model loader...","timestamp":"2026-02-13 21:50:55"}
{"level":"info","message":"✅ Models loaded via index.js","timestamp":"2026-02-13 21:50:55"}
{"level":"info","message":"✅ Loaded critical model User on demand","timestamp":"2026-02-13 21:50:55"}
{"level":"info","message":"✅ Loaded critical model Customer on demand","timestamp":"2026-02-13 21:50:55"}
{"level":"info","message":"✅ Loaded critical model CustomerAccount on demand","timestamp":"2026-02-13 21:50:55"}
{"level":"info","message":"✅ Loaded critical model LoanAccount on demand","timestamp":"2026-02-13 21:50:55"}
{"level":"info","message":"✅ Loaded critical model LoanRepayment on demand","timestamp":"2026-02-13 21:50:55"}
{"level":"info","message":"✅ Loaded critical model Deposit on demand","timestamp":"2026-02-13 21:50:55"}
{"level":"info","message":"✅ Loaded critical model Transaction on demand","timestamp":"2026-02-13 21:50:55"}
{"level":"info","message":"✅ Loaded critical model GLAccount on demand","timestamp":"2026-02-13 21:50:55"}
{"level":"info","message":"✅ Loaded critical model AuditTrail on demand","timestamp":"2026-02-13 21:50:55"}
{"level":"info","message":"✅ Model loader initialized successfully","timestamp":"2026-02-13 21:50:55"}
{"level":"info","message":"📊 Loaded models: sequelize, Op, DataTypes, QueryTypes, User, Customer, CustomerAccount, LoanAccount, LoanRepayment, Deposit, Transaction, GLAccount, AuditTrail","timestamp":"2026-02-13 21:50:55"}
{"level":"info","message":"📊 Model Statistics:","timestamp":"2026-02-13 21:50:55"}
{"level":"info","message":"   Total models loaded: 13","timestamp":"2026-02-13 21:50:55"}
{"level":"info","message":"   CUSTOMER: 2 models","timestamp":"2026-02-13 21:50:55"}
{"level":"info","message":"   LOAN: 2 models","timestamp":"2026-02-13 21:50:55"}
{"level":"info","message":"   DEPOSIT: 1 models","timestamp":"2026-02-13 21:50:55"}
{"level":"info","message":"   TRANSACTION: 1 models","timestamp":"2026-02-13 21:50:55"}
{"level":"info","message":"   USER: 1 models","timestamp":"2026-02-13 21:50:55"}
{"level":"info","message":"   ACCOUNTING: 1 models","timestamp":"2026-02-13 21:50:55"}
{"level":"info","message":"   AUDIT: 1 models","timestamp":"2026-02-13 21:50:55"}
{"level":"info","logDir":"logs","message":"🚀 Winston logger initialized","nodeVersion":"v24.13.0","platform":"win32","timestamp":"2026-02-13 21:52:22"}
{"errors":["Role 28: Permission undefined not found in REPORT","Role 28: Permission undefined not found in REPORT","Role 38: Permission undefined not found in VAULT"],"level":"warn","message":"Permission validation errors","timestamp":"2026-02-13 21:52:25"}
{"errors":["Role 28: Permission undefined not found in REPORT","Role 28: Permission undefined not found in REPORT","Role 38: Permission undefined not found in VAULT"],"level":"warn","message":"Permission validation errors","timestamp":"2026-02-13 21:52:26"}
{"level":"info","message":"Server time initialized (WAT): 2026-02-14T06:52:29.194Z","timestamp":"2026-02-13 21:52:29"}
{"error":"auditLogger.info(...).catch is not a function","level":"warn","message":"Could not log startup audit","timestamp":"2026-02-13 21:52:29"}
{"level":"info","message":"🔧 Auto-initializing models in development mode...","timestamp":"2026-02-13 21:52:29"}
{"level":"info","message":"🚀 Initializing model loader...","timestamp":"2026-02-13 21:52:29"}
{"level":"info","message":"✅ Models loaded via index.js","timestamp":"2026-02-13 21:52:29"}
{"level":"info","message":"✅ Loaded critical model User on demand","timestamp":"2026-02-13 21:52:29"}
{"level":"info","message":"✅ Loaded critical model Customer on demand","timestamp":"2026-02-13 21:52:29"}
{"level":"info","message":"✅ Loaded critical model CustomerAccount on demand","timestamp":"2026-02-13 21:52:29"}
{"level":"info","message":"✅ Loaded critical model LoanAccount on demand","timestamp":"2026-02-13 21:52:29"}
{"level":"info","message":"✅ Loaded critical model LoanRepayment on demand","timestamp":"2026-02-13 21:52:29"}
{"level":"info","message":"✅ Loaded critical model Deposit on demand","timestamp":"2026-02-13 21:52:29"}
{"level":"info","message":"✅ Loaded critical model Transaction on demand","timestamp":"2026-02-13 21:52:29"}
{"level":"info","message":"✅ Loaded critical model GLAccount on demand","timestamp":"2026-02-13 21:52:29"}
{"level":"info","message":"✅ Loaded critical model AuditTrail on demand","timestamp":"2026-02-13 21:52:29"}
{"level":"info","message":"✅ Model loader initialized successfully","timestamp":"2026-02-13 21:52:29"}
{"level":"info","message":"📊 Loaded models: sequelize, Op, DataTypes, QueryTypes, User, Customer, CustomerAccount, LoanAccount, LoanRepayment, Deposit, Transaction, GLAccount, AuditTrail","timestamp":"2026-02-13 21:52:29"}
{"level":"info","message":"📊 Model Statistics:","timestamp":"2026-02-13 21:52:29"}
{"level":"info","message":"   Total models loaded: 13","timestamp":"2026-02-13 21:52:29"}
{"level":"info","message":"   CUSTOMER: 2 models","timestamp":"2026-02-13 21:52:29"}
{"level":"info","message":"   LOAN: 2 models","timestamp":"2026-02-13 21:52:29"}
{"level":"info","message":"   DEPOSIT: 1 models","timestamp":"2026-02-13 21:52:29"}
{"level":"info","message":"   TRANSACTION: 1 models","timestamp":"2026-02-13 21:52:29"}
{"level":"info","message":"   USER: 1 models","timestamp":"2026-02-13 21:52:29"}
{"level":"info","message":"   ACCOUNTING: 1 models","timestamp":"2026-02-13 21:52:29"}
{"level":"info","message":"   AUDIT: 1 models","timestamp":"2026-02-13 21:52:29"}
{"level":"info","logDir":"logs","message":"🚀 Winston logger initialized","nodeVersion":"v24.13.0","platform":"win32","timestamp":"2026-02-13 21:52:22"}
{"errors":["Role 28: Permission undefined not found in REPORT","Role 28: Permission undefined not found in REPORT","Role 38: Permission undefined not found in VAULT"],"level":"warn","message":"Permission validation errors","timestamp":"2026-02-13 21:52:25"}
{"errors":["Role 28: Permission undefined not found in REPORT","Role 28: Permission undefined not found in REPORT","Role 38: Permission undefined not found in VAULT"],"level":"warn","message":"Permission validation errors","timestamp":"2026-02-13 21:52:26"}
{"level":"info","message":"Server time initialized (WAT): 2026-02-14T06:52:29.174Z","timestamp":"2026-02-13 21:52:29"}
{"error":"auditLogger.info(...).catch is not a function","level":"warn","message":"Could not log startup audit","timestamp":"2026-02-13 21:52:29"}
{"level":"info","message":"🔧 Auto-initializing models in development mode...","timestamp":"2026-02-13 21:52:29"}
{"level":"info","message":"🚀 Initializing model loader...","timestamp":"2026-02-13 21:52:29"}
{"level":"info","message":"✅ Models loaded via index.js","timestamp":"2026-02-13 21:52:29"}
{"level":"info","message":"✅ Loaded critical model User on demand","timestamp":"2026-02-13 21:52:29"}
{"level":"info","message":"✅ Loaded critical model Customer on demand","timestamp":"2026-02-13 21:52:29"}
{"level":"info","message":"✅ Loaded critical model CustomerAccount on demand","timestamp":"2026-02-13 21:52:29"}
{"level":"info","message":"✅ Loaded critical model LoanAccount on demand","timestamp":"2026-02-13 21:52:29"}
{"level":"info","message":"✅ Loaded critical model LoanRepayment on demand","timestamp":"2026-02-13 21:52:29"}
{"level":"info","message":"✅ Loaded critical model Deposit on demand","timestamp":"2026-02-13 21:52:29"}
{"level":"info","message":"✅ Loaded critical model Transaction on demand","timestamp":"2026-02-13 21:52:29"}
{"level":"info","message":"✅ Loaded critical model GLAccount on demand","timestamp":"2026-02-13 21:52:29"}
{"level":"info","message":"✅ Loaded critical model AuditTrail on demand","timestamp":"2026-02-13 21:52:29"}
{"level":"info","message":"✅ Model loader initialized successfully","timestamp":"2026-02-13 21:52:29"}
{"level":"info","message":"📊 Loaded models: sequelize, Op, DataTypes, QueryTypes, User, Customer, CustomerAccount, LoanAccount, LoanRepayment, Deposit, Transaction, GLAccount, AuditTrail","timestamp":"2026-02-13 21:52:29"}
{"level":"info","message":"📊 Model Statistics:","timestamp":"2026-02-13 21:52:29"}
{"level":"info","message":"   Total models loaded: 13","timestamp":"2026-02-13 21:52:29"}
{"level":"info","message":"   CUSTOMER: 2 models","timestamp":"2026-02-13 21:52:29"}
{"level":"info","message":"   LOAN: 2 models","timestamp":"2026-02-13 21:52:29"}
{"level":"info","message":"   DEPOSIT: 1 models","timestamp":"2026-02-13 21:52:29"}
{"level":"info","message":"   TRANSACTION: 1 models","timestamp":"2026-02-13 21:52:29"}
{"level":"info","message":"   USER: 1 models","timestamp":"2026-02-13 21:52:29"}
{"level":"info","message":"   ACCOUNTING: 1 models","timestamp":"2026-02-13 21:52:29"}
{"level":"info","message":"   AUDIT: 1 models","timestamp":"2026-02-13 21:52:29"}
{"level":"info","logDir":"logs","message":"🚀 Winston logger initialized","nodeVersion":"v24.13.0","platform":"win32","timestamp":"2026-02-13 21:52:22"}
{"errors":["Role 28: Permission undefined not found in REPORT","Role 28: Permission undefined not found in REPORT","Role 38: Permission undefined not found in VAULT"],"level":"warn","message":"Permission validation errors","timestamp":"2026-02-13 21:52:25"}
{"errors":["Role 28: Permission undefined not found in REPORT","Role 28: Permission undefined not found in REPORT","Role 38: Permission undefined not found in VAULT"],"level":"warn","message":"Permission validation errors","timestamp":"2026-02-13 21:52:26"}
{"level":"info","message":"Server time initialized (WAT): 2026-02-14T06:52:29.163Z","timestamp":"2026-02-13 21:52:29"}
{"error":"auditLogger.info(...).catch is not a function","level":"warn","message":"Could not log startup audit","timestamp":"2026-02-13 21:52:29"}
{"level":"info","message":"🔧 Auto-initializing models in development mode...","timestamp":"2026-02-13 21:52:29"}
{"level":"info","message":"🚀 Initializing model loader...","timestamp":"2026-02-13 21:52:29"}
{"level":"info","message":"✅ Models loaded via index.js","timestamp":"2026-02-13 21:52:29"}
{"level":"info","message":"✅ Loaded critical model User on demand","timestamp":"2026-02-13 21:52:29"}
{"level":"info","message":"✅ Loaded critical model Customer on demand","timestamp":"2026-02-13 21:52:29"}
{"level":"info","message":"✅ Loaded critical model CustomerAccount on demand","timestamp":"2026-02-13 21:52:29"}
{"level":"info","message":"✅ Loaded critical model LoanAccount on demand","timestamp":"2026-02-13 21:52:29"}
{"level":"info","message":"✅ Loaded critical model LoanRepayment on demand","timestamp":"2026-02-13 21:52:29"}
{"level":"info","message":"✅ Loaded critical model Deposit on demand","timestamp":"2026-02-13 21:52:29"}
{"level":"info","message":"✅ Loaded critical model Transaction on demand","timestamp":"2026-02-13 21:52:29"}
{"level":"info","message":"✅ Loaded critical model GLAccount on demand","timestamp":"2026-02-13 21:52:29"}
{"level":"info","message":"✅ Loaded critical model AuditTrail on demand","timestamp":"2026-02-13 21:52:29"}
{"level":"info","message":"✅ Model loader initialized successfully","timestamp":"2026-02-13 21:52:29"}
{"level":"info","message":"📊 Loaded models: sequelize, Op, DataTypes, QueryTypes, User, Customer, CustomerAccount, LoanAccount, LoanRepayment, Deposit, Transaction, GLAccount, AuditTrail","timestamp":"2026-02-13 21:52:29"}
{"level":"info","message":"📊 Model Statistics:","timestamp":"2026-02-13 21:52:29"}
{"level":"info","message":"   Total models loaded: 13","timestamp":"2026-02-13 21:52:29"}
{"level":"info","message":"   CUSTOMER: 2 models","timestamp":"2026-02-13 21:52:29"}
{"level":"info","message":"   LOAN: 2 models","timestamp":"2026-02-13 21:52:29"}
{"level":"info","message":"   DEPOSIT: 1 models","timestamp":"2026-02-13 21:52:29"}
{"level":"info","message":"   TRANSACTION: 1 models","timestamp":"2026-02-13 21:52:29"}
{"level":"info","message":"   USER: 1 models","timestamp":"2026-02-13 21:52:29"}
{"level":"info","message":"   ACCOUNTING: 1 models","timestamp":"2026-02-13 21:52:29"}
{"level":"info","message":"   AUDIT: 1 models","timestamp":"2026-02-13 21:52:29"}
{"level":"info","logDir":"logs","message":"🚀 Winston logger initialized","nodeVersion":"v24.13.0","platform":"win32","timestamp":"2026-02-13 21:52:22"}
{"errors":["Role 28: Permission undefined not found in REPORT","Role 28: Permission undefined not found in REPORT","Role 38: Permission undefined not found in VAULT"],"level":"warn","message":"Permission validation errors","timestamp":"2026-02-13 21:52:25"}
{"errors":["Role 28: Permission undefined not found in REPORT","Role 28: Permission undefined not found in REPORT","Role 38: Permission undefined not found in VAULT"],"level":"warn","message":"Permission validation errors","timestamp":"2026-02-13 21:52:26"}
{"level":"info","message":"Server time initialized (WAT): 2026-02-14T06:52:29.192Z","timestamp":"2026-02-13 21:52:29"}
{"error":"auditLogger.info(...).catch is not a function","level":"warn","message":"Could not log startup audit","timestamp":"2026-02-13 21:52:29"}
{"level":"info","message":"🔧 Auto-initializing models in development mode...","timestamp":"2026-02-13 21:52:29"}
{"level":"info","message":"🚀 Initializing model loader...","timestamp":"2026-02-13 21:52:29"}
{"level":"info","message":"✅ Models loaded via index.js","timestamp":"2026-02-13 21:52:29"}
{"level":"info","message":"✅ Loaded critical model User on demand","timestamp":"2026-02-13 21:52:29"}
{"level":"info","message":"✅ Loaded critical model Customer on demand","timestamp":"2026-02-13 21:52:29"}
{"level":"info","message":"✅ Loaded critical model CustomerAccount on demand","timestamp":"2026-02-13 21:52:29"}
{"level":"info","message":"✅ Loaded critical model LoanAccount on demand","timestamp":"2026-02-13 21:52:29"}
{"level":"info","message":"✅ Loaded critical model LoanRepayment on demand","timestamp":"2026-02-13 21:52:29"}
{"level":"info","message":"✅ Loaded critical model Deposit on demand","timestamp":"2026-02-13 21:52:29"}
{"level":"info","message":"✅ Loaded critical model Transaction on demand","timestamp":"2026-02-13 21:52:29"}
{"level":"info","message":"✅ Loaded critical model GLAccount on demand","timestamp":"2026-02-13 21:52:29"}
{"level":"info","message":"✅ Loaded critical model AuditTrail on demand","timestamp":"2026-02-13 21:52:29"}
{"level":"info","message":"✅ Model loader initialized successfully","timestamp":"2026-02-13 21:52:29"}
{"level":"info","message":"📊 Loaded models: sequelize, Op, DataTypes, QueryTypes, User, Customer, CustomerAccount, LoanAccount, LoanRepayment, Deposit, Transaction, GLAccount, AuditTrail","timestamp":"2026-02-13 21:52:29"}
{"level":"info","message":"📊 Model Statistics:","timestamp":"2026-02-13 21:52:29"}
{"level":"info","message":"   Total models loaded: 13","timestamp":"2026-02-13 21:52:29"}
{"level":"info","message":"   CUSTOMER: 2 models","timestamp":"2026-02-13 21:52:29"}
{"level":"info","message":"   LOAN: 2 models","timestamp":"2026-02-13 21:52:29"}
{"level":"info","message":"   DEPOSIT: 1 models","timestamp":"2026-02-13 21:52:29"}
{"level":"info","message":"   TRANSACTION: 1 models","timestamp":"2026-02-13 21:52:29"}
{"level":"info","message":"   USER: 1 models","timestamp":"2026-02-13 21:52:29"}
{"level":"info","message":"   ACCOUNTING: 1 models","timestamp":"2026-02-13 21:52:29"}
{"level":"info","message":"   AUDIT: 1 models","timestamp":"2026-02-13 21:52:29"}
{"level":"info","logDir":"logs","message":"🚀 Winston logger initialized","nodeVersion":"v24.13.0","platform":"win32","timestamp":"2026-02-13 21:53:57"}
{"errors":["Role 28: Permission undefined not found in REPORT","Role 28: Permission undefined not found in REPORT","Role 38: Permission undefined not found in VAULT"],"level":"warn","message":"Permission validation errors","timestamp":"2026-02-13 21:54:01"}
{"errors":["Role 28: Permission undefined not found in REPORT","Role 28: Permission undefined not found in REPORT","Role 38: Permission undefined not found in VAULT"],"level":"warn","message":"Permission validation errors","timestamp":"2026-02-13 21:54:02"}
{"level":"info","message":"Server time initialized (WAT): 2026-02-14T06:54:05.821Z","timestamp":"2026-02-13 21:54:05"}
{"error":"auditLogger.info(...).catch is not a function","level":"warn","message":"Could not log startup audit","timestamp":"2026-02-13 21:54:05"}
{"level":"info","message":"🔧 Auto-initializing models in development mode...","timestamp":"2026-02-13 21:54:06"}
{"level":"info","message":"🚀 Initializing model loader...","timestamp":"2026-02-13 21:54:06"}
{"level":"info","message":"✅ Models loaded via index.js","timestamp":"2026-02-13 21:54:06"}
{"level":"info","message":"✅ Loaded critical model User on demand","timestamp":"2026-02-13 21:54:06"}
{"level":"info","message":"✅ Loaded critical model Customer on demand","timestamp":"2026-02-13 21:54:06"}
{"level":"info","message":"✅ Loaded critical model CustomerAccount on demand","timestamp":"2026-02-13 21:54:06"}
{"level":"info","message":"✅ Loaded critical model LoanAccount on demand","timestamp":"2026-02-13 21:54:06"}
{"level":"info","message":"✅ Loaded critical model LoanRepayment on demand","timestamp":"2026-02-13 21:54:06"}
{"level":"info","message":"✅ Loaded critical model Deposit on demand","timestamp":"2026-02-13 21:54:06"}
{"level":"info","message":"✅ Loaded critical model Transaction on demand","timestamp":"2026-02-13 21:54:06"}
{"level":"info","message":"✅ Loaded critical model GLAccount on demand","timestamp":"2026-02-13 21:54:06"}
{"level":"info","message":"✅ Loaded critical model AuditTrail on demand","timestamp":"2026-02-13 21:54:06"}
{"level":"info","message":"✅ Model loader initialized successfully","timestamp":"2026-02-13 21:54:06"}
{"level":"info","message":"📊 Loaded models: sequelize, Op, DataTypes, QueryTypes, User, Customer, CustomerAccount, LoanAccount, LoanRepayment, Deposit, Transaction, GLAccount, AuditTrail","timestamp":"2026-02-13 21:54:06"}
{"level":"info","message":"📊 Model Statistics:","timestamp":"2026-02-13 21:54:06"}
{"level":"info","message":"   Total models loaded: 13","timestamp":"2026-02-13 21:54:06"}
{"level":"info","message":"   CUSTOMER: 2 models","timestamp":"2026-02-13 21:54:06"}
{"level":"info","message":"   LOAN: 2 models","timestamp":"2026-02-13 21:54:06"}
{"level":"info","message":"   DEPOSIT: 1 models","timestamp":"2026-02-13 21:54:06"}
{"level":"info","message":"   TRANSACTION: 1 models","timestamp":"2026-02-13 21:54:06"}
{"level":"info","message":"   USER: 1 models","timestamp":"2026-02-13 21:54:06"}
{"level":"info","message":"   ACCOUNTING: 1 models","timestamp":"2026-02-13 21:54:06"}
{"level":"info","message":"   AUDIT: 1 models","timestamp":"2026-02-13 21:54:06"}
{"level":"info","logDir":"logs","message":"🚀 Winston logger initialized","nodeVersion":"v24.13.0","platform":"win32","timestamp":"2026-02-13 21:53:57"}
{"errors":["Role 28: Permission undefined not found in REPORT","Role 28: Permission undefined not found in REPORT","Role 38: Permission undefined not found in VAULT"],"level":"warn","message":"Permission validation errors","timestamp":"2026-02-13 21:54:02"}
{"errors":["Role 28: Permission undefined not found in REPORT","Role 28: Permission undefined not found in REPORT","Role 38: Permission undefined not found in VAULT"],"level":"warn","message":"Permission validation errors","timestamp":"2026-02-13 21:54:02"}
{"level":"info","message":"Server time initialized (WAT): 2026-02-14T06:54:05.824Z","timestamp":"2026-02-13 21:54:05"}
{"error":"auditLogger.info(...).catch is not a function","level":"warn","message":"Could not log startup audit","timestamp":"2026-02-13 21:54:05"}
{"level":"info","message":"🔧 Auto-initializing models in development mode...","timestamp":"2026-02-13 21:54:06"}
{"level":"info","message":"🚀 Initializing model loader...","timestamp":"2026-02-13 21:54:06"}
{"level":"info","message":"✅ Models loaded via index.js","timestamp":"2026-02-13 21:54:06"}
{"level":"info","message":"✅ Loaded critical model User on demand","timestamp":"2026-02-13 21:54:06"}
{"level":"info","message":"✅ Loaded critical model Customer on demand","timestamp":"2026-02-13 21:54:06"}
{"level":"info","message":"✅ Loaded critical model CustomerAccount on demand","timestamp":"2026-02-13 21:54:06"}
{"level":"info","message":"✅ Loaded critical model LoanAccount on demand","timestamp":"2026-02-13 21:54:06"}
{"level":"info","message":"✅ Loaded critical model LoanRepayment on demand","timestamp":"2026-02-13 21:54:06"}
{"level":"info","message":"✅ Loaded critical model Deposit on demand","timestamp":"2026-02-13 21:54:06"}
{"level":"info","message":"✅ Loaded critical model Transaction on demand","timestamp":"2026-02-13 21:54:06"}
{"level":"info","message":"✅ Loaded critical model GLAccount on demand","timestamp":"2026-02-13 21:54:06"}
{"level":"info","message":"✅ Loaded critical model AuditTrail on demand","timestamp":"2026-02-13 21:54:06"}
{"level":"info","message":"✅ Model loader initialized successfully","timestamp":"2026-02-13 21:54:06"}
{"level":"info","message":"📊 Loaded models: sequelize, Op, DataTypes, QueryTypes, User, Customer, CustomerAccount, LoanAccount, LoanRepayment, Deposit, Transaction, GLAccount, AuditTrail","timestamp":"2026-02-13 21:54:06"}
{"level":"info","message":"📊 Model Statistics:","timestamp":"2026-02-13 21:54:06"}
{"level":"info","message":"   Total models loaded: 13","timestamp":"2026-02-13 21:54:06"}
{"level":"info","message":"   CUSTOMER: 2 models","timestamp":"2026-02-13 21:54:06"}
{"level":"info","message":"   LOAN: 2 models","timestamp":"2026-02-13 21:54:06"}
{"level":"info","message":"   DEPOSIT: 1 models","timestamp":"2026-02-13 21:54:06"}
{"level":"info","message":"   TRANSACTION: 1 models","timestamp":"2026-02-13 21:54:06"}
{"level":"info","message":"   USER: 1 models","timestamp":"2026-02-13 21:54:06"}
{"level":"info","message":"   ACCOUNTING: 1 models","timestamp":"2026-02-13 21:54:06"}
{"level":"info","message":"   AUDIT: 1 models","timestamp":"2026-02-13 21:54:06"}
{"level":"info","logDir":"logs","message":"🚀 Winston logger initialized","nodeVersion":"v24.13.0","platform":"win32","timestamp":"2026-02-13 21:53:57"}
{"errors":["Role 28: Permission undefined not found in REPORT","Role 28: Permission undefined not found in REPORT","Role 38: Permission undefined not found in VAULT"],"level":"warn","message":"Permission validation errors","timestamp":"2026-02-13 21:54:01"}
{"errors":["Role 28: Permission undefined not found in REPORT","Role 28: Permission undefined not found in REPORT","Role 38: Permission undefined not found in VAULT"],"level":"warn","message":"Permission validation errors","timestamp":"2026-02-13 21:54:02"}
{"level":"info","message":"Server time initialized (WAT): 2026-02-14T06:54:05.827Z","timestamp":"2026-02-13 21:54:05"}
{"error":"auditLogger.info(...).catch is not a function","level":"warn","message":"Could not log startup audit","timestamp":"2026-02-13 21:54:05"}
{"level":"info","message":"🔧 Auto-initializing models in development mode...","timestamp":"2026-02-13 21:54:06"}
{"level":"info","message":"🚀 Initializing model loader...","timestamp":"2026-02-13 21:54:06"}
{"level":"info","message":"✅ Models loaded via index.js","timestamp":"2026-02-13 21:54:06"}
{"level":"info","message":"✅ Loaded critical model User on demand","timestamp":"2026-02-13 21:54:06"}
{"level":"info","message":"✅ Loaded critical model Customer on demand","timestamp":"2026-02-13 21:54:06"}
{"level":"info","message":"✅ Loaded critical model CustomerAccount on demand","timestamp":"2026-02-13 21:54:06"}
{"level":"info","message":"✅ Loaded critical model LoanAccount on demand","timestamp":"2026-02-13 21:54:06"}
{"level":"info","message":"✅ Loaded critical model LoanRepayment on demand","timestamp":"2026-02-13 21:54:06"}
{"level":"info","message":"✅ Loaded critical model Deposit on demand","timestamp":"2026-02-13 21:54:06"}
{"level":"info","message":"✅ Loaded critical model Transaction on demand","timestamp":"2026-02-13 21:54:06"}
{"level":"info","message":"✅ Loaded critical model GLAccount on demand","timestamp":"2026-02-13 21:54:06"}
{"level":"info","message":"✅ Loaded critical model AuditTrail on demand","timestamp":"2026-02-13 21:54:06"}
{"level":"info","message":"✅ Model loader initialized successfully","timestamp":"2026-02-13 21:54:06"}
{"level":"info","message":"📊 Loaded models: sequelize, Op, DataTypes, QueryTypes, User, Customer, CustomerAccount, LoanAccount, LoanRepayment, Deposit, Transaction, GLAccount, AuditTrail","timestamp":"2026-02-13 21:54:06"}
{"level":"info","message":"📊 Model Statistics:","timestamp":"2026-02-13 21:54:06"}
{"level":"info","message":"   Total models loaded: 13","timestamp":"2026-02-13 21:54:06"}
{"level":"info","message":"   CUSTOMER: 2 models","timestamp":"2026-02-13 21:54:06"}
{"level":"info","message":"   LOAN: 2 models","timestamp":"2026-02-13 21:54:06"}
{"level":"info","message":"   DEPOSIT: 1 models","timestamp":"2026-02-13 21:54:06"}
{"level":"info","message":"   TRANSACTION: 1 models","timestamp":"2026-02-13 21:54:06"}
{"level":"info","message":"   USER: 1 models","timestamp":"2026-02-13 21:54:06"}
{"level":"info","message":"   ACCOUNTING: 1 models","timestamp":"2026-02-13 21:54:06"}
{"level":"info","message":"   AUDIT: 1 models","timestamp":"2026-02-13 21:54:06"}
{"level":"info","logDir":"logs","message":"🚀 Winston logger initialized","nodeVersion":"v24.13.0","platform":"win32","timestamp":"2026-02-13 21:53:57"}
{"errors":["Role 28: Permission undefined not found in REPORT","Role 28: Permission undefined not found in REPORT","Role 38: Permission undefined not found in VAULT"],"level":"warn","message":"Permission validation errors","timestamp":"2026-02-13 21:54:02"}
{"errors":["Role 28: Permission undefined not found in REPORT","Role 28: Permission undefined not found in REPORT","Role 38: Permission undefined not found in VAULT"],"level":"warn","message":"Permission validation errors","timestamp":"2026-02-13 21:54:02"}
{"level":"info","message":"Server time initialized (WAT): 2026-02-14T06:54:05.815Z","timestamp":"2026-02-13 21:54:05"}
{"error":"auditLogger.info(...).catch is not a function","level":"warn","message":"Could not log startup audit","timestamp":"2026-02-13 21:54:05"}
{"level":"info","message":"🔧 Auto-initializing models in development mode...","timestamp":"2026-02-13 21:54:06"}
{"level":"info","message":"🚀 Initializing model loader...","timestamp":"2026-02-13 21:54:06"}
{"level":"info","message":"✅ Models loaded via index.js","timestamp":"2026-02-13 21:54:06"}
{"level":"info","message":"✅ Loaded critical model User on demand","timestamp":"2026-02-13 21:54:06"}
{"level":"info","message":"✅ Loaded critical model Customer on demand","timestamp":"2026-02-13 21:54:06"}
{"level":"info","message":"✅ Loaded critical model CustomerAccount on demand","timestamp":"2026-02-13 21:54:06"}
{"level":"info","message":"✅ Loaded critical model LoanAccount on demand","timestamp":"2026-02-13 21:54:06"}
{"level":"info","message":"✅ Loaded critical model LoanRepayment on demand","timestamp":"2026-02-13 21:54:06"}
{"level":"info","message":"✅ Loaded critical model Deposit on demand","timestamp":"2026-02-13 21:54:06"}
{"level":"info","message":"✅ Loaded critical model Transaction on demand","timestamp":"2026-02-13 21:54:06"}
{"level":"info","message":"✅ Loaded critical model GLAccount on demand","timestamp":"2026-02-13 21:54:06"}
{"level":"info","message":"✅ Loaded critical model AuditTrail on demand","timestamp":"2026-02-13 21:54:06"}
{"level":"info","message":"✅ Model loader initialized successfully","timestamp":"2026-02-13 21:54:06"}
{"level":"info","message":"📊 Loaded models: sequelize, Op, DataTypes, QueryTypes, User, Customer, CustomerAccount, LoanAccount, LoanRepayment, Deposit, Transaction, GLAccount, AuditTrail","timestamp":"2026-02-13 21:54:06"}
{"level":"info","message":"📊 Model Statistics:","timestamp":"2026-02-13 21:54:06"}
{"level":"info","message":"   Total models loaded: 13","timestamp":"2026-02-13 21:54:06"}
{"level":"info","message":"   CUSTOMER: 2 models","timestamp":"2026-02-13 21:54:06"}
{"level":"info","message":"   LOAN: 2 models","timestamp":"2026-02-13 21:54:06"}
{"level":"info","message":"   DEPOSIT: 1 models","timestamp":"2026-02-13 21:54:06"}
{"level":"info","message":"   TRANSACTION: 1 models","timestamp":"2026-02-13 21:54:06"}
{"level":"info","message":"   USER: 1 models","timestamp":"2026-02-13 21:54:06"}
{"level":"info","message":"   ACCOUNTING: 1 models","timestamp":"2026-02-13 21:54:06"}
{"level":"info","message":"   AUDIT: 1 models","timestamp":"2026-02-13 21:54:06"}
{"level":"info","logDir":"logs","message":"🚀 Winston logger initialized","nodeVersion":"v24.13.0","platform":"win32","timestamp":"2026-02-13 21:55:32"}
{"errors":["Role 28: Permission undefined not found in REPORT","Role 28: Permission undefined not found in REPORT","Role 38: Permission undefined not found in VAULT"],"level":"warn","message":"Permission validation errors","timestamp":"2026-02-13 21:55:36"}
{"errors":["Role 28: Permission undefined not found in REPORT","Role 28: Permission undefined not found in REPORT","Role 38: Permission undefined not found in VAULT"],"level":"warn","message":"Permission validation errors","timestamp":"2026-02-13 21:55:37"}
{"level":"info","message":"Server time initialized (WAT): 2026-02-14T06:55:40.205Z","timestamp":"2026-02-13 21:55:40"}
{"error":"auditLogger.info(...).catch is not a function","level":"warn","message":"Could not log startup audit","timestamp":"2026-02-13 21:55:40"}
{"level":"info","message":"🔧 Auto-initializing models in development mode...","timestamp":"2026-02-13 21:55:40"}
{"level":"info","message":"🚀 Initializing model loader...","timestamp":"2026-02-13 21:55:40"}
{"level":"info","message":"✅ Models loaded via index.js","timestamp":"2026-02-13 21:55:40"}
{"level":"info","message":"✅ Loaded critical model User on demand","timestamp":"2026-02-13 21:55:40"}
{"level":"info","message":"✅ Loaded critical model Customer on demand","timestamp":"2026-02-13 21:55:40"}
{"level":"info","message":"✅ Loaded critical model CustomerAccount on demand","timestamp":"2026-02-13 21:55:40"}
{"level":"info","message":"✅ Loaded critical model LoanAccount on demand","timestamp":"2026-02-13 21:55:40"}
{"level":"info","message":"✅ Loaded critical model LoanRepayment on demand","timestamp":"2026-02-13 21:55:40"}
{"level":"info","message":"✅ Loaded critical model Deposit on demand","timestamp":"2026-02-13 21:55:40"}
{"level":"info","message":"✅ Loaded critical model Transaction on demand","timestamp":"2026-02-13 21:55:40"}
{"level":"info","message":"✅ Loaded critical model GLAccount on demand","timestamp":"2026-02-13 21:55:40"}
{"level":"info","message":"✅ Loaded critical model AuditTrail on demand","timestamp":"2026-02-13 21:55:40"}
{"level":"info","message":"✅ Model loader initialized successfully","timestamp":"2026-02-13 21:55:40"}
{"level":"info","message":"📊 Loaded models: sequelize, Op, DataTypes, QueryTypes, User, Customer, CustomerAccount, LoanAccount, LoanRepayment, Deposit, Transaction, GLAccount, AuditTrail","timestamp":"2026-02-13 21:55:40"}
{"level":"info","message":"📊 Model Statistics:","timestamp":"2026-02-13 21:55:40"}
{"level":"info","message":"   Total models loaded: 13","timestamp":"2026-02-13 21:55:40"}
{"level":"info","message":"   CUSTOMER: 2 models","timestamp":"2026-02-13 21:55:40"}
{"level":"info","message":"   LOAN: 2 models","timestamp":"2026-02-13 21:55:40"}
{"level":"info","message":"   DEPOSIT: 1 models","timestamp":"2026-02-13 21:55:40"}
{"level":"info","message":"   TRANSACTION: 1 models","timestamp":"2026-02-13 21:55:40"}
{"level":"info","message":"   USER: 1 models","timestamp":"2026-02-13 21:55:40"}
{"level":"info","message":"   ACCOUNTING: 1 models","timestamp":"2026-02-13 21:55:40"}
{"level":"info","message":"   AUDIT: 1 models","timestamp":"2026-02-13 21:55:40"}
{"level":"info","logDir":"logs","message":"🚀 Winston logger initialized","nodeVersion":"v24.13.0","platform":"win32","timestamp":"2026-02-13 21:55:32"}
{"errors":["Role 28: Permission undefined not found in REPORT","Role 28: Permission undefined not found in REPORT","Role 38: Permission undefined not found in VAULT"],"level":"warn","message":"Permission validation errors","timestamp":"2026-02-13 21:55:36"}
{"errors":["Role 28: Permission undefined not found in REPORT","Role 28: Permission undefined not found in REPORT","Role 38: Permission undefined not found in VAULT"],"level":"warn","message":"Permission validation errors","timestamp":"2026-02-13 21:55:37"}
{"level":"info","message":"Server time initialized (WAT): 2026-02-14T06:55:40.201Z","timestamp":"2026-02-13 21:55:40"}
{"error":"auditLogger.info(...).catch is not a function","level":"warn","message":"Could not log startup audit","timestamp":"2026-02-13 21:55:40"}
{"level":"info","message":"🔧 Auto-initializing models in development mode...","timestamp":"2026-02-13 21:55:40"}
{"level":"info","message":"🚀 Initializing model loader...","timestamp":"2026-02-13 21:55:40"}
{"level":"info","message":"✅ Models loaded via index.js","timestamp":"2026-02-13 21:55:40"}
{"level":"info","message":"✅ Loaded critical model User on demand","timestamp":"2026-02-13 21:55:40"}
{"level":"info","message":"✅ Loaded critical model Customer on demand","timestamp":"2026-02-13 21:55:40"}
{"level":"info","message":"✅ Loaded critical model CustomerAccount on demand","timestamp":"2026-02-13 21:55:40"}
{"level":"info","message":"✅ Loaded critical model LoanAccount on demand","timestamp":"2026-02-13 21:55:40"}
{"level":"info","message":"✅ Loaded critical model LoanRepayment on demand","timestamp":"2026-02-13 21:55:40"}
{"level":"info","message":"✅ Loaded critical model Deposit on demand","timestamp":"2026-02-13 21:55:40"}
{"level":"info","message":"✅ Loaded critical model Transaction on demand","timestamp":"2026-02-13 21:55:40"}
{"level":"info","message":"✅ Loaded critical model GLAccount on demand","timestamp":"2026-02-13 21:55:40"}
{"level":"info","message":"✅ Loaded critical model AuditTrail on demand","timestamp":"2026-02-13 21:55:40"}
{"level":"info","message":"✅ Model loader initialized successfully","timestamp":"2026-02-13 21:55:40"}
{"level":"info","message":"📊 Loaded models: sequelize, Op, DataTypes, QueryTypes, User, Customer, CustomerAccount, LoanAccount, LoanRepayment, Deposit, Transaction, GLAccount, AuditTrail","timestamp":"2026-02-13 21:55:40"}
{"level":"info","message":"📊 Model Statistics:","timestamp":"2026-02-13 21:55:40"}
{"level":"info","message":"   Total models loaded: 13","timestamp":"2026-02-13 21:55:40"}
{"level":"info","message":"   CUSTOMER: 2 models","timestamp":"2026-02-13 21:55:40"}
{"level":"info","message":"   LOAN: 2 models","timestamp":"2026-02-13 21:55:40"}
{"level":"info","message":"   DEPOSIT: 1 models","timestamp":"2026-02-13 21:55:40"}
{"level":"info","message":"   TRANSACTION: 1 models","timestamp":"2026-02-13 21:55:40"}
{"level":"info","message":"   USER: 1 models","timestamp":"2026-02-13 21:55:40"}
{"level":"info","message":"   ACCOUNTING: 1 models","timestamp":"2026-02-13 21:55:40"}
{"level":"info","message":"   AUDIT: 1 models","timestamp":"2026-02-13 21:55:40"}
{"level":"info","logDir":"logs","message":"🚀 Winston logger initialized","nodeVersion":"v24.13.0","platform":"win32","timestamp":"2026-02-13 21:55:32"}
{"errors":["Role 28: Permission undefined not found in REPORT","Role 28: Permission undefined not found in REPORT","Role 38: Permission undefined not found in VAULT"],"level":"warn","message":"Permission validation errors","timestamp":"2026-02-13 21:55:36"}
{"errors":["Role 28: Permission undefined not found in REPORT","Role 28: Permission undefined not found in REPORT","Role 38: Permission undefined not found in VAULT"],"level":"warn","message":"Permission validation errors","timestamp":"2026-02-13 21:55:37"}
{"level":"info","message":"Server time initialized (WAT): 2026-02-14T06:55:40.181Z","timestamp":"2026-02-13 21:55:40"}
{"error":"auditLogger.info(...).catch is not a function","level":"warn","message":"Could not log startup audit","timestamp":"2026-02-13 21:55:40"}
{"level":"info","message":"🔧 Auto-initializing models in development mode...","timestamp":"2026-02-13 21:55:40"}
{"level":"info","message":"🚀 Initializing model loader...","timestamp":"2026-02-13 21:55:40"}
{"level":"info","message":"✅ Models loaded via index.js","timestamp":"2026-02-13 21:55:40"}
{"level":"info","message":"✅ Loaded critical model User on demand","timestamp":"2026-02-13 21:55:40"}
{"level":"info","message":"✅ Loaded critical model Customer on demand","timestamp":"2026-02-13 21:55:40"}
{"level":"info","message":"✅ Loaded critical model CustomerAccount on demand","timestamp":"2026-02-13 21:55:40"}
{"level":"info","message":"✅ Loaded critical model LoanAccount on demand","timestamp":"2026-02-13 21:55:40"}
{"level":"info","message":"✅ Loaded critical model LoanRepayment on demand","timestamp":"2026-02-13 21:55:40"}
{"level":"info","message":"✅ Loaded critical model Deposit on demand","timestamp":"2026-02-13 21:55:40"}
{"level":"info","message":"✅ Loaded critical model Transaction on demand","timestamp":"2026-02-13 21:55:40"}
{"level":"info","message":"✅ Loaded critical model GLAccount on demand","timestamp":"2026-02-13 21:55:40"}
{"level":"info","message":"✅ Loaded critical model AuditTrail on demand","timestamp":"2026-02-13 21:55:40"}
{"level":"info","message":"✅ Model loader initialized successfully","timestamp":"2026-02-13 21:55:40"}
{"level":"info","message":"📊 Loaded models: sequelize, Op, DataTypes, QueryTypes, User, Customer, CustomerAccount, LoanAccount, LoanRepayment, Deposit, Transaction, GLAccount, AuditTrail","timestamp":"2026-02-13 21:55:40"}
{"level":"info","message":"📊 Model Statistics:","timestamp":"2026-02-13 21:55:40"}
{"level":"info","message":"   Total models loaded: 13","timestamp":"2026-02-13 21:55:40"}
{"level":"info","message":"   CUSTOMER: 2 models","timestamp":"2026-02-13 21:55:40"}
{"level":"info","message":"   LOAN: 2 models","timestamp":"2026-02-13 21:55:40"}
{"level":"info","message":"   DEPOSIT: 1 models","timestamp":"2026-02-13 21:55:40"}
{"level":"info","message":"   TRANSACTION: 1 models","timestamp":"2026-02-13 21:55:40"}
{"level":"info","message":"   USER: 1 models","timestamp":"2026-02-13 21:55:40"}
{"level":"info","message":"   ACCOUNTING: 1 models","timestamp":"2026-02-13 21:55:40"}
{"level":"info","message":"   AUDIT: 1 models","timestamp":"2026-02-13 21:55:40"}
{"level":"info","logDir":"logs","message":"🚀 Winston logger initialized","nodeVersion":"v24.13.0","platform":"win32","timestamp":"2026-02-13 21:55:32"}
{"errors":["Role 28: Permission undefined not found in REPORT","Role 28: Permission undefined not found in REPORT","Role 38: Permission undefined not found in VAULT"],"level":"warn","message":"Permission validation errors","timestamp":"2026-02-13 21:55:36"}
{"errors":["Role 28: Permission undefined not found in REPORT","Role 28: Permission undefined not found in REPORT","Role 38: Permission undefined not found in VAULT"],"level":"warn","message":"Permission validation errors","timestamp":"2026-02-13 21:55:37"}
{"level":"info","message":"Server time initialized (WAT): 2026-02-14T06:55:40.188Z","timestamp":"2026-02-13 21:55:40"}
{"error":"auditLogger.info(...).catch is not a function","level":"warn","message":"Could not log startup audit","timestamp":"2026-02-13 21:55:40"}
{"level":"info","message":"🔧 Auto-initializing models in development mode...","timestamp":"2026-02-13 21:55:40"}
{"level":"info","message":"🚀 Initializing model loader...","timestamp":"2026-02-13 21:55:40"}
{"level":"info","message":"✅ Models loaded via index.js","timestamp":"2026-02-13 21:55:40"}
{"level":"info","message":"✅ Loaded critical model User on demand","timestamp":"2026-02-13 21:55:40"}
{"level":"info","message":"✅ Loaded critical model Customer on demand","timestamp":"2026-02-13 21:55:40"}
{"level":"info","message":"✅ Loaded critical model CustomerAccount on demand","timestamp":"2026-02-13 21:55:40"}
{"level":"info","message":"✅ Loaded critical model LoanAccount on demand","timestamp":"2026-02-13 21:55:40"}
{"level":"info","message":"✅ Loaded critical model LoanRepayment on demand","timestamp":"2026-02-13 21:55:40"}
{"level":"info","message":"✅ Loaded critical model Deposit on demand","timestamp":"2026-02-13 21:55:40"}
{"level":"info","message":"✅ Loaded critical model Transaction on demand","timestamp":"2026-02-13 21:55:40"}
{"level":"info","message":"✅ Loaded critical model GLAccount on demand","timestamp":"2026-02-13 21:55:40"}
{"level":"info","message":"✅ Loaded critical model AuditTrail on demand","timestamp":"2026-02-13 21:55:40"}
{"level":"info","message":"✅ Model loader initialized successfully","timestamp":"2026-02-13 21:55:40"}
{"level":"info","message":"📊 Loaded models: sequelize, Op, DataTypes, QueryTypes, User, Customer, CustomerAccount, LoanAccount, LoanRepayment, Deposit, Transaction, GLAccount, AuditTrail","timestamp":"2026-02-13 21:55:40"}
{"level":"info","message":"📊 Model Statistics:","timestamp":"2026-02-13 21:55:40"}
{"level":"info","message":"   Total models loaded: 13","timestamp":"2026-02-13 21:55:40"}
{"level":"info","message":"   CUSTOMER: 2 models","timestamp":"2026-02-13 21:55:40"}
{"level":"info","message":"   LOAN: 2 models","timestamp":"2026-02-13 21:55:40"}
{"level":"info","message":"   DEPOSIT: 1 models","timestamp":"2026-02-13 21:55:40"}
{"level":"info","message":"   TRANSACTION: 1 models","timestamp":"2026-02-13 21:55:40"}
{"level":"info","message":"   USER: 1 models","timestamp":"2026-02-13 21:55:40"}
{"level":"info","message":"   ACCOUNTING: 1 models","timestamp":"2026-02-13 21:55:40"}
{"level":"info","message":"   AUDIT: 1 models","timestamp":"2026-02-13 21:55:40"}
{"level":"info","logDir":"logs","message":"🚀 Winston logger initialized","nodeVersion":"v24.13.0","platform":"win32","timestamp":"2026-02-13 21:57:07"}
{"errors":["Role 28: Permission undefined not found in REPORT","Role 28: Permission undefined not found in REPORT","Role 38: Permission undefined not found in VAULT"],"level":"warn","message":"Permission validation errors","timestamp":"2026-02-13 21:57:11"}
{"errors":["Role 28: Permission undefined not found in REPORT","Role 28: Permission undefined not found in REPORT","Role 38: Permission undefined not found in VAULT"],"level":"warn","message":"Permission validation errors","timestamp":"2026-02-13 21:57:12"}
{"level":"info","message":"Server time initialized (WAT): 2026-02-14T06:57:15.307Z","timestamp":"2026-02-13 21:57:15"}
{"error":"auditLogger.info(...).catch is not a function","level":"warn","message":"Could not log startup audit","timestamp":"2026-02-13 21:57:15"}
{"level":"info","message":"🔧 Auto-initializing models in development mode...","timestamp":"2026-02-13 21:57:15"}
{"level":"info","message":"🚀 Initializing model loader...","timestamp":"2026-02-13 21:57:15"}
{"level":"info","message":"✅ Models loaded via index.js","timestamp":"2026-02-13 21:57:15"}
{"level":"info","message":"✅ Loaded critical model User on demand","timestamp":"2026-02-13 21:57:15"}
{"level":"info","message":"✅ Loaded critical model Customer on demand","timestamp":"2026-02-13 21:57:15"}
{"level":"info","message":"✅ Loaded critical model CustomerAccount on demand","timestamp":"2026-02-13 21:57:15"}
{"level":"info","message":"✅ Loaded critical model LoanAccount on demand","timestamp":"2026-02-13 21:57:15"}
{"level":"info","message":"✅ Loaded critical model LoanRepayment on demand","timestamp":"2026-02-13 21:57:15"}
{"level":"info","message":"✅ Loaded critical model Deposit on demand","timestamp":"2026-02-13 21:57:15"}
{"level":"info","message":"✅ Loaded critical model Transaction on demand","timestamp":"2026-02-13 21:57:15"}
{"level":"info","message":"✅ Loaded critical model GLAccount on demand","timestamp":"2026-02-13 21:57:15"}
{"level":"info","message":"✅ Loaded critical model AuditTrail on demand","timestamp":"2026-02-13 21:57:15"}
{"level":"info","message":"✅ Model loader initialized successfully","timestamp":"2026-02-13 21:57:15"}
{"level":"info","message":"📊 Loaded models: sequelize, Op, DataTypes, QueryTypes, User, Customer, CustomerAccount, LoanAccount, LoanRepayment, Deposit, Transaction, GLAccount, AuditTrail","timestamp":"2026-02-13 21:57:15"}
{"level":"info","message":"📊 Model Statistics:","timestamp":"2026-02-13 21:57:15"}
{"level":"info","message":"   Total models loaded: 13","timestamp":"2026-02-13 21:57:15"}
{"level":"info","message":"   CUSTOMER: 2 models","timestamp":"2026-02-13 21:57:15"}
{"level":"info","message":"   LOAN: 2 models","timestamp":"2026-02-13 21:57:15"}
{"level":"info","message":"   DEPOSIT: 1 models","timestamp":"2026-02-13 21:57:15"}
{"level":"info","message":"   TRANSACTION: 1 models","timestamp":"2026-02-13 21:57:15"}
{"level":"info","message":"   USER: 1 models","timestamp":"2026-02-13 21:57:15"}
{"level":"info","message":"   ACCOUNTING: 1 models","timestamp":"2026-02-13 21:57:15"}
{"level":"info","message":"   AUDIT: 1 models","timestamp":"2026-02-13 21:57:15"}
{"level":"info","logDir":"logs","message":"🚀 Winston logger initialized","nodeVersion":"v24.13.0","platform":"win32","timestamp":"2026-02-13 21:57:07"}
{"errors":["Role 28: Permission undefined not found in REPORT","Role 28: Permission undefined not found in REPORT","Role 38: Permission undefined not found in VAULT"],"level":"warn","message":"Permission validation errors","timestamp":"2026-02-13 21:57:11"}
{"errors":["Role 28: Permission undefined not found in REPORT","Role 28: Permission undefined not found in REPORT","Role 38: Permission undefined not found in VAULT"],"level":"warn","message":"Permission validation errors","timestamp":"2026-02-13 21:57:12"}
{"level":"info","message":"Server time initialized (WAT): 2026-02-14T06:57:15.311Z","timestamp":"2026-02-13 21:57:15"}
{"error":"auditLogger.info(...).catch is not a function","level":"warn","message":"Could not log startup audit","timestamp":"2026-02-13 21:57:15"}
{"level":"info","message":"🔧 Auto-initializing models in development mode...","timestamp":"2026-02-13 21:57:15"}
{"level":"info","message":"🚀 Initializing model loader...","timestamp":"2026-02-13 21:57:15"}
{"level":"info","message":"✅ Models loaded via index.js","timestamp":"2026-02-13 21:57:15"}
{"level":"info","message":"✅ Loaded critical model User on demand","timestamp":"2026-02-13 21:57:15"}
{"level":"info","message":"✅ Loaded critical model Customer on demand","timestamp":"2026-02-13 21:57:15"}
{"level":"info","message":"✅ Loaded critical model CustomerAccount on demand","timestamp":"2026-02-13 21:57:15"}
{"level":"info","message":"✅ Loaded critical model LoanAccount on demand","timestamp":"2026-02-13 21:57:15"}
{"level":"info","message":"✅ Loaded critical model LoanRepayment on demand","timestamp":"2026-02-13 21:57:15"}
{"level":"info","message":"✅ Loaded critical model Deposit on demand","timestamp":"2026-02-13 21:57:15"}
{"level":"info","message":"✅ Loaded critical model Transaction on demand","timestamp":"2026-02-13 21:57:15"}
{"level":"info","message":"✅ Loaded critical model GLAccount on demand","timestamp":"2026-02-13 21:57:15"}
{"level":"info","message":"✅ Loaded critical model AuditTrail on demand","timestamp":"2026-02-13 21:57:15"}
{"level":"info","message":"✅ Model loader initialized successfully","timestamp":"2026-02-13 21:57:15"}
{"level":"info","message":"📊 Loaded models: sequelize, Op, DataTypes, QueryTypes, User, Customer, CustomerAccount, LoanAccount, LoanRepayment, Deposit, Transaction, GLAccount, AuditTrail","timestamp":"2026-02-13 21:57:15"}
{"level":"info","message":"📊 Model Statistics:","timestamp":"2026-02-13 21:57:15"}
{"level":"info","message":"   Total models loaded: 13","timestamp":"2026-02-13 21:57:15"}
{"level":"info","message":"   CUSTOMER: 2 models","timestamp":"2026-02-13 21:57:15"}
{"level":"info","message":"   LOAN: 2 models","timestamp":"2026-02-13 21:57:15"}
{"level":"info","message":"   DEPOSIT: 1 models","timestamp":"2026-02-13 21:57:15"}
{"level":"info","message":"   TRANSACTION: 1 models","timestamp":"2026-02-13 21:57:15"}
{"level":"info","message":"   USER: 1 models","timestamp":"2026-02-13 21:57:15"}
{"level":"info","message":"   ACCOUNTING: 1 models","timestamp":"2026-02-13 21:57:15"}
{"level":"info","message":"   AUDIT: 1 models","timestamp":"2026-02-13 21:57:15"}
{"level":"info","logDir":"logs","message":"🚀 Winston logger initialized","nodeVersion":"v24.13.0","platform":"win32","timestamp":"2026-02-13 21:57:07"}
{"errors":["Role 28: Permission undefined not found in REPORT","Role 28: Permission undefined not found in REPORT","Role 38: Permission undefined not found in VAULT"],"level":"warn","message":"Permission validation errors","timestamp":"2026-02-13 21:57:11"}
{"errors":["Role 28: Permission undefined not found in REPORT","Role 28: Permission undefined not found in REPORT","Role 38: Permission undefined not found in VAULT"],"level":"warn","message":"Permission validation errors","timestamp":"2026-02-13 21:57:12"}
{"level":"info","message":"Server time initialized (WAT): 2026-02-14T06:57:15.311Z","timestamp":"2026-02-13 21:57:15"}
{"error":"auditLogger.info(...).catch is not a function","level":"warn","message":"Could not log startup audit","timestamp":"2026-02-13 21:57:15"}
{"level":"info","message":"🔧 Auto-initializing models in development mode...","timestamp":"2026-02-13 21:57:15"}
{"level":"info","message":"🚀 Initializing model loader...","timestamp":"2026-02-13 21:57:15"}
{"level":"info","message":"✅ Models loaded via index.js","timestamp":"2026-02-13 21:57:15"}
{"level":"info","message":"✅ Loaded critical model User on demand","timestamp":"2026-02-13 21:57:15"}
{"level":"info","message":"✅ Loaded critical model Customer on demand","timestamp":"2026-02-13 21:57:15"}
{"level":"info","message":"✅ Loaded critical model CustomerAccount on demand","timestamp":"2026-02-13 21:57:15"}
{"level":"info","message":"✅ Loaded critical model LoanAccount on demand","timestamp":"2026-02-13 21:57:15"}
{"level":"info","message":"✅ Loaded critical model LoanRepayment on demand","timestamp":"2026-02-13 21:57:15"}
{"level":"info","message":"✅ Loaded critical model Deposit on demand","timestamp":"2026-02-13 21:57:15"}
{"level":"info","message":"✅ Loaded critical model Transaction on demand","timestamp":"2026-02-13 21:57:15"}
{"level":"info","message":"✅ Loaded critical model GLAccount on demand","timestamp":"2026-02-13 21:57:15"}
{"level":"info","message":"✅ Loaded critical model AuditTrail on demand","timestamp":"2026-02-13 21:57:15"}
{"level":"info","message":"✅ Model loader initialized successfully","timestamp":"2026-02-13 21:57:15"}
{"level":"info","message":"📊 Loaded models: sequelize, Op, DataTypes, QueryTypes, User, Customer, CustomerAccount, LoanAccount, LoanRepayment, Deposit, Transaction, GLAccount, AuditTrail","timestamp":"2026-02-13 21:57:15"}
{"level":"info","message":"📊 Model Statistics:","timestamp":"2026-02-13 21:57:15"}
{"level":"info","message":"   Total models loaded: 13","timestamp":"2026-02-13 21:57:15"}
{"level":"info","message":"   CUSTOMER: 2 models","timestamp":"2026-02-13 21:57:15"}
{"level":"info","message":"   LOAN: 2 models","timestamp":"2026-02-13 21:57:15"}
{"level":"info","message":"   DEPOSIT: 1 models","timestamp":"2026-02-13 21:57:15"}
{"level":"info","message":"   TRANSACTION: 1 models","timestamp":"2026-02-13 21:57:15"}
{"level":"info","message":"   USER: 1 models","timestamp":"2026-02-13 21:57:15"}
{"level":"info","message":"   ACCOUNTING: 1 models","timestamp":"2026-02-13 21:57:15"}
{"level":"info","message":"   AUDIT: 1 models","timestamp":"2026-02-13 21:57:15"}
{"level":"info","logDir":"logs","message":"🚀 Winston logger initialized","nodeVersion":"v24.13.0","platform":"win32","timestamp":"2026-02-13 21:57:07"}
{"errors":["Role 28: Permission undefined not found in REPORT","Role 28: Permission undefined not found in REPORT","Role 38: Permission undefined not found in VAULT"],"level":"warn","message":"Permission validation errors","timestamp":"2026-02-13 21:57:11"}
{"errors":["Role 28: Permission undefined not found in REPORT","Role 28: Permission undefined not found in REPORT","Role 38: Permission undefined not found in VAULT"],"level":"warn","message":"Permission validation errors","timestamp":"2026-02-13 21:57:12"}
{"level":"info","message":"Server time initialized (WAT): 2026-02-14T06:57:15.344Z","timestamp":"2026-02-13 21:57:15"}
{"error":"auditLogger.info(...).catch is not a function","level":"warn","message":"Could not log startup audit","timestamp":"2026-02-13 21:57:15"}
{"level":"info","message":"🔧 Auto-initializing models in development mode...","timestamp":"2026-02-13 21:57:15"}
{"level":"info","message":"🚀 Initializing model loader...","timestamp":"2026-02-13 21:57:15"}
{"level":"info","message":"✅ Models loaded via index.js","timestamp":"2026-02-13 21:57:15"}
{"level":"info","message":"✅ Loaded critical model User on demand","timestamp":"2026-02-13 21:57:15"}
{"level":"info","message":"✅ Loaded critical model Customer on demand","timestamp":"2026-02-13 21:57:15"}
{"level":"info","message":"✅ Loaded critical model CustomerAccount on demand","timestamp":"2026-02-13 21:57:15"}
{"level":"info","message":"✅ Loaded critical model LoanAccount on demand","timestamp":"2026-02-13 21:57:15"}
{"level":"info","message":"✅ Loaded critical model LoanRepayment on demand","timestamp":"2026-02-13 21:57:15"}
{"level":"info","message":"✅ Loaded critical model Deposit on demand","timestamp":"2026-02-13 21:57:15"}
{"level":"info","message":"✅ Loaded critical model Transaction on demand","timestamp":"2026-02-13 21:57:15"}
{"level":"info","message":"✅ Loaded critical model GLAccount on demand","timestamp":"2026-02-13 21:57:15"}
{"level":"info","message":"✅ Loaded critical model AuditTrail on demand","timestamp":"2026-02-13 21:57:15"}
{"level":"info","message":"✅ Model loader initialized successfully","timestamp":"2026-02-13 21:57:15"}
{"level":"info","message":"📊 Loaded models: sequelize, Op, DataTypes, QueryTypes, User, Customer, CustomerAccount, LoanAccount, LoanRepayment, Deposit, Transaction, GLAccount, AuditTrail","timestamp":"2026-02-13 21:57:15"}
{"level":"info","message":"📊 Model Statistics:","timestamp":"2026-02-13 21:57:15"}
{"level":"info","message":"   Total models loaded: 13","timestamp":"2026-02-13 21:57:15"}
{"level":"info","message":"   CUSTOMER: 2 models","timestamp":"2026-02-13 21:57:15"}
{"level":"info","message":"   LOAN: 2 models","timestamp":"2026-02-13 21:57:15"}
{"level":"info","message":"   DEPOSIT: 1 models","timestamp":"2026-02-13 21:57:15"}
{"level":"info","message":"   TRANSACTION: 1 models","timestamp":"2026-02-13 21:57:15"}
{"level":"info","message":"   USER: 1 models","timestamp":"2026-02-13 21:57:15"}
{"level":"info","message":"   ACCOUNTING: 1 models","timestamp":"2026-02-13 21:57:15"}
{"level":"info","message":"   AUDIT: 1 models","timestamp":"2026-02-13 21:57:15"}
{"level":"info","logDir":"logs","message":"🚀 Winston logger initialized","nodeVersion":"v24.13.0","platform":"win32","timestamp":"2026-02-13 21:58:44"}
{"errors":["Role 28: Permission undefined not found in REPORT","Role 28: Permission undefined not found in REPORT","Role 38: Permission undefined not found in VAULT"],"level":"warn","message":"Permission validation errors","timestamp":"2026-02-13 21:58:48"}
{"errors":["Role 28: Permission undefined not found in REPORT","Role 28: Permission undefined not found in REPORT","Role 38: Permission undefined not found in VAULT"],"level":"warn","message":"Permission validation errors","timestamp":"2026-02-13 21:58:49"}
{"level":"info","message":"Server time initialized (WAT): 2026-02-14T06:58:52.130Z","timestamp":"2026-02-13 21:58:52"}
{"error":"auditLogger.info(...).catch is not a function","level":"warn","message":"Could not log startup audit","timestamp":"2026-02-13 21:58:52"}
{"level":"info","message":"🔧 Auto-initializing models in development mode...","timestamp":"2026-02-13 21:58:52"}
{"level":"info","message":"🚀 Initializing model loader...","timestamp":"2026-02-13 21:58:52"}
{"level":"info","message":"✅ Models loaded via index.js","timestamp":"2026-02-13 21:58:52"}
{"level":"info","message":"✅ Loaded critical model User on demand","timestamp":"2026-02-13 21:58:52"}
{"level":"info","message":"✅ Loaded critical model Customer on demand","timestamp":"2026-02-13 21:58:52"}
{"level":"info","message":"✅ Loaded critical model CustomerAccount on demand","timestamp":"2026-02-13 21:58:52"}
{"level":"info","message":"✅ Loaded critical model LoanAccount on demand","timestamp":"2026-02-13 21:58:52"}
{"level":"info","message":"✅ Loaded critical model LoanRepayment on demand","timestamp":"2026-02-13 21:58:52"}
{"level":"info","message":"✅ Loaded critical model Deposit on demand","timestamp":"2026-02-13 21:58:52"}
{"level":"info","message":"✅ Loaded critical model Transaction on demand","timestamp":"2026-02-13 21:58:52"}
{"level":"info","message":"✅ Loaded critical model GLAccount on demand","timestamp":"2026-02-13 21:58:52"}
{"level":"info","message":"✅ Loaded critical model AuditTrail on demand","timestamp":"2026-02-13 21:58:52"}
{"level":"info","message":"✅ Model loader initialized successfully","timestamp":"2026-02-13 21:58:52"}
{"level":"info","message":"📊 Loaded models: sequelize, Op, DataTypes, QueryTypes, User, Customer, CustomerAccount, LoanAccount, LoanRepayment, Deposit, Transaction, GLAccount, AuditTrail","timestamp":"2026-02-13 21:58:52"}
{"level":"info","message":"📊 Model Statistics:","timestamp":"2026-02-13 21:58:52"}
{"level":"info","message":"   Total models loaded: 13","timestamp":"2026-02-13 21:58:52"}
{"level":"info","message":"   CUSTOMER: 2 models","timestamp":"2026-02-13 21:58:52"}
{"level":"info","message":"   LOAN: 2 models","timestamp":"2026-02-13 21:58:52"}
{"level":"info","message":"   DEPOSIT: 1 models","timestamp":"2026-02-13 21:58:52"}
{"level":"info","message":"   TRANSACTION: 1 models","timestamp":"2026-02-13 21:58:52"}
{"level":"info","message":"   USER: 1 models","timestamp":"2026-02-13 21:58:52"}
{"level":"info","message":"   ACCOUNTING: 1 models","timestamp":"2026-02-13 21:58:52"}
{"level":"info","message":"   AUDIT: 1 models","timestamp":"2026-02-13 21:58:52"}
{"level":"info","logDir":"logs","message":"🚀 Winston logger initialized","nodeVersion":"v24.13.0","platform":"win32","timestamp":"2026-02-13 21:58:44"}
{"errors":["Role 28: Permission undefined not found in REPORT","Role 28: Permission undefined not found in REPORT","Role 38: Permission undefined not found in VAULT"],"level":"warn","message":"Permission validation errors","timestamp":"2026-02-13 21:58:48"}
{"errors":["Role 28: Permission undefined not found in REPORT","Role 28: Permission undefined not found in REPORT","Role 38: Permission undefined not found in VAULT"],"level":"warn","message":"Permission validation errors","timestamp":"2026-02-13 21:58:49"}
{"level":"info","message":"Server time initialized (WAT): 2026-02-14T06:58:52.149Z","timestamp":"2026-02-13 21:58:52"}
{"error":"auditLogger.info(...).catch is not a function","level":"warn","message":"Could not log startup audit","timestamp":"2026-02-13 21:58:52"}
{"level":"info","message":"🔧 Auto-initializing models in development mode...","timestamp":"2026-02-13 21:58:52"}
{"level":"info","message":"🚀 Initializing model loader...","timestamp":"2026-02-13 21:58:52"}
{"level":"info","message":"✅ Models loaded via index.js","timestamp":"2026-02-13 21:58:52"}
{"level":"info","message":"✅ Loaded critical model User on demand","timestamp":"2026-02-13 21:58:52"}
{"level":"info","message":"✅ Loaded critical model Customer on demand","timestamp":"2026-02-13 21:58:52"}
{"level":"info","message":"✅ Loaded critical model CustomerAccount on demand","timestamp":"2026-02-13 21:58:52"}
{"level":"info","message":"✅ Loaded critical model LoanAccount on demand","timestamp":"2026-02-13 21:58:52"}
{"level":"info","message":"✅ Loaded critical model LoanRepayment on demand","timestamp":"2026-02-13 21:58:52"}
{"level":"info","message":"✅ Loaded critical model Deposit on demand","timestamp":"2026-02-13 21:58:52"}
{"level":"info","message":"✅ Loaded critical model Transaction on demand","timestamp":"2026-02-13 21:58:52"}
{"level":"info","message":"✅ Loaded critical model GLAccount on demand","timestamp":"2026-02-13 21:58:52"}
{"level":"info","message":"✅ Loaded critical model AuditTrail on demand","timestamp":"2026-02-13 21:58:52"}
{"level":"info","message":"✅ Model loader initialized successfully","timestamp":"2026-02-13 21:58:52"}
{"level":"info","message":"📊 Loaded models: sequelize, Op, DataTypes, QueryTypes, User, Customer, CustomerAccount, LoanAccount, LoanRepayment, Deposit, Transaction, GLAccount, AuditTrail","timestamp":"2026-02-13 21:58:52"}
{"level":"info","message":"📊 Model Statistics:","timestamp":"2026-02-13 21:58:52"}
{"level":"info","message":"   Total models loaded: 13","timestamp":"2026-02-13 21:58:52"}
{"level":"info","message":"   CUSTOMER: 2 models","timestamp":"2026-02-13 21:58:52"}
{"level":"info","message":"   LOAN: 2 models","timestamp":"2026-02-13 21:58:52"}
{"level":"info","message":"   DEPOSIT: 1 models","timestamp":"2026-02-13 21:58:52"}
{"level":"info","message":"   TRANSACTION: 1 models","timestamp":"2026-02-13 21:58:52"}
{"level":"info","message":"   USER: 1 models","timestamp":"2026-02-13 21:58:52"}
{"level":"info","message":"   ACCOUNTING: 1 models","timestamp":"2026-02-13 21:58:52"}
{"level":"info","message":"   AUDIT: 1 models","timestamp":"2026-02-13 21:58:52"}
{"level":"info","logDir":"logs","message":"🚀 Winston logger initialized","nodeVersion":"v24.13.0","platform":"win32","timestamp":"2026-02-13 21:58:44"}
{"errors":["Role 28: Permission undefined not found in REPORT","Role 28: Permission undefined not found in REPORT","Role 38: Permission undefined not found in VAULT"],"level":"warn","message":"Permission validation errors","timestamp":"2026-02-13 21:58:48"}
{"errors":["Role 28: Permission undefined not found in REPORT","Role 28: Permission undefined not found in REPORT","Role 38: Permission undefined not found in VAULT"],"level":"warn","message":"Permission validation errors","timestamp":"2026-02-13 21:58:49"}
{"level":"info","message":"Server time initialized (WAT): 2026-02-14T06:58:52.135Z","timestamp":"2026-02-13 21:58:52"}
{"error":"auditLogger.info(...).catch is not a function","level":"warn","message":"Could not log startup audit","timestamp":"2026-02-13 21:58:52"}
{"level":"info","message":"🔧 Auto-initializing models in development mode...","timestamp":"2026-02-13 21:58:52"}
{"level":"info","message":"🚀 Initializing model loader...","timestamp":"2026-02-13 21:58:52"}
{"level":"info","message":"✅ Models loaded via index.js","timestamp":"2026-02-13 21:58:52"}
{"level":"info","message":"✅ Loaded critical model User on demand","timestamp":"2026-02-13 21:58:52"}
{"level":"info","message":"✅ Loaded critical model Customer on demand","timestamp":"2026-02-13 21:58:52"}
{"level":"info","message":"✅ Loaded critical model CustomerAccount on demand","timestamp":"2026-02-13 21:58:52"}
{"level":"info","message":"✅ Loaded critical model LoanAccount on demand","timestamp":"2026-02-13 21:58:52"}
{"level":"info","message":"✅ Loaded critical model LoanRepayment on demand","timestamp":"2026-02-13 21:58:52"}
{"level":"info","message":"✅ Loaded critical model Deposit on demand","timestamp":"2026-02-13 21:58:52"}
{"level":"info","message":"✅ Loaded critical model Transaction on demand","timestamp":"2026-02-13 21:58:52"}
{"level":"info","message":"✅ Loaded critical model GLAccount on demand","timestamp":"2026-02-13 21:58:52"}
{"level":"info","message":"✅ Loaded critical model AuditTrail on demand","timestamp":"2026-02-13 21:58:52"}
{"level":"info","message":"✅ Model loader initialized successfully","timestamp":"2026-02-13 21:58:52"}
{"level":"info","message":"📊 Loaded models: sequelize, Op, DataTypes, QueryTypes, User, Customer, CustomerAccount, LoanAccount, LoanRepayment, Deposit, Transaction, GLAccount, AuditTrail","timestamp":"2026-02-13 21:58:52"}
{"level":"info","message":"📊 Model Statistics:","timestamp":"2026-02-13 21:58:52"}
{"level":"info","message":"   Total models loaded: 13","timestamp":"2026-02-13 21:58:52"}
{"level":"info","message":"   CUSTOMER: 2 models","timestamp":"2026-02-13 21:58:52"}
{"level":"info","message":"   LOAN: 2 models","timestamp":"2026-02-13 21:58:52"}
{"level":"info","message":"   DEPOSIT: 1 models","timestamp":"2026-02-13 21:58:52"}
{"level":"info","message":"   TRANSACTION: 1 models","timestamp":"2026-02-13 21:58:52"}
{"level":"info","message":"   USER: 1 models","timestamp":"2026-02-13 21:58:52"}
{"level":"info","message":"   ACCOUNTING: 1 models","timestamp":"2026-02-13 21:58:52"}
{"level":"info","message":"   AUDIT: 1 models","timestamp":"2026-02-13 21:58:52"}
{"level":"info","logDir":"logs","message":"🚀 Winston logger initialized","nodeVersion":"v24.13.0","platform":"win32","timestamp":"2026-02-13 21:58:44"}
{"errors":["Role 28: Permission undefined not found in REPORT","Role 28: Permission undefined not found in REPORT","Role 38: Permission undefined not found in VAULT"],"level":"warn","message":"Permission validation errors","timestamp":"2026-02-13 21:58:48"}
{"errors":["Role 28: Permission undefined not found in REPORT","Role 28: Permission undefined not found in REPORT","Role 38: Permission undefined not found in VAULT"],"level":"warn","message":"Permission validation errors","timestamp":"2026-02-13 21:58:49"}
{"level":"info","message":"Server time initialized (WAT): 2026-02-14T06:58:52.142Z","timestamp":"2026-02-13 21:58:52"}
{"error":"auditLogger.info(...).catch is not a function","level":"warn","message":"Could not log startup audit","timestamp":"2026-02-13 21:58:52"}
{"level":"info","message":"🔧 Auto-initializing models in development mode...","timestamp":"2026-02-13 21:58:52"}
{"level":"info","message":"🚀 Initializing model loader...","timestamp":"2026-02-13 21:58:52"}
{"level":"info","message":"✅ Models loaded via index.js","timestamp":"2026-02-13 21:58:52"}
{"level":"info","message":"✅ Loaded critical model User on demand","timestamp":"2026-02-13 21:58:52"}
{"level":"info","message":"✅ Loaded critical model Customer on demand","timestamp":"2026-02-13 21:58:52"}
{"level":"info","message":"✅ Loaded critical model CustomerAccount on demand","timestamp":"2026-02-13 21:58:52"}
{"level":"info","message":"✅ Loaded critical model LoanAccount on demand","timestamp":"2026-02-13 21:58:52"}
{"level":"info","message":"✅ Loaded critical model LoanRepayment on demand","timestamp":"2026-02-13 21:58:52"}
{"level":"info","message":"✅ Loaded critical model Deposit on demand","timestamp":"2026-02-13 21:58:52"}
{"level":"info","message":"✅ Loaded critical model Transaction on demand","timestamp":"2026-02-13 21:58:52"}
{"level":"info","message":"✅ Loaded critical model GLAccount on demand","timestamp":"2026-02-13 21:58:52"}
{"level":"info","message":"✅ Loaded critical model AuditTrail on demand","timestamp":"2026-02-13 21:58:52"}
{"level":"info","message":"✅ Model loader initialized successfully","timestamp":"2026-02-13 21:58:52"}
{"level":"info","message":"📊 Loaded models: sequelize, Op, DataTypes, QueryTypes, User, Customer, CustomerAccount, LoanAccount, LoanRepayment, Deposit, Transaction, GLAccount, AuditTrail","timestamp":"2026-02-13 21:58:52"}
{"level":"info","message":"📊 Model Statistics:","timestamp":"2026-02-13 21:58:52"}
{"level":"info","message":"   Total models loaded: 13","timestamp":"2026-02-13 21:58:52"}
{"level":"info","message":"   CUSTOMER: 2 models","timestamp":"2026-02-13 21:58:52"}
{"level":"info","message":"   LOAN: 2 models","timestamp":"2026-02-13 21:58:52"}
{"level":"info","message":"   DEPOSIT: 1 models","timestamp":"2026-02-13 21:58:52"}
{"level":"info","message":"   TRANSACTION: 1 models","timestamp":"2026-02-13 21:58:52"}
{"level":"info","message":"   USER: 1 models","timestamp":"2026-02-13 21:58:52"}
{"level":"info","message":"   ACCOUNTING: 1 models","timestamp":"2026-02-13 21:58:52"}
{"level":"info","message":"   AUDIT: 1 models","timestamp":"2026-02-13 21:58:52"}
{"level":"info","logDir":"logs","message":"🚀 Winston logger initialized","nodeVersion":"v24.13.0","platform":"win32","timestamp":"2026-02-13 22:00:20"}
{"errors":["Role 28: Permission undefined not found in REPORT","Role 28: Permission undefined not found in REPORT","Role 38: Permission undefined not found in VAULT"],"level":"warn","message":"Permission validation errors","timestamp":"2026-02-13 22:00:25"}
{"errors":["Role 28: Permission undefined not found in REPORT","Role 28: Permission undefined not found in REPORT","Role 38: Permission undefined not found in VAULT"],"level":"warn","message":"Permission validation errors","timestamp":"2026-02-13 22:00:25"}
{"level":"info","message":"Server time initialized (WAT): 2026-02-14T07:00:28.487Z","timestamp":"2026-02-13 22:00:28"}
{"error":"auditLogger.info(...).catch is not a function","level":"warn","message":"Could not log startup audit","timestamp":"2026-02-13 22:00:28"}
{"level":"info","message":"🔧 Auto-initializing models in development mode...","timestamp":"2026-02-13 22:00:28"}
{"level":"info","message":"🚀 Initializing model loader...","timestamp":"2026-02-13 22:00:28"}
{"level":"info","message":"✅ Models loaded via index.js","timestamp":"2026-02-13 22:00:28"}
{"level":"info","message":"✅ Loaded critical model User on demand","timestamp":"2026-02-13 22:00:28"}
{"level":"info","message":"✅ Loaded critical model Customer on demand","timestamp":"2026-02-13 22:00:28"}
{"level":"info","message":"✅ Loaded critical model CustomerAccount on demand","timestamp":"2026-02-13 22:00:28"}
{"level":"info","message":"✅ Loaded critical model LoanAccount on demand","timestamp":"2026-02-13 22:00:28"}
{"level":"info","message":"✅ Loaded critical model LoanRepayment on demand","timestamp":"2026-02-13 22:00:28"}
{"level":"info","message":"✅ Loaded critical model Deposit on demand","timestamp":"2026-02-13 22:00:28"}
{"level":"info","message":"✅ Loaded critical model Transaction on demand","timestamp":"2026-02-13 22:00:28"}
{"level":"info","message":"✅ Loaded critical model GLAccount on demand","timestamp":"2026-02-13 22:00:28"}
{"level":"info","message":"✅ Loaded critical model AuditTrail on demand","timestamp":"2026-02-13 22:00:28"}
{"level":"info","message":"✅ Model loader initialized successfully","timestamp":"2026-02-13 22:00:28"}
{"level":"info","message":"📊 Loaded models: sequelize, Op, DataTypes, QueryTypes, User, Customer, CustomerAccount, LoanAccount, LoanRepayment, Deposit, Transaction, GLAccount, AuditTrail","timestamp":"2026-02-13 22:00:28"}
{"level":"info","message":"📊 Model Statistics:","timestamp":"2026-02-13 22:00:28"}
{"level":"info","message":"   Total models loaded: 13","timestamp":"2026-02-13 22:00:28"}
{"level":"info","message":"   CUSTOMER: 2 models","timestamp":"2026-02-13 22:00:28"}
{"level":"info","message":"   LOAN: 2 models","timestamp":"2026-02-13 22:00:28"}
{"level":"info","message":"   DEPOSIT: 1 models","timestamp":"2026-02-13 22:00:28"}
{"level":"info","message":"   TRANSACTION: 1 models","timestamp":"2026-02-13 22:00:28"}
{"level":"info","message":"   USER: 1 models","timestamp":"2026-02-13 22:00:28"}
{"level":"info","message":"   ACCOUNTING: 1 models","timestamp":"2026-02-13 22:00:28"}
{"level":"info","message":"   AUDIT: 1 models","timestamp":"2026-02-13 22:00:28"}
{"level":"info","logDir":"logs","message":"🚀 Winston logger initialized","nodeVersion":"v24.13.0","platform":"win32","timestamp":"2026-02-13 22:00:20"}
{"errors":["Role 28: Permission undefined not found in REPORT","Role 28: Permission undefined not found in REPORT","Role 38: Permission undefined not found in VAULT"],"level":"warn","message":"Permission validation errors","timestamp":"2026-02-13 22:00:24"}
{"errors":["Role 28: Permission undefined not found in REPORT","Role 28: Permission undefined not found in REPORT","Role 38: Permission undefined not found in VAULT"],"level":"warn","message":"Permission validation errors","timestamp":"2026-02-13 22:00:25"}
{"level":"info","message":"Server time initialized (WAT): 2026-02-14T07:00:28.509Z","timestamp":"2026-02-13 22:00:28"}
{"error":"auditLogger.info(...).catch is not a function","level":"warn","message":"Could not log startup audit","timestamp":"2026-02-13 22:00:28"}
{"level":"info","message":"🔧 Auto-initializing models in development mode...","timestamp":"2026-02-13 22:00:28"}
{"level":"info","message":"🚀 Initializing model loader...","timestamp":"2026-02-13 22:00:28"}
{"level":"info","message":"✅ Models loaded via index.js","timestamp":"2026-02-13 22:00:28"}
{"level":"info","message":"✅ Loaded critical model User on demand","timestamp":"2026-02-13 22:00:28"}
{"level":"info","message":"✅ Loaded critical model Customer on demand","timestamp":"2026-02-13 22:00:28"}
{"level":"info","message":"✅ Loaded critical model CustomerAccount on demand","timestamp":"2026-02-13 22:00:28"}
{"level":"info","message":"✅ Loaded critical model LoanAccount on demand","timestamp":"2026-02-13 22:00:28"}
{"level":"info","message":"✅ Loaded critical model LoanRepayment on demand","timestamp":"2026-02-13 22:00:28"}
{"level":"info","message":"✅ Loaded critical model Deposit on demand","timestamp":"2026-02-13 22:00:28"}
{"level":"info","message":"✅ Loaded critical model Transaction on demand","timestamp":"2026-02-13 22:00:28"}
{"level":"info","message":"✅ Loaded critical model GLAccount on demand","timestamp":"2026-02-13 22:00:28"}
{"level":"info","message":"✅ Loaded critical model AuditTrail on demand","timestamp":"2026-02-13 22:00:28"}
{"level":"info","message":"✅ Model loader initialized successfully","timestamp":"2026-02-13 22:00:28"}
{"level":"info","message":"📊 Loaded models: sequelize, Op, DataTypes, QueryTypes, User, Customer, CustomerAccount, LoanAccount, LoanRepayment, Deposit, Transaction, GLAccount, AuditTrail","timestamp":"2026-02-13 22:00:28"}
{"level":"info","message":"📊 Model Statistics:","timestamp":"2026-02-13 22:00:28"}
{"level":"info","message":"   Total models loaded: 13","timestamp":"2026-02-13 22:00:28"}
{"level":"info","message":"   CUSTOMER: 2 models","timestamp":"2026-02-13 22:00:28"}
{"level":"info","message":"   LOAN: 2 models","timestamp":"2026-02-13 22:00:28"}
{"level":"info","message":"   DEPOSIT: 1 models","timestamp":"2026-02-13 22:00:28"}
{"level":"info","message":"   TRANSACTION: 1 models","timestamp":"2026-02-13 22:00:28"}
{"level":"info","message":"   USER: 1 models","timestamp":"2026-02-13 22:00:28"}
{"level":"info","message":"   ACCOUNTING: 1 models","timestamp":"2026-02-13 22:00:28"}
{"level":"info","message":"   AUDIT: 1 models","timestamp":"2026-02-13 22:00:28"}
{"level":"info","logDir":"logs","message":"🚀 Winston logger initialized","nodeVersion":"v24.13.0","platform":"win32","timestamp":"2026-02-13 22:00:20"}
{"errors":["Role 28: Permission undefined not found in REPORT","Role 28: Permission undefined not found in REPORT","Role 38: Permission undefined not found in VAULT"],"level":"warn","message":"Permission validation errors","timestamp":"2026-02-13 22:00:24"}
{"errors":["Role 28: Permission undefined not found in REPORT","Role 28: Permission undefined not found in REPORT","Role 38: Permission undefined not found in VAULT"],"level":"warn","message":"Permission validation errors","timestamp":"2026-02-13 22:00:25"}
{"level":"info","message":"Server time initialized (WAT): 2026-02-14T07:00:28.502Z","timestamp":"2026-02-13 22:00:28"}
{"error":"auditLogger.info(...).catch is not a function","level":"warn","message":"Could not log startup audit","timestamp":"2026-02-13 22:00:28"}
{"level":"info","message":"🔧 Auto-initializing models in development mode...","timestamp":"2026-02-13 22:00:28"}
{"level":"info","message":"🚀 Initializing model loader...","timestamp":"2026-02-13 22:00:28"}
{"level":"info","message":"✅ Models loaded via index.js","timestamp":"2026-02-13 22:00:28"}
{"level":"info","message":"✅ Loaded critical model User on demand","timestamp":"2026-02-13 22:00:28"}
{"level":"info","message":"✅ Loaded critical model Customer on demand","timestamp":"2026-02-13 22:00:28"}
{"level":"info","message":"✅ Loaded critical model CustomerAccount on demand","timestamp":"2026-02-13 22:00:28"}
{"level":"info","message":"✅ Loaded critical model LoanAccount on demand","timestamp":"2026-02-13 22:00:28"}
{"level":"info","message":"✅ Loaded critical model LoanRepayment on demand","timestamp":"2026-02-13 22:00:28"}
{"level":"info","message":"✅ Loaded critical model Deposit on demand","timestamp":"2026-02-13 22:00:28"}
{"level":"info","message":"✅ Loaded critical model Transaction on demand","timestamp":"2026-02-13 22:00:28"}
{"level":"info","message":"✅ Loaded critical model GLAccount on demand","timestamp":"2026-02-13 22:00:28"}
{"level":"info","message":"✅ Loaded critical model AuditTrail on demand","timestamp":"2026-02-13 22:00:28"}
{"level":"info","message":"✅ Model loader initialized successfully","timestamp":"2026-02-13 22:00:28"}
{"level":"info","message":"📊 Loaded models: sequelize, Op, DataTypes, QueryTypes, User, Customer, CustomerAccount, LoanAccount, LoanRepayment, Deposit, Transaction, GLAccount, AuditTrail","timestamp":"2026-02-13 22:00:28"}
{"level":"info","message":"📊 Model Statistics:","timestamp":"2026-02-13 22:00:28"}
{"level":"info","message":"   Total models loaded: 13","timestamp":"2026-02-13 22:00:28"}
{"level":"info","message":"   CUSTOMER: 2 models","timestamp":"2026-02-13 22:00:28"}
{"level":"info","message":"   LOAN: 2 models","timestamp":"2026-02-13 22:00:28"}
{"level":"info","message":"   DEPOSIT: 1 models","timestamp":"2026-02-13 22:00:29"}
{"level":"info","message":"   TRANSACTION: 1 models","timestamp":"2026-02-13 22:00:29"}
{"level":"info","message":"   USER: 1 models","timestamp":"2026-02-13 22:00:29"}
{"level":"info","message":"   ACCOUNTING: 1 models","timestamp":"2026-02-13 22:00:29"}
{"level":"info","message":"   AUDIT: 1 models","timestamp":"2026-02-13 22:00:29"}
{"level":"info","logDir":"logs","message":"🚀 Winston logger initialized","nodeVersion":"v24.13.0","platform":"win32","timestamp":"2026-02-13 22:00:20"}
{"errors":["Role 28: Permission undefined not found in REPORT","Role 28: Permission undefined not found in REPORT","Role 38: Permission undefined not found in VAULT"],"level":"warn","message":"Permission validation errors","timestamp":"2026-02-13 22:00:25"}
{"errors":["Role 28: Permission undefined not found in REPORT","Role 28: Permission undefined not found in REPORT","Role 38: Permission undefined not found in VAULT"],"level":"warn","message":"Permission validation errors","timestamp":"2026-02-13 22:00:25"}
{"level":"info","message":"Server time initialized (WAT): 2026-02-14T07:00:28.494Z","timestamp":"2026-02-13 22:00:28"}
{"error":"auditLogger.info(...).catch is not a function","level":"warn","message":"Could not log startup audit","timestamp":"2026-02-13 22:00:28"}
{"level":"info","message":"🔧 Auto-initializing models in development mode...","timestamp":"2026-02-13 22:00:28"}
{"level":"info","message":"🚀 Initializing model loader...","timestamp":"2026-02-13 22:00:28"}
{"level":"info","message":"✅ Models loaded via index.js","timestamp":"2026-02-13 22:00:28"}
{"level":"info","message":"✅ Loaded critical model User on demand","timestamp":"2026-02-13 22:00:28"}
{"level":"info","message":"✅ Loaded critical model Customer on demand","timestamp":"2026-02-13 22:00:28"}
{"level":"info","message":"✅ Loaded critical model CustomerAccount on demand","timestamp":"2026-02-13 22:00:28"}
{"level":"info","message":"✅ Loaded critical model LoanAccount on demand","timestamp":"2026-02-13 22:00:28"}
{"level":"info","message":"✅ Loaded critical model LoanRepayment on demand","timestamp":"2026-02-13 22:00:28"}
{"level":"info","message":"✅ Loaded critical model Deposit on demand","timestamp":"2026-02-13 22:00:28"}
{"level":"info","message":"✅ Loaded critical model Transaction on demand","timestamp":"2026-02-13 22:00:28"}
{"level":"info","message":"✅ Loaded critical model GLAccount on demand","timestamp":"2026-02-13 22:00:28"}
{"level":"info","message":"✅ Loaded critical model AuditTrail on demand","timestamp":"2026-02-13 22:00:28"}
{"level":"info","message":"✅ Model loader initialized successfully","timestamp":"2026-02-13 22:00:28"}
{"level":"info","message":"📊 Loaded models: sequelize, Op, DataTypes, QueryTypes, User, Customer, CustomerAccount, LoanAccount, LoanRepayment, Deposit, Transaction, GLAccount, AuditTrail","timestamp":"2026-02-13 22:00:28"}
{"level":"info","message":"📊 Model Statistics:","timestamp":"2026-02-13 22:00:28"}
{"level":"info","message":"   Total models loaded: 13","timestamp":"2026-02-13 22:00:29"}
{"level":"info","message":"   CUSTOMER: 2 models","timestamp":"2026-02-13 22:00:29"}
{"level":"info","message":"   LOAN: 2 models","timestamp":"2026-02-13 22:00:29"}
{"level":"info","message":"   DEPOSIT: 1 models","timestamp":"2026-02-13 22:00:29"}
{"level":"info","message":"   TRANSACTION: 1 models","timestamp":"2026-02-13 22:00:29"}
{"level":"info","message":"   USER: 1 models","timestamp":"2026-02-13 22:00:29"}
{"level":"info","message":"   ACCOUNTING: 1 models","timestamp":"2026-02-13 22:00:29"}
{"level":"info","message":"   AUDIT: 1 models","timestamp":"2026-02-13 22:00:29"}
{"level":"info","logDir":"logs","message":"🚀 Winston logger initialized","nodeVersion":"v24.13.0","platform":"win32","timestamp":"2026-02-13 22:01:54"}
{"errors":["Role 28: Permission undefined not found in REPORT","Role 28: Permission undefined not found in REPORT","Role 38: Permission undefined not found in VAULT"],"level":"warn","message":"Permission validation errors","timestamp":"2026-02-13 22:01:57"}
{"errors":["Role 28: Permission undefined not found in REPORT","Role 28: Permission undefined not found in REPORT","Role 38: Permission undefined not found in VAULT"],"level":"warn","message":"Permission validation errors","timestamp":"2026-02-13 22:01:58"}
{"level":"info","message":"Server time initialized (WAT): 2026-02-14T07:02:01.131Z","timestamp":"2026-02-13 22:02:01"}
{"error":"auditLogger.info(...).catch is not a function","level":"warn","message":"Could not log startup audit","timestamp":"2026-02-13 22:02:01"}
{"level":"info","message":"🔧 Auto-initializing models in development mode...","timestamp":"2026-02-13 22:02:01"}
{"level":"info","message":"🚀 Initializing model loader...","timestamp":"2026-02-13 22:02:01"}
{"level":"info","message":"✅ Models loaded via index.js","timestamp":"2026-02-13 22:02:01"}
{"level":"info","message":"✅ Loaded critical model User on demand","timestamp":"2026-02-13 22:02:01"}
{"level":"info","message":"✅ Loaded critical model Customer on demand","timestamp":"2026-02-13 22:02:01"}
{"level":"info","message":"✅ Loaded critical model CustomerAccount on demand","timestamp":"2026-02-13 22:02:01"}
{"level":"info","message":"✅ Loaded critical model LoanAccount on demand","timestamp":"2026-02-13 22:02:01"}
{"level":"info","message":"✅ Loaded critical model LoanRepayment on demand","timestamp":"2026-02-13 22:02:01"}
{"level":"info","message":"✅ Loaded critical model Deposit on demand","timestamp":"2026-02-13 22:02:01"}
{"level":"info","message":"✅ Loaded critical model Transaction on demand","timestamp":"2026-02-13 22:02:01"}
{"level":"info","message":"✅ Loaded critical model GLAccount on demand","timestamp":"2026-02-13 22:02:01"}
{"level":"info","message":"✅ Loaded critical model AuditTrail on demand","timestamp":"2026-02-13 22:02:01"}
{"level":"info","message":"✅ Model loader initialized successfully","timestamp":"2026-02-13 22:02:01"}
{"level":"info","message":"📊 Loaded models: sequelize, Op, DataTypes, QueryTypes, User, Customer, CustomerAccount, LoanAccount, LoanRepayment, Deposit, Transaction, GLAccount, AuditTrail","timestamp":"2026-02-13 22:02:01"}
{"level":"info","message":"📊 Model Statistics:","timestamp":"2026-02-13 22:02:01"}
{"level":"info","message":"   Total models loaded: 13","timestamp":"2026-02-13 22:02:01"}
{"level":"info","message":"   CUSTOMER: 2 models","timestamp":"2026-02-13 22:02:01"}
{"level":"info","message":"   LOAN: 2 models","timestamp":"2026-02-13 22:02:01"}
{"level":"info","message":"   DEPOSIT: 1 models","timestamp":"2026-02-13 22:02:01"}
{"level":"info","message":"   TRANSACTION: 1 models","timestamp":"2026-02-13 22:02:01"}
{"level":"info","message":"   USER: 1 models","timestamp":"2026-02-13 22:02:01"}
{"level":"info","message":"   ACCOUNTING: 1 models","timestamp":"2026-02-13 22:02:01"}
{"level":"info","message":"   AUDIT: 1 models","timestamp":"2026-02-13 22:02:01"}
{"level":"info","logDir":"logs","message":"🚀 Winston logger initialized","nodeVersion":"v24.13.0","platform":"win32","timestamp":"2026-02-13 22:01:54"}
{"errors":["Role 28: Permission undefined not found in REPORT","Role 28: Permission undefined not found in REPORT","Role 38: Permission undefined not found in VAULT"],"level":"warn","message":"Permission validation errors","timestamp":"2026-02-13 22:01:57"}
{"errors":["Role 28: Permission undefined not found in REPORT","Role 28: Permission undefined not found in REPORT","Role 38: Permission undefined not found in VAULT"],"level":"warn","message":"Permission validation errors","timestamp":"2026-02-13 22:01:58"}
{"level":"info","message":"Server time initialized (WAT): 2026-02-14T07:02:01.152Z","timestamp":"2026-02-13 22:02:01"}
{"error":"auditLogger.info(...).catch is not a function","level":"warn","message":"Could not log startup audit","timestamp":"2026-02-13 22:02:01"}
{"level":"info","message":"🔧 Auto-initializing models in development mode...","timestamp":"2026-02-13 22:02:01"}
{"level":"info","message":"🚀 Initializing model loader...","timestamp":"2026-02-13 22:02:01"}
{"level":"info","message":"✅ Models loaded via index.js","timestamp":"2026-02-13 22:02:01"}
{"level":"info","message":"✅ Loaded critical model User on demand","timestamp":"2026-02-13 22:02:01"}
{"level":"info","message":"✅ Loaded critical model Customer on demand","timestamp":"2026-02-13 22:02:01"}
{"level":"info","message":"✅ Loaded critical model CustomerAccount on demand","timestamp":"2026-02-13 22:02:01"}
{"level":"info","message":"✅ Loaded critical model LoanAccount on demand","timestamp":"2026-02-13 22:02:01"}
{"level":"info","message":"✅ Loaded critical model LoanRepayment on demand","timestamp":"2026-02-13 22:02:01"}
{"level":"info","message":"✅ Loaded critical model Deposit on demand","timestamp":"2026-02-13 22:02:01"}
{"level":"info","message":"✅ Loaded critical model Transaction on demand","timestamp":"2026-02-13 22:02:01"}
{"level":"info","message":"✅ Loaded critical model GLAccount on demand","timestamp":"2026-02-13 22:02:01"}
{"level":"info","message":"✅ Loaded critical model AuditTrail on demand","timestamp":"2026-02-13 22:02:01"}
{"level":"info","message":"✅ Model loader initialized successfully","timestamp":"2026-02-13 22:02:01"}
{"level":"info","message":"📊 Loaded models: sequelize, Op, DataTypes, QueryTypes, User, Customer, CustomerAccount, LoanAccount, LoanRepayment, Deposit, Transaction, GLAccount, AuditTrail","timestamp":"2026-02-13 22:02:01"}
{"level":"info","message":"📊 Model Statistics:","timestamp":"2026-02-13 22:02:01"}
{"level":"info","message":"   Total models loaded: 13","timestamp":"2026-02-13 22:02:01"}
{"level":"info","message":"   CUSTOMER: 2 models","timestamp":"2026-02-13 22:02:01"}
{"level":"info","message":"   LOAN: 2 models","timestamp":"2026-02-13 22:02:01"}
{"level":"info","message":"   DEPOSIT: 1 models","timestamp":"2026-02-13 22:02:01"}
{"level":"info","message":"   TRANSACTION: 1 models","timestamp":"2026-02-13 22:02:01"}
{"level":"info","message":"   USER: 1 models","timestamp":"2026-02-13 22:02:01"}
{"level":"info","message":"   ACCOUNTING: 1 models","timestamp":"2026-02-13 22:02:01"}
{"level":"info","message":"   AUDIT: 1 models","timestamp":"2026-02-13 22:02:01"}
{"level":"info","logDir":"logs","message":"🚀 Winston logger initialized","nodeVersion":"v24.13.0","platform":"win32","timestamp":"2026-02-13 22:01:54"}
{"errors":["Role 28: Permission undefined not found in REPORT","Role 28: Permission undefined not found in REPORT","Role 38: Permission undefined not found in VAULT"],"level":"warn","message":"Permission validation errors","timestamp":"2026-02-13 22:01:57"}
{"errors":["Role 28: Permission undefined not found in REPORT","Role 28: Permission undefined not found in REPORT","Role 38: Permission undefined not found in VAULT"],"level":"warn","message":"Permission validation errors","timestamp":"2026-02-13 22:01:58"}
{"level":"info","message":"Server time initialized (WAT): 2026-02-14T07:02:01.147Z","timestamp":"2026-02-13 22:02:01"}
{"error":"auditLogger.info(...).catch is not a function","level":"warn","message":"Could not log startup audit","timestamp":"2026-02-13 22:02:01"}
{"level":"info","message":"🔧 Auto-initializing models in development mode...","timestamp":"2026-02-13 22:02:01"}
{"level":"info","message":"🚀 Initializing model loader...","timestamp":"2026-02-13 22:02:01"}
{"level":"info","message":"✅ Models loaded via index.js","timestamp":"2026-02-13 22:02:01"}
{"level":"info","message":"✅ Loaded critical model User on demand","timestamp":"2026-02-13 22:02:01"}
{"level":"info","message":"✅ Loaded critical model Customer on demand","timestamp":"2026-02-13 22:02:01"}
{"level":"info","message":"✅ Loaded critical model CustomerAccount on demand","timestamp":"2026-02-13 22:02:01"}
{"level":"info","message":"✅ Loaded critical model LoanAccount on demand","timestamp":"2026-02-13 22:02:01"}
{"level":"info","message":"✅ Loaded critical model LoanRepayment on demand","timestamp":"2026-02-13 22:02:01"}
{"level":"info","message":"✅ Loaded critical model Deposit on demand","timestamp":"2026-02-13 22:02:01"}
{"level":"info","message":"✅ Loaded critical model Transaction on demand","timestamp":"2026-02-13 22:02:01"}
{"level":"info","message":"✅ Loaded critical model GLAccount on demand","timestamp":"2026-02-13 22:02:01"}
{"level":"info","message":"✅ Loaded critical model AuditTrail on demand","timestamp":"2026-02-13 22:02:01"}
{"level":"info","message":"✅ Model loader initialized successfully","timestamp":"2026-02-13 22:02:01"}
{"level":"info","message":"📊 Loaded models: sequelize, Op, DataTypes, QueryTypes, User, Customer, CustomerAccount, LoanAccount, LoanRepayment, Deposit, Transaction, GLAccount, AuditTrail","timestamp":"2026-02-13 22:02:01"}
{"level":"info","message":"📊 Model Statistics:","timestamp":"2026-02-13 22:02:01"}
{"level":"info","message":"   Total models loaded: 13","timestamp":"2026-02-13 22:02:01"}
{"level":"info","message":"   CUSTOMER: 2 models","timestamp":"2026-02-13 22:02:01"}
{"level":"info","message":"   LOAN: 2 models","timestamp":"2026-02-13 22:02:01"}
{"level":"info","message":"   DEPOSIT: 1 models","timestamp":"2026-02-13 22:02:01"}
{"level":"info","message":"   TRANSACTION: 1 models","timestamp":"2026-02-13 22:02:01"}
{"level":"info","message":"   USER: 1 models","timestamp":"2026-02-13 22:02:01"}
{"level":"info","message":"   ACCOUNTING: 1 models","timestamp":"2026-02-13 22:02:01"}
{"level":"info","message":"   AUDIT: 1 models","timestamp":"2026-02-13 22:02:01"}
{"level":"info","logDir":"logs","message":"🚀 Winston logger initialized","nodeVersion":"v24.13.0","platform":"win32","timestamp":"2026-02-13 22:01:54"}
{"errors":["Role 28: Permission undefined not found in REPORT","Role 28: Permission undefined not found in REPORT","Role 38: Permission undefined not found in VAULT"],"level":"warn","message":"Permission validation errors","timestamp":"2026-02-13 22:01:57"}
{"errors":["Role 28: Permission undefined not found in REPORT","Role 28: Permission undefined not found in REPORT","Role 38: Permission undefined not found in VAULT"],"level":"warn","message":"Permission validation errors","timestamp":"2026-02-13 22:01:58"}
{"level":"info","message":"Server time initialized (WAT): 2026-02-14T07:02:01.135Z","timestamp":"2026-02-13 22:02:01"}
{"error":"auditLogger.info(...).catch is not a function","level":"warn","message":"Could not log startup audit","timestamp":"2026-02-13 22:02:01"}
{"level":"info","message":"🔧 Auto-initializing models in development mode...","timestamp":"2026-02-13 22:02:01"}
{"level":"info","message":"🚀 Initializing model loader...","timestamp":"2026-02-13 22:02:01"}
{"level":"info","message":"✅ Models loaded via index.js","timestamp":"2026-02-13 22:02:01"}
{"level":"info","message":"✅ Loaded critical model User on demand","timestamp":"2026-02-13 22:02:01"}
{"level":"info","message":"✅ Loaded critical model Customer on demand","timestamp":"2026-02-13 22:02:01"}
{"level":"info","message":"✅ Loaded critical model CustomerAccount on demand","timestamp":"2026-02-13 22:02:01"}
{"level":"info","message":"✅ Loaded critical model LoanAccount on demand","timestamp":"2026-02-13 22:02:01"}
{"level":"info","message":"✅ Loaded critical model LoanRepayment on demand","timestamp":"2026-02-13 22:02:01"}
{"level":"info","message":"✅ Loaded critical model Deposit on demand","timestamp":"2026-02-13 22:02:01"}
{"level":"info","message":"✅ Loaded critical model Transaction on demand","timestamp":"2026-02-13 22:02:01"}
{"level":"info","message":"✅ Loaded critical model GLAccount on demand","timestamp":"2026-02-13 22:02:01"}
{"level":"info","message":"✅ Loaded critical model AuditTrail on demand","timestamp":"2026-02-13 22:02:01"}
{"level":"info","message":"✅ Model loader initialized successfully","timestamp":"2026-02-13 22:02:01"}
{"level":"info","message":"📊 Loaded models: sequelize, Op, DataTypes, QueryTypes, User, Customer, CustomerAccount, LoanAccount, LoanRepayment, Deposit, Transaction, GLAccount, AuditTrail","timestamp":"2026-02-13 22:02:01"}
{"level":"info","message":"📊 Model Statistics:","timestamp":"2026-02-13 22:02:01"}
{"level":"info","message":"   Total models loaded: 13","timestamp":"2026-02-13 22:02:01"}
{"level":"info","message":"   CUSTOMER: 2 models","timestamp":"2026-02-13 22:02:01"}
{"level":"info","message":"   LOAN: 2 models","timestamp":"2026-02-13 22:02:01"}
{"level":"info","message":"   DEPOSIT: 1 models","timestamp":"2026-02-13 22:02:01"}
{"level":"info","message":"   TRANSACTION: 1 models","timestamp":"2026-02-13 22:02:01"}
{"level":"info","message":"   USER: 1 models","timestamp":"2026-02-13 22:02:01"}
{"level":"info","message":"   ACCOUNTING: 1 models","timestamp":"2026-02-13 22:02:01"}
{"level":"info","message":"   AUDIT: 1 models","timestamp":"2026-02-13 22:02:01"}
{"level":"info","logDir":"logs","message":"🚀 Winston logger initialized","nodeVersion":"v24.13.0","platform":"win32","timestamp":"2026-02-13 22:03:27"}
{"errors":["Role 28: Permission undefined not found in REPORT","Role 28: Permission undefined not found in REPORT","Role 38: Permission undefined not found in VAULT"],"level":"warn","message":"Permission validation errors","timestamp":"2026-02-13 22:03:31"}
{"errors":["Role 28: Permission undefined not found in REPORT","Role 28: Permission undefined not found in REPORT","Role 38: Permission undefined not found in VAULT"],"level":"warn","message":"Permission validation errors","timestamp":"2026-02-13 22:03:32"}
{"level":"info","message":"Server time initialized (WAT): 2026-02-14T07:03:35.254Z","timestamp":"2026-02-13 22:03:35"}
{"error":"auditLogger.info(...).catch is not a function","level":"warn","message":"Could not log startup audit","timestamp":"2026-02-13 22:03:35"}
{"level":"info","message":"🔧 Auto-initializing models in development mode...","timestamp":"2026-02-13 22:03:35"}
{"level":"info","message":"🚀 Initializing model loader...","timestamp":"2026-02-13 22:03:35"}
{"level":"info","message":"✅ Models loaded via index.js","timestamp":"2026-02-13 22:03:35"}
{"level":"info","message":"✅ Loaded critical model User on demand","timestamp":"2026-02-13 22:03:35"}
{"level":"info","message":"✅ Loaded critical model Customer on demand","timestamp":"2026-02-13 22:03:35"}
{"level":"info","message":"✅ Loaded critical model CustomerAccount on demand","timestamp":"2026-02-13 22:03:35"}
{"level":"info","message":"✅ Loaded critical model LoanAccount on demand","timestamp":"2026-02-13 22:03:35"}
{"level":"info","message":"✅ Loaded critical model LoanRepayment on demand","timestamp":"2026-02-13 22:03:35"}
{"level":"info","message":"✅ Loaded critical model Deposit on demand","timestamp":"2026-02-13 22:03:35"}
{"level":"info","message":"✅ Loaded critical model Transaction on demand","timestamp":"2026-02-13 22:03:35"}
{"level":"info","message":"✅ Loaded critical model GLAccount on demand","timestamp":"2026-02-13 22:03:35"}
{"level":"info","message":"✅ Loaded critical model AuditTrail on demand","timestamp":"2026-02-13 22:03:35"}
{"level":"info","message":"✅ Model loader initialized successfully","timestamp":"2026-02-13 22:03:35"}
{"level":"info","message":"📊 Loaded models: sequelize, Op, DataTypes, QueryTypes, User, Customer, CustomerAccount, LoanAccount, LoanRepayment, Deposit, Transaction, GLAccount, AuditTrail","timestamp":"2026-02-13 22:03:35"}
{"level":"info","message":"📊 Model Statistics:","timestamp":"2026-02-13 22:03:35"}
{"level":"info","message":"   Total models loaded: 13","timestamp":"2026-02-13 22:03:35"}
{"level":"info","message":"   CUSTOMER: 2 models","timestamp":"2026-02-13 22:03:35"}
{"level":"info","message":"   LOAN: 2 models","timestamp":"2026-02-13 22:03:35"}
{"level":"info","message":"   DEPOSIT: 1 models","timestamp":"2026-02-13 22:03:35"}
{"level":"info","message":"   TRANSACTION: 1 models","timestamp":"2026-02-13 22:03:35"}
{"level":"info","message":"   USER: 1 models","timestamp":"2026-02-13 22:03:35"}
{"level":"info","message":"   ACCOUNTING: 1 models","timestamp":"2026-02-13 22:03:35"}
{"level":"info","message":"   AUDIT: 1 models","timestamp":"2026-02-13 22:03:35"}
{"level":"info","logDir":"logs","message":"🚀 Winston logger initialized","nodeVersion":"v24.13.0","platform":"win32","timestamp":"2026-02-13 22:03:27"}
{"errors":["Role 28: Permission undefined not found in REPORT","Role 28: Permission undefined not found in REPORT","Role 38: Permission undefined not found in VAULT"],"level":"warn","message":"Permission validation errors","timestamp":"2026-02-13 22:03:31"}
{"errors":["Role 28: Permission undefined not found in REPORT","Role 28: Permission undefined not found in REPORT","Role 38: Permission undefined not found in VAULT"],"level":"warn","message":"Permission validation errors","timestamp":"2026-02-13 22:03:32"}
{"level":"info","message":"Server time initialized (WAT): 2026-02-14T07:03:35.254Z","timestamp":"2026-02-13 22:03:35"}
{"error":"auditLogger.info(...).catch is not a function","level":"warn","message":"Could not log startup audit","timestamp":"2026-02-13 22:03:35"}
{"level":"info","message":"🔧 Auto-initializing models in development mode...","timestamp":"2026-02-13 22:03:35"}
{"level":"info","message":"🚀 Initializing model loader...","timestamp":"2026-02-13 22:03:35"}
{"level":"info","message":"✅ Models loaded via index.js","timestamp":"2026-02-13 22:03:35"}
{"level":"info","message":"✅ Loaded critical model User on demand","timestamp":"2026-02-13 22:03:35"}
{"level":"info","message":"✅ Loaded critical model Customer on demand","timestamp":"2026-02-13 22:03:35"}
{"level":"info","message":"✅ Loaded critical model CustomerAccount on demand","timestamp":"2026-02-13 22:03:35"}
{"level":"info","message":"✅ Loaded critical model LoanAccount on demand","timestamp":"2026-02-13 22:03:35"}
{"level":"info","message":"✅ Loaded critical model LoanRepayment on demand","timestamp":"2026-02-13 22:03:35"}
{"level":"info","message":"✅ Loaded critical model Deposit on demand","timestamp":"2026-02-13 22:03:35"}
{"level":"info","message":"✅ Loaded critical model Transaction on demand","timestamp":"2026-02-13 22:03:35"}
{"level":"info","message":"✅ Loaded critical model GLAccount on demand","timestamp":"2026-02-13 22:03:35"}
{"level":"info","message":"✅ Loaded critical model AuditTrail on demand","timestamp":"2026-02-13 22:03:35"}
{"level":"info","message":"✅ Model loader initialized successfully","timestamp":"2026-02-13 22:03:35"}
{"level":"info","message":"📊 Loaded models: sequelize, Op, DataTypes, QueryTypes, User, Customer, CustomerAccount, LoanAccount, LoanRepayment, Deposit, Transaction, GLAccount, AuditTrail","timestamp":"2026-02-13 22:03:35"}
{"level":"info","message":"📊 Model Statistics:","timestamp":"2026-02-13 22:03:35"}
{"level":"info","message":"   Total models loaded: 13","timestamp":"2026-02-13 22:03:35"}
{"level":"info","message":"   CUSTOMER: 2 models","timestamp":"2026-02-13 22:03:35"}
{"level":"info","message":"   LOAN: 2 models","timestamp":"2026-02-13 22:03:35"}
{"level":"info","message":"   DEPOSIT: 1 models","timestamp":"2026-02-13 22:03:35"}
{"level":"info","message":"   TRANSACTION: 1 models","timestamp":"2026-02-13 22:03:35"}
{"level":"info","message":"   USER: 1 models","timestamp":"2026-02-13 22:03:35"}
{"level":"info","message":"   ACCOUNTING: 1 models","timestamp":"2026-02-13 22:03:35"}
{"level":"info","message":"   AUDIT: 1 models","timestamp":"2026-02-13 22:03:35"}
{"level":"info","logDir":"logs","message":"🚀 Winston logger initialized","nodeVersion":"v24.13.0","platform":"win32","timestamp":"2026-02-13 22:03:27"}
{"errors":["Role 28: Permission undefined not found in REPORT","Role 28: Permission undefined not found in REPORT","Role 38: Permission undefined not found in VAULT"],"level":"warn","message":"Permission validation errors","timestamp":"2026-02-13 22:03:31"}
{"errors":["Role 28: Permission undefined not found in REPORT","Role 28: Permission undefined not found in REPORT","Role 38: Permission undefined not found in VAULT"],"level":"warn","message":"Permission validation errors","timestamp":"2026-02-13 22:03:32"}
{"level":"info","message":"Server time initialized (WAT): 2026-02-14T07:03:35.248Z","timestamp":"2026-02-13 22:03:35"}
{"error":"auditLogger.info(...).catch is not a function","level":"warn","message":"Could not log startup audit","timestamp":"2026-02-13 22:03:35"}
{"level":"info","message":"🔧 Auto-initializing models in development mode...","timestamp":"2026-02-13 22:03:35"}
{"level":"info","message":"🚀 Initializing model loader...","timestamp":"2026-02-13 22:03:35"}
{"level":"info","message":"✅ Models loaded via index.js","timestamp":"2026-02-13 22:03:35"}
{"level":"info","message":"✅ Loaded critical model User on demand","timestamp":"2026-02-13 22:03:35"}
{"level":"info","message":"✅ Loaded critical model Customer on demand","timestamp":"2026-02-13 22:03:35"}
{"level":"info","message":"✅ Loaded critical model CustomerAccount on demand","timestamp":"2026-02-13 22:03:35"}
{"level":"info","message":"✅ Loaded critical model LoanAccount on demand","timestamp":"2026-02-13 22:03:35"}
{"level":"info","message":"✅ Loaded critical model LoanRepayment on demand","timestamp":"2026-02-13 22:03:35"}
{"level":"info","message":"✅ Loaded critical model Deposit on demand","timestamp":"2026-02-13 22:03:35"}
{"level":"info","message":"✅ Loaded critical model Transaction on demand","timestamp":"2026-02-13 22:03:35"}
{"level":"info","message":"✅ Loaded critical model GLAccount on demand","timestamp":"2026-02-13 22:03:35"}
{"level":"info","message":"✅ Loaded critical model AuditTrail on demand","timestamp":"2026-02-13 22:03:35"}
{"level":"info","message":"✅ Model loader initialized successfully","timestamp":"2026-02-13 22:03:35"}
{"level":"info","message":"📊 Loaded models: sequelize, Op, DataTypes, QueryTypes, User, Customer, CustomerAccount, LoanAccount, LoanRepayment, Deposit, Transaction, GLAccount, AuditTrail","timestamp":"2026-02-13 22:03:35"}
{"level":"info","message":"📊 Model Statistics:","timestamp":"2026-02-13 22:03:35"}
{"level":"info","message":"   Total models loaded: 13","timestamp":"2026-02-13 22:03:35"}
{"level":"info","message":"   CUSTOMER: 2 models","timestamp":"2026-02-13 22:03:35"}
{"level":"info","message":"   LOAN: 2 models","timestamp":"2026-02-13 22:03:35"}
{"level":"info","message":"   DEPOSIT: 1 models","timestamp":"2026-02-13 22:03:35"}
{"level":"info","message":"   TRANSACTION: 1 models","timestamp":"2026-02-13 22:03:35"}
{"level":"info","message":"   USER: 1 models","timestamp":"2026-02-13 22:03:35"}
{"level":"info","message":"   ACCOUNTING: 1 models","timestamp":"2026-02-13 22:03:35"}
{"level":"info","message":"   AUDIT: 1 models","timestamp":"2026-02-13 22:03:35"}
{"level":"info","logDir":"logs","message":"🚀 Winston logger initialized","nodeVersion":"v24.13.0","platform":"win32","timestamp":"2026-02-13 22:03:27"}
{"errors":["Role 28: Permission undefined not found in REPORT","Role 28: Permission undefined not found in REPORT","Role 38: Permission undefined not found in VAULT"],"level":"warn","message":"Permission validation errors","timestamp":"2026-02-13 22:03:31"}
{"errors":["Role 28: Permission undefined not found in REPORT","Role 28: Permission undefined not found in REPORT","Role 38: Permission undefined not found in VAULT"],"level":"warn","message":"Permission validation errors","timestamp":"2026-02-13 22:03:32"}
{"level":"info","message":"Server time initialized (WAT): 2026-02-14T07:03:35.266Z","timestamp":"2026-02-13 22:03:35"}
{"error":"auditLogger.info(...).catch is not a function","level":"warn","message":"Could not log startup audit","timestamp":"2026-02-13 22:03:35"}
{"level":"info","message":"🔧 Auto-initializing models in development mode...","timestamp":"2026-02-13 22:03:35"}
{"level":"info","message":"🚀 Initializing model loader...","timestamp":"2026-02-13 22:03:35"}
{"level":"info","message":"✅ Models loaded via index.js","timestamp":"2026-02-13 22:03:35"}
{"level":"info","message":"✅ Loaded critical model User on demand","timestamp":"2026-02-13 22:03:35"}
{"level":"info","message":"✅ Loaded critical model Customer on demand","timestamp":"2026-02-13 22:03:35"}
{"level":"info","message":"✅ Loaded critical model CustomerAccount on demand","timestamp":"2026-02-13 22:03:35"}
{"level":"info","message":"✅ Loaded critical model LoanAccount on demand","timestamp":"2026-02-13 22:03:35"}
{"level":"info","message":"✅ Loaded critical model LoanRepayment on demand","timestamp":"2026-02-13 22:03:35"}
{"level":"info","message":"✅ Loaded critical model Deposit on demand","timestamp":"2026-02-13 22:03:35"}
{"level":"info","message":"✅ Loaded critical model Transaction on demand","timestamp":"2026-02-13 22:03:35"}
{"level":"info","message":"✅ Loaded critical model GLAccount on demand","timestamp":"2026-02-13 22:03:35"}
{"level":"info","message":"✅ Loaded critical model AuditTrail on demand","timestamp":"2026-02-13 22:03:35"}
{"level":"info","message":"✅ Model loader initialized successfully","timestamp":"2026-02-13 22:03:35"}
{"level":"info","message":"📊 Loaded models: sequelize, Op, DataTypes, QueryTypes, User, Customer, CustomerAccount, LoanAccount, LoanRepayment, Deposit, Transaction, GLAccount, AuditTrail","timestamp":"2026-02-13 22:03:35"}
{"level":"info","message":"📊 Model Statistics:","timestamp":"2026-02-13 22:03:35"}
{"level":"info","message":"   Total models loaded: 13","timestamp":"2026-02-13 22:03:35"}
{"level":"info","message":"   CUSTOMER: 2 models","timestamp":"2026-02-13 22:03:35"}
{"level":"info","message":"   LOAN: 2 models","timestamp":"2026-02-13 22:03:35"}
{"level":"info","message":"   DEPOSIT: 1 models","timestamp":"2026-02-13 22:03:35"}
{"level":"info","message":"   TRANSACTION: 1 models","timestamp":"2026-02-13 22:03:35"}
{"level":"info","message":"   USER: 1 models","timestamp":"2026-02-13 22:03:35"}
{"level":"info","message":"   ACCOUNTING: 1 models","timestamp":"2026-02-13 22:03:35"}
{"level":"info","message":"   AUDIT: 1 models","timestamp":"2026-02-13 22:03:35"}
{"level":"info","logDir":"logs","message":"🚀 Winston logger initialized","nodeVersion":"v24.13.0","platform":"win32","timestamp":"2026-02-13 22:05:01"}
{"errors":["Role 28: Permission undefined not found in REPORT","Role 28: Permission undefined not found in REPORT","Role 38: Permission undefined not found in VAULT"],"level":"warn","message":"Permission validation errors","timestamp":"2026-02-13 22:05:05"}
{"errors":["Role 28: Permission undefined not found in REPORT","Role 28: Permission undefined not found in REPORT","Role 38: Permission undefined not found in VAULT"],"level":"warn","message":"Permission validation errors","timestamp":"2026-02-13 22:05:06"}
{"level":"info","message":"Server time initialized (WAT): 2026-02-14T07:05:08.333Z","timestamp":"2026-02-13 22:05:08"}
{"error":"auditLogger.info(...).catch is not a function","level":"warn","message":"Could not log startup audit","timestamp":"2026-02-13 22:05:08"}
{"level":"info","message":"🔧 Auto-initializing models in development mode...","timestamp":"2026-02-13 22:05:08"}
{"level":"info","message":"🚀 Initializing model loader...","timestamp":"2026-02-13 22:05:08"}
{"level":"info","message":"✅ Models loaded via index.js","timestamp":"2026-02-13 22:05:08"}
{"level":"info","message":"✅ Loaded critical model User on demand","timestamp":"2026-02-13 22:05:08"}
{"level":"info","message":"✅ Loaded critical model Customer on demand","timestamp":"2026-02-13 22:05:08"}
{"level":"info","message":"✅ Loaded critical model CustomerAccount on demand","timestamp":"2026-02-13 22:05:08"}
{"level":"info","message":"✅ Loaded critical model LoanAccount on demand","timestamp":"2026-02-13 22:05:08"}
{"level":"info","message":"✅ Loaded critical model LoanRepayment on demand","timestamp":"2026-02-13 22:05:08"}
{"level":"info","message":"✅ Loaded critical model Deposit on demand","timestamp":"2026-02-13 22:05:08"}
{"level":"info","message":"✅ Loaded critical model Transaction on demand","timestamp":"2026-02-13 22:05:08"}
{"level":"info","message":"✅ Loaded critical model GLAccount on demand","timestamp":"2026-02-13 22:05:08"}
{"level":"info","message":"✅ Loaded critical model AuditTrail on demand","timestamp":"2026-02-13 22:05:08"}
{"level":"info","message":"✅ Model loader initialized successfully","timestamp":"2026-02-13 22:05:08"}
{"level":"info","message":"📊 Loaded models: sequelize, Op, DataTypes, QueryTypes, User, Customer, CustomerAccount, LoanAccount, LoanRepayment, Deposit, Transaction, GLAccount, AuditTrail","timestamp":"2026-02-13 22:05:08"}
{"level":"info","message":"📊 Model Statistics:","timestamp":"2026-02-13 22:05:08"}
{"level":"info","message":"   Total models loaded: 13","timestamp":"2026-02-13 22:05:08"}
{"level":"info","message":"   CUSTOMER: 2 models","timestamp":"2026-02-13 22:05:08"}
{"level":"info","message":"   LOAN: 2 models","timestamp":"2026-02-13 22:05:08"}
{"level":"info","message":"   DEPOSIT: 1 models","timestamp":"2026-02-13 22:05:08"}
{"level":"info","message":"   TRANSACTION: 1 models","timestamp":"2026-02-13 22:05:08"}
{"level":"info","message":"   USER: 1 models","timestamp":"2026-02-13 22:05:08"}
{"level":"info","message":"   ACCOUNTING: 1 models","timestamp":"2026-02-13 22:05:08"}
{"level":"info","message":"   AUDIT: 1 models","timestamp":"2026-02-13 22:05:08"}
{"level":"info","logDir":"logs","message":"🚀 Winston logger initialized","nodeVersion":"v24.13.0","platform":"win32","timestamp":"2026-02-13 22:05:01"}
{"errors":["Role 28: Permission undefined not found in REPORT","Role 28: Permission undefined not found in REPORT","Role 38: Permission undefined not found in VAULT"],"level":"warn","message":"Permission validation errors","timestamp":"2026-02-13 22:05:05"}
{"errors":["Role 28: Permission undefined not found in REPORT","Role 28: Permission undefined not found in REPORT","Role 38: Permission undefined not found in VAULT"],"level":"warn","message":"Permission validation errors","timestamp":"2026-02-13 22:05:06"}
{"level":"info","message":"Server time initialized (WAT): 2026-02-14T07:05:08.362Z","timestamp":"2026-02-13 22:05:08"}
{"error":"auditLogger.info(...).catch is not a function","level":"warn","message":"Could not log startup audit","timestamp":"2026-02-13 22:05:08"}
{"level":"info","message":"🔧 Auto-initializing models in development mode...","timestamp":"2026-02-13 22:05:08"}
{"level":"info","message":"🚀 Initializing model loader...","timestamp":"2026-02-13 22:05:08"}
{"level":"info","message":"✅ Models loaded via index.js","timestamp":"2026-02-13 22:05:08"}
{"level":"info","message":"✅ Loaded critical model User on demand","timestamp":"2026-02-13 22:05:08"}
{"level":"info","message":"✅ Loaded critical model Customer on demand","timestamp":"2026-02-13 22:05:08"}
{"level":"info","message":"✅ Loaded critical model CustomerAccount on demand","timestamp":"2026-02-13 22:05:08"}
{"level":"info","message":"✅ Loaded critical model LoanAccount on demand","timestamp":"2026-02-13 22:05:08"}
{"level":"info","message":"✅ Loaded critical model LoanRepayment on demand","timestamp":"2026-02-13 22:05:08"}
{"level":"info","message":"✅ Loaded critical model Deposit on demand","timestamp":"2026-02-13 22:05:08"}
{"level":"info","message":"✅ Loaded critical model Transaction on demand","timestamp":"2026-02-13 22:05:08"}
{"level":"info","message":"✅ Loaded critical model GLAccount on demand","timestamp":"2026-02-13 22:05:08"}
{"level":"info","message":"✅ Loaded critical model AuditTrail on demand","timestamp":"2026-02-13 22:05:08"}
{"level":"info","message":"✅ Model loader initialized successfully","timestamp":"2026-02-13 22:05:08"}
{"level":"info","message":"📊 Loaded models: sequelize, Op, DataTypes, QueryTypes, User, Customer, CustomerAccount, LoanAccount, LoanRepayment, Deposit, Transaction, GLAccount, AuditTrail","timestamp":"2026-02-13 22:05:08"}
{"level":"info","message":"📊 Model Statistics:","timestamp":"2026-02-13 22:05:08"}
{"level":"info","message":"   Total models loaded: 13","timestamp":"2026-02-13 22:05:08"}
{"level":"info","message":"   CUSTOMER: 2 models","timestamp":"2026-02-13 22:05:08"}
{"level":"info","message":"   LOAN: 2 models","timestamp":"2026-02-13 22:05:08"}
{"level":"info","message":"   DEPOSIT: 1 models","timestamp":"2026-02-13 22:05:08"}
{"level":"info","message":"   TRANSACTION: 1 models","timestamp":"2026-02-13 22:05:08"}
{"level":"info","message":"   USER: 1 models","timestamp":"2026-02-13 22:05:08"}
{"level":"info","message":"   ACCOUNTING: 1 models","timestamp":"2026-02-13 22:05:08"}
{"level":"info","message":"   AUDIT: 1 models","timestamp":"2026-02-13 22:05:08"}
{"level":"info","logDir":"logs","message":"🚀 Winston logger initialized","nodeVersion":"v24.13.0","platform":"win32","timestamp":"2026-02-13 22:05:01"}
{"errors":["Role 28: Permission undefined not found in REPORT","Role 28: Permission undefined not found in REPORT","Role 38: Permission undefined not found in VAULT"],"level":"warn","message":"Permission validation errors","timestamp":"2026-02-13 22:05:05"}
{"errors":["Role 28: Permission undefined not found in REPORT","Role 28: Permission undefined not found in REPORT","Role 38: Permission undefined not found in VAULT"],"level":"warn","message":"Permission validation errors","timestamp":"2026-02-13 22:05:06"}
{"level":"info","message":"Server time initialized (WAT): 2026-02-14T07:05:08.358Z","timestamp":"2026-02-13 22:05:08"}
{"error":"auditLogger.info(...).catch is not a function","level":"warn","message":"Could not log startup audit","timestamp":"2026-02-13 22:05:08"}
{"level":"info","message":"🔧 Auto-initializing models in development mode...","timestamp":"2026-02-13 22:05:08"}
{"level":"info","message":"🚀 Initializing model loader...","timestamp":"2026-02-13 22:05:08"}
{"level":"info","message":"✅ Models loaded via index.js","timestamp":"2026-02-13 22:05:08"}
{"level":"info","message":"✅ Loaded critical model User on demand","timestamp":"2026-02-13 22:05:08"}
{"level":"info","message":"✅ Loaded critical model Customer on demand","timestamp":"2026-02-13 22:05:08"}
{"level":"info","message":"✅ Loaded critical model CustomerAccount on demand","timestamp":"2026-02-13 22:05:08"}
{"level":"info","message":"✅ Loaded critical model LoanAccount on demand","timestamp":"2026-02-13 22:05:08"}
{"level":"info","message":"✅ Loaded critical model LoanRepayment on demand","timestamp":"2026-02-13 22:05:08"}
{"level":"info","message":"✅ Loaded critical model Deposit on demand","timestamp":"2026-02-13 22:05:08"}
{"level":"info","message":"✅ Loaded critical model Transaction on demand","timestamp":"2026-02-13 22:05:08"}
{"level":"info","message":"✅ Loaded critical model GLAccount on demand","timestamp":"2026-02-13 22:05:08"}
{"level":"info","message":"✅ Loaded critical model AuditTrail on demand","timestamp":"2026-02-13 22:05:08"}
{"level":"info","message":"✅ Model loader initialized successfully","timestamp":"2026-02-13 22:05:08"}
{"level":"info","message":"📊 Loaded models: sequelize, Op, DataTypes, QueryTypes, User, Customer, CustomerAccount, LoanAccount, LoanRepayment, Deposit, Transaction, GLAccount, AuditTrail","timestamp":"2026-02-13 22:05:08"}
{"level":"info","message":"📊 Model Statistics:","timestamp":"2026-02-13 22:05:08"}
{"level":"info","message":"   Total models loaded: 13","timestamp":"2026-02-13 22:05:08"}
{"level":"info","message":"   CUSTOMER: 2 models","timestamp":"2026-02-13 22:05:08"}
{"level":"info","message":"   LOAN: 2 models","timestamp":"2026-02-13 22:05:08"}
{"level":"info","message":"   DEPOSIT: 1 models","timestamp":"2026-02-13 22:05:08"}
{"level":"info","message":"   TRANSACTION: 1 models","timestamp":"2026-02-13 22:05:08"}
{"level":"info","message":"   USER: 1 models","timestamp":"2026-02-13 22:05:08"}
{"level":"info","message":"   ACCOUNTING: 1 models","timestamp":"2026-02-13 22:05:08"}
{"level":"info","message":"   AUDIT: 1 models","timestamp":"2026-02-13 22:05:08"}
{"level":"info","logDir":"logs","message":"🚀 Winston logger initialized","nodeVersion":"v24.13.0","platform":"win32","timestamp":"2026-02-13 22:05:01"}
{"errors":["Role 28: Permission undefined not found in REPORT","Role 28: Permission undefined not found in REPORT","Role 38: Permission undefined not found in VAULT"],"level":"warn","message":"Permission validation errors","timestamp":"2026-02-13 22:05:05"}
{"errors":["Role 28: Permission undefined not found in REPORT","Role 28: Permission undefined not found in REPORT","Role 38: Permission undefined not found in VAULT"],"level":"warn","message":"Permission validation errors","timestamp":"2026-02-13 22:05:06"}
{"level":"info","message":"Server time initialized (WAT): 2026-02-14T07:05:08.331Z","timestamp":"2026-02-13 22:05:08"}
{"error":"auditLogger.info(...).catch is not a function","level":"warn","message":"Could not log startup audit","timestamp":"2026-02-13 22:05:08"}
{"level":"info","message":"🔧 Auto-initializing models in development mode...","timestamp":"2026-02-13 22:05:08"}
{"level":"info","message":"🚀 Initializing model loader...","timestamp":"2026-02-13 22:05:08"}
{"level":"info","message":"✅ Models loaded via index.js","timestamp":"2026-02-13 22:05:08"}
{"level":"info","message":"✅ Loaded critical model User on demand","timestamp":"2026-02-13 22:05:08"}
{"level":"info","message":"✅ Loaded critical model Customer on demand","timestamp":"2026-02-13 22:05:08"}
{"level":"info","message":"✅ Loaded critical model CustomerAccount on demand","timestamp":"2026-02-13 22:05:08"}
{"level":"info","message":"✅ Loaded critical model LoanAccount on demand","timestamp":"2026-02-13 22:05:08"}
{"level":"info","message":"✅ Loaded critical model LoanRepayment on demand","timestamp":"2026-02-13 22:05:08"}
{"level":"info","message":"✅ Loaded critical model Deposit on demand","timestamp":"2026-02-13 22:05:08"}
{"level":"info","message":"✅ Loaded critical model Transaction on demand","timestamp":"2026-02-13 22:05:08"}
{"level":"info","message":"✅ Loaded critical model GLAccount on demand","timestamp":"2026-02-13 22:05:08"}
{"level":"info","message":"✅ Loaded critical model AuditTrail on demand","timestamp":"2026-02-13 22:05:08"}
{"level":"info","message":"✅ Model loader initialized successfully","timestamp":"2026-02-13 22:05:08"}
{"level":"info","message":"📊 Loaded models: sequelize, Op, DataTypes, QueryTypes, User, Customer, CustomerAccount, LoanAccount, LoanRepayment, Deposit, Transaction, GLAccount, AuditTrail","timestamp":"2026-02-13 22:05:08"}
{"level":"info","message":"📊 Model Statistics:","timestamp":"2026-02-13 22:05:08"}
{"level":"info","message":"   Total models loaded: 13","timestamp":"2026-02-13 22:05:08"}
{"level":"info","message":"   CUSTOMER: 2 models","timestamp":"2026-02-13 22:05:08"}
{"level":"info","message":"   LOAN: 2 models","timestamp":"2026-02-13 22:05:08"}
{"level":"info","message":"   DEPOSIT: 1 models","timestamp":"2026-02-13 22:05:08"}
{"level":"info","message":"   TRANSACTION: 1 models","timestamp":"2026-02-13 22:05:08"}
{"level":"info","message":"   USER: 1 models","timestamp":"2026-02-13 22:05:08"}
{"level":"info","message":"   ACCOUNTING: 1 models","timestamp":"2026-02-13 22:05:08"}
{"level":"info","message":"   AUDIT: 1 models","timestamp":"2026-02-13 22:05:08"}
{"level":"info","logDir":"logs","message":"🚀 Winston logger initialized","nodeVersion":"v24.13.0","platform":"win32","timestamp":"2026-02-13 22:06:34"}
{"errors":["Role 28: Permission undefined not found in REPORT","Role 28: Permission undefined not found in REPORT","Role 38: Permission undefined not found in VAULT"],"level":"warn","message":"Permission validation errors","timestamp":"2026-02-13 22:06:38"}
{"errors":["Role 28: Permission undefined not found in REPORT","Role 28: Permission undefined not found in REPORT","Role 38: Permission undefined not found in VAULT"],"level":"warn","message":"Permission validation errors","timestamp":"2026-02-13 22:06:39"}
{"level":"info","message":"Server time initialized (WAT): 2026-02-14T07:06:41.614Z","timestamp":"2026-02-13 22:06:41"}
{"error":"auditLogger.info(...).catch is not a function","level":"warn","message":"Could not log startup audit","timestamp":"2026-02-13 22:06:41"}
{"level":"info","message":"🔧 Auto-initializing models in development mode...","timestamp":"2026-02-13 22:06:41"}
{"level":"info","message":"🚀 Initializing model loader...","timestamp":"2026-02-13 22:06:41"}
{"level":"info","message":"✅ Models loaded via index.js","timestamp":"2026-02-13 22:06:41"}
{"level":"info","message":"✅ Loaded critical model User on demand","timestamp":"2026-02-13 22:06:41"}
{"level":"info","message":"✅ Loaded critical model Customer on demand","timestamp":"2026-02-13 22:06:41"}
{"level":"info","message":"✅ Loaded critical model CustomerAccount on demand","timestamp":"2026-02-13 22:06:41"}
{"level":"info","message":"✅ Loaded critical model LoanAccount on demand","timestamp":"2026-02-13 22:06:41"}
{"level":"info","message":"✅ Loaded critical model LoanRepayment on demand","timestamp":"2026-02-13 22:06:41"}
{"level":"info","message":"✅ Loaded critical model Deposit on demand","timestamp":"2026-02-13 22:06:41"}
{"level":"info","message":"✅ Loaded critical model Transaction on demand","timestamp":"2026-02-13 22:06:41"}
{"level":"info","message":"✅ Loaded critical model GLAccount on demand","timestamp":"2026-02-13 22:06:42"}
{"level":"info","message":"✅ Loaded critical model AuditTrail on demand","timestamp":"2026-02-13 22:06:42"}
{"level":"info","message":"✅ Model loader initialized successfully","timestamp":"2026-02-13 22:06:42"}
{"level":"info","message":"📊 Loaded models: sequelize, Op, DataTypes, QueryTypes, User, Customer, CustomerAccount, LoanAccount, LoanRepayment, Deposit, Transaction, GLAccount, AuditTrail","timestamp":"2026-02-13 22:06:42"}
{"level":"info","message":"📊 Model Statistics:","timestamp":"2026-02-13 22:06:42"}
{"level":"info","message":"   Total models loaded: 13","timestamp":"2026-02-13 22:06:42"}
{"level":"info","message":"   CUSTOMER: 2 models","timestamp":"2026-02-13 22:06:42"}
{"level":"info","message":"   LOAN: 2 models","timestamp":"2026-02-13 22:06:42"}
{"level":"info","message":"   DEPOSIT: 1 models","timestamp":"2026-02-13 22:06:42"}
{"level":"info","message":"   TRANSACTION: 1 models","timestamp":"2026-02-13 22:06:42"}
{"level":"info","message":"   USER: 1 models","timestamp":"2026-02-13 22:06:42"}
{"level":"info","message":"   ACCOUNTING: 1 models","timestamp":"2026-02-13 22:06:42"}
{"level":"info","message":"   AUDIT: 1 models","timestamp":"2026-02-13 22:06:42"}
{"level":"info","logDir":"logs","message":"🚀 Winston logger initialized","nodeVersion":"v24.13.0","platform":"win32","timestamp":"2026-02-13 22:06:34"}
{"errors":["Role 28: Permission undefined not found in REPORT","Role 28: Permission undefined not found in REPORT","Role 38: Permission undefined not found in VAULT"],"level":"warn","message":"Permission validation errors","timestamp":"2026-02-13 22:06:38"}
{"errors":["Role 28: Permission undefined not found in REPORT","Role 28: Permission undefined not found in REPORT","Role 38: Permission undefined not found in VAULT"],"level":"warn","message":"Permission validation errors","timestamp":"2026-02-13 22:06:39"}
{"level":"info","message":"Server time initialized (WAT): 2026-02-14T07:06:41.604Z","timestamp":"2026-02-13 22:06:41"}
{"error":"auditLogger.info(...).catch is not a function","level":"warn","message":"Could not log startup audit","timestamp":"2026-02-13 22:06:41"}
{"level":"info","message":"🔧 Auto-initializing models in development mode...","timestamp":"2026-02-13 22:06:41"}
{"level":"info","message":"🚀 Initializing model loader...","timestamp":"2026-02-13 22:06:41"}
{"level":"info","message":"✅ Models loaded via index.js","timestamp":"2026-02-13 22:06:41"}
{"level":"info","message":"✅ Loaded critical model User on demand","timestamp":"2026-02-13 22:06:41"}
{"level":"info","message":"✅ Loaded critical model Customer on demand","timestamp":"2026-02-13 22:06:41"}
{"level":"info","message":"✅ Loaded critical model CustomerAccount on demand","timestamp":"2026-02-13 22:06:41"}
{"level":"info","message":"✅ Loaded critical model LoanAccount on demand","timestamp":"2026-02-13 22:06:41"}
{"level":"info","message":"✅ Loaded critical model LoanRepayment on demand","timestamp":"2026-02-13 22:06:41"}
{"level":"info","message":"✅ Loaded critical model Deposit on demand","timestamp":"2026-02-13 22:06:42"}
{"level":"info","message":"✅ Loaded critical model Transaction on demand","timestamp":"2026-02-13 22:06:42"}
{"level":"info","message":"✅ Loaded critical model GLAccount on demand","timestamp":"2026-02-13 22:06:42"}
{"level":"info","message":"✅ Loaded critical model AuditTrail on demand","timestamp":"2026-02-13 22:06:42"}
{"level":"info","message":"✅ Model loader initialized successfully","timestamp":"2026-02-13 22:06:42"}
{"level":"info","message":"📊 Loaded models: sequelize, Op, DataTypes, QueryTypes, User, Customer, CustomerAccount, LoanAccount, LoanRepayment, Deposit, Transaction, GLAccount, AuditTrail","timestamp":"2026-02-13 22:06:42"}
{"level":"info","message":"📊 Model Statistics:","timestamp":"2026-02-13 22:06:42"}
{"level":"info","message":"   Total models loaded: 13","timestamp":"2026-02-13 22:06:42"}
{"level":"info","message":"   CUSTOMER: 2 models","timestamp":"2026-02-13 22:06:42"}
{"level":"info","message":"   LOAN: 2 models","timestamp":"2026-02-13 22:06:42"}
{"level":"info","message":"   DEPOSIT: 1 models","timestamp":"2026-02-13 22:06:42"}
{"level":"info","message":"   TRANSACTION: 1 models","timestamp":"2026-02-13 22:06:42"}
{"level":"info","message":"   USER: 1 models","timestamp":"2026-02-13 22:06:42"}
{"level":"info","message":"   ACCOUNTING: 1 models","timestamp":"2026-02-13 22:06:42"}
{"level":"info","message":"   AUDIT: 1 models","timestamp":"2026-02-13 22:06:42"}
{"level":"info","logDir":"logs","message":"🚀 Winston logger initialized","nodeVersion":"v24.13.0","platform":"win32","timestamp":"2026-02-13 22:06:34"}
{"errors":["Role 28: Permission undefined not found in REPORT","Role 28: Permission undefined not found in REPORT","Role 38: Permission undefined not found in VAULT"],"level":"warn","message":"Permission validation errors","timestamp":"2026-02-13 22:06:38"}
{"errors":["Role 28: Permission undefined not found in REPORT","Role 28: Permission undefined not found in REPORT","Role 38: Permission undefined not found in VAULT"],"level":"warn","message":"Permission validation errors","timestamp":"2026-02-13 22:06:39"}
{"level":"info","message":"Server time initialized (WAT): 2026-02-14T07:06:41.600Z","timestamp":"2026-02-13 22:06:41"}
{"error":"auditLogger.info(...).catch is not a function","level":"warn","message":"Could not log startup audit","timestamp":"2026-02-13 22:06:41"}
{"level":"info","message":"🔧 Auto-initializing models in development mode...","timestamp":"2026-02-13 22:06:41"}
{"level":"info","message":"🚀 Initializing model loader...","timestamp":"2026-02-13 22:06:41"}
{"level":"info","message":"✅ Models loaded via index.js","timestamp":"2026-02-13 22:06:41"}
{"level":"info","message":"✅ Loaded critical model User on demand","timestamp":"2026-02-13 22:06:41"}
{"level":"info","message":"✅ Loaded critical model Customer on demand","timestamp":"2026-02-13 22:06:41"}
{"level":"info","message":"✅ Loaded critical model CustomerAccount on demand","timestamp":"2026-02-13 22:06:41"}
{"level":"info","message":"✅ Loaded critical model LoanAccount on demand","timestamp":"2026-02-13 22:06:41"}
{"level":"info","message":"✅ Loaded critical model LoanRepayment on demand","timestamp":"2026-02-13 22:06:41"}
{"level":"info","message":"✅ Loaded critical model Deposit on demand","timestamp":"2026-02-13 22:06:42"}
{"level":"info","message":"✅ Loaded critical model Transaction on demand","timestamp":"2026-02-13 22:06:42"}
{"level":"info","message":"✅ Loaded critical model GLAccount on demand","timestamp":"2026-02-13 22:06:42"}
{"level":"info","message":"✅ Loaded critical model AuditTrail on demand","timestamp":"2026-02-13 22:06:42"}
{"level":"info","message":"✅ Model loader initialized successfully","timestamp":"2026-02-13 22:06:42"}
{"level":"info","message":"📊 Loaded models: sequelize, Op, DataTypes, QueryTypes, User, Customer, CustomerAccount, LoanAccount, LoanRepayment, Deposit, Transaction, GLAccount, AuditTrail","timestamp":"2026-02-13 22:06:42"}
{"level":"info","message":"📊 Model Statistics:","timestamp":"2026-02-13 22:06:42"}
{"level":"info","message":"   Total models loaded: 13","timestamp":"2026-02-13 22:06:42"}
{"level":"info","message":"   CUSTOMER: 2 models","timestamp":"2026-02-13 22:06:42"}
{"level":"info","message":"   LOAN: 2 models","timestamp":"2026-02-13 22:06:42"}
{"level":"info","message":"   DEPOSIT: 1 models","timestamp":"2026-02-13 22:06:42"}
{"level":"info","message":"   TRANSACTION: 1 models","timestamp":"2026-02-13 22:06:42"}
{"level":"info","message":"   USER: 1 models","timestamp":"2026-02-13 22:06:42"}
{"level":"info","message":"   ACCOUNTING: 1 models","timestamp":"2026-02-13 22:06:42"}
{"level":"info","message":"   AUDIT: 1 models","timestamp":"2026-02-13 22:06:42"}
{"level":"info","logDir":"logs","message":"🚀 Winston logger initialized","nodeVersion":"v24.13.0","platform":"win32","timestamp":"2026-02-13 22:06:34"}
{"errors":["Role 28: Permission undefined not found in REPORT","Role 28: Permission undefined not found in REPORT","Role 38: Permission undefined not found in VAULT"],"level":"warn","message":"Permission validation errors","timestamp":"2026-02-13 22:06:38"}
{"errors":["Role 28: Permission undefined not found in REPORT","Role 28: Permission undefined not found in REPORT","Role 38: Permission undefined not found in VAULT"],"level":"warn","message":"Permission validation errors","timestamp":"2026-02-13 22:06:39"}
{"level":"info","message":"Server time initialized (WAT): 2026-02-14T07:06:41.623Z","timestamp":"2026-02-13 22:06:41"}
{"error":"auditLogger.info(...).catch is not a function","level":"warn","message":"Could not log startup audit","timestamp":"2026-02-13 22:06:41"}
{"level":"info","message":"🔧 Auto-initializing models in development mode...","timestamp":"2026-02-13 22:06:41"}
{"level":"info","message":"🚀 Initializing model loader...","timestamp":"2026-02-13 22:06:41"}
{"level":"info","message":"✅ Models loaded via index.js","timestamp":"2026-02-13 22:06:41"}
{"level":"info","message":"✅ Loaded critical model User on demand","timestamp":"2026-02-13 22:06:41"}
{"level":"info","message":"✅ Loaded critical model Customer on demand","timestamp":"2026-02-13 22:06:41"}
{"level":"info","message":"✅ Loaded critical model CustomerAccount on demand","timestamp":"2026-02-13 22:06:41"}
{"level":"info","message":"✅ Loaded critical model LoanAccount on demand","timestamp":"2026-02-13 22:06:41"}
{"level":"info","message":"✅ Loaded critical model LoanRepayment on demand","timestamp":"2026-02-13 22:06:42"}
{"level":"info","message":"✅ Loaded critical model Deposit on demand","timestamp":"2026-02-13 22:06:42"}
{"level":"info","message":"✅ Loaded critical model Transaction on demand","timestamp":"2026-02-13 22:06:42"}
{"level":"info","message":"✅ Loaded critical model GLAccount on demand","timestamp":"2026-02-13 22:06:42"}
{"level":"info","message":"✅ Loaded critical model AuditTrail on demand","timestamp":"2026-02-13 22:06:42"}
{"level":"info","message":"✅ Model loader initialized successfully","timestamp":"2026-02-13 22:06:42"}
{"level":"info","message":"📊 Loaded models: sequelize, Op, DataTypes, QueryTypes, User, Customer, CustomerAccount, LoanAccount, LoanRepayment, Deposit, Transaction, GLAccount, AuditTrail","timestamp":"2026-02-13 22:06:42"}
{"level":"info","message":"📊 Model Statistics:","timestamp":"2026-02-13 22:06:42"}
{"level":"info","message":"   Total models loaded: 13","timestamp":"2026-02-13 22:06:42"}
{"level":"info","message":"   CUSTOMER: 2 models","timestamp":"2026-02-13 22:06:42"}
{"level":"info","message":"   LOAN: 2 models","timestamp":"2026-02-13 22:06:42"}
{"level":"info","message":"   DEPOSIT: 1 models","timestamp":"2026-02-13 22:06:42"}
{"level":"info","message":"   TRANSACTION: 1 models","timestamp":"2026-02-13 22:06:42"}
{"level":"info","message":"   USER: 1 models","timestamp":"2026-02-13 22:06:42"}
{"level":"info","message":"   ACCOUNTING: 1 models","timestamp":"2026-02-13 22:06:42"}
{"level":"info","message":"   AUDIT: 1 models","timestamp":"2026-02-13 22:06:42"}
{"level":"info","logDir":"logs","message":"🚀 Winston logger initialized","nodeVersion":"v24.13.0","platform":"win32","timestamp":"2026-02-13 22:10:30"}
{"level":"info","logDir":"logs","message":"🚀 Winston logger initialized","nodeVersion":"v24.13.0","platform":"win32","timestamp":"2026-02-13 22:10:30"}
{"level":"info","logDir":"logs","message":"🚀 Winston logger initialized","nodeVersion":"v24.13.0","platform":"win32","timestamp":"2026-02-13 22:10:30"}
{"errors":["Role 28: Permission undefined not found in REPORT","Role 28: Permission undefined not found in REPORT","Role 38: Permission undefined not found in VAULT"],"level":"warn","message":"Permission validation errors","timestamp":"2026-02-13 22:10:51"}
{"level":"info","logDir":"logs","message":"🚀 Winston logger initialized","nodeVersion":"v24.13.0","platform":"win32","timestamp":"2026-02-13 22:10:30"}
{"errors":["Role 28: Permission undefined not found in REPORT","Role 28: Permission undefined not found in REPORT","Role 38: Permission undefined not found in VAULT"],"level":"warn","message":"Permission validation errors","timestamp":"2026-02-13 22:10:51"}
{"errors":["Role 28: Permission undefined not found in REPORT","Role 28: Permission undefined not found in REPORT","Role 38: Permission undefined not found in VAULT"],"level":"warn","message":"Permission validation errors","timestamp":"2026-02-13 22:10:57"}
{"errors":["Role 28: Permission undefined not found in REPORT","Role 28: Permission undefined not found in REPORT","Role 38: Permission undefined not found in VAULT"],"level":"warn","message":"Permission validation errors","timestamp":"2026-02-13 22:10:51"}
{"errors":["Role 28: Permission undefined not found in REPORT","Role 28: Permission undefined not found in REPORT","Role 38: Permission undefined not found in VAULT"],"level":"warn","message":"Permission validation errors","timestamp":"2026-02-13 22:10:57"}
{"level":"info","message":"Server time initialized (WAT): 2026-02-14T07:11:09.706Z","timestamp":"2026-02-13 22:11:09"}
{"errors":["Role 28: Permission undefined not found in REPORT","Role 28: Permission undefined not found in REPORT","Role 38: Permission undefined not found in VAULT"],"level":"warn","message":"Permission validation errors","timestamp":"2026-02-13 22:10:57"}
{"level":"info","message":"Server time initialized (WAT): 2026-02-14T07:11:09.697Z","timestamp":"2026-02-13 22:11:09"}
{"error":"auditLogger.info(...).catch is not a function","level":"warn","message":"Could not log startup audit","timestamp":"2026-02-13 22:11:09"}
{"errors":["Role 28: Permission undefined not found in REPORT","Role 28: Permission undefined not found in REPORT","Role 38: Permission undefined not found in VAULT"],"level":"warn","message":"Permission validation errors","timestamp":"2026-02-13 22:10:51"}
{"error":"auditLogger.info(...).catch is not a function","level":"warn","message":"Could not log startup audit","timestamp":"2026-02-13 22:11:09"}
{"level":"info","message":"Server time initialized (WAT): 2026-02-14T07:11:09.687Z","timestamp":"2026-02-13 22:11:09"}
{"errors":["Role 28: Permission undefined not found in REPORT","Role 28: Permission undefined not found in REPORT","Role 38: Permission undefined not found in VAULT"],"level":"warn","message":"Permission validation errors","timestamp":"2026-02-13 22:10:57"}
{"level":"info","message":"🔧 Auto-initializing models in development mode...","timestamp":"2026-02-13 22:11:10"}
{"error":"auditLogger.info(...).catch is not a function","level":"warn","message":"Could not log startup audit","timestamp":"2026-02-13 22:11:09"}
{"level":"info","message":"Server time initialized (WAT): 2026-02-14T07:11:09.724Z","timestamp":"2026-02-13 22:11:09"}
{"level":"info","message":"🚀 Initializing model loader...","timestamp":"2026-02-13 22:11:10"}
{"level":"info","message":"🔧 Auto-initializing models in development mode...","timestamp":"2026-02-13 22:11:10"}
{"error":"auditLogger.info(...).catch is not a function","level":"warn","message":"Could not log startup audit","timestamp":"2026-02-13 22:11:09"}
{"level":"info","message":"✅ Models loaded via index.js","timestamp":"2026-02-13 22:11:10"}
{"level":"info","message":"🔧 Auto-initializing models in development mode...","timestamp":"2026-02-13 22:11:10"}
{"level":"info","message":"🚀 Initializing model loader...","timestamp":"2026-02-13 22:11:10"}
{"level":"info","message":"🔧 Auto-initializing models in development mode...","timestamp":"2026-02-13 22:11:10"}
{"level":"info","message":"✅ Loaded critical model User on demand","timestamp":"2026-02-13 22:11:10"}
{"level":"info","message":"✅ Models loaded via index.js","timestamp":"2026-02-13 22:11:10"}
{"level":"info","message":"🚀 Initializing model loader...","timestamp":"2026-02-13 22:11:10"}
{"level":"info","message":"🚀 Initializing model loader...","timestamp":"2026-02-13 22:11:10"}
{"level":"info","message":"✅ Loaded critical model Customer on demand","timestamp":"2026-02-13 22:11:10"}
{"level":"info","message":"✅ Models loaded via index.js","timestamp":"2026-02-13 22:11:10"}
{"level":"info","message":"✅ Loaded critical model User on demand","timestamp":"2026-02-13 22:11:10"}
{"level":"info","message":"✅ Models loaded via index.js","timestamp":"2026-02-13 22:11:10"}
{"level":"info","message":"✅ Loaded critical model CustomerAccount on demand","timestamp":"2026-02-13 22:11:10"}
{"level":"info","message":"✅ Loaded critical model Customer on demand","timestamp":"2026-02-13 22:11:10"}
{"level":"info","message":"✅ Loaded critical model User on demand","timestamp":"2026-02-13 22:11:10"}
{"level":"info","message":"✅ Loaded critical model LoanAccount on demand","timestamp":"2026-02-13 22:11:10"}
{"level":"info","message":"✅ Loaded critical model CustomerAccount on demand","timestamp":"2026-02-13 22:11:10"}
{"level":"info","message":"✅ Loaded critical model Customer on demand","timestamp":"2026-02-13 22:11:10"}
{"level":"info","message":"✅ Loaded critical model LoanRepayment on demand","timestamp":"2026-02-13 22:11:10"}
{"level":"info","message":"✅ Loaded critical model LoanAccount on demand","timestamp":"2026-02-13 22:11:10"}
{"level":"info","message":"✅ Loaded critical model CustomerAccount on demand","timestamp":"2026-02-13 22:11:10"}
{"level":"info","message":"✅ Loaded critical model Deposit on demand","timestamp":"2026-02-13 22:11:10"}
{"level":"info","message":"✅ Loaded critical model LoanRepayment on demand","timestamp":"2026-02-13 22:11:10"}
{"level":"info","message":"✅ Loaded critical model LoanAccount on demand","timestamp":"2026-02-13 22:11:10"}
{"level":"info","message":"✅ Loaded critical model User on demand","timestamp":"2026-02-13 22:11:10"}
{"level":"info","message":"✅ Loaded critical model Deposit on demand","timestamp":"2026-02-13 22:11:10"}
{"level":"info","message":"✅ Loaded critical model LoanRepayment on demand","timestamp":"2026-02-13 22:11:10"}
{"level":"info","message":"✅ Loaded critical model Transaction on demand","timestamp":"2026-02-13 22:11:10"}
{"level":"info","message":"✅ Loaded critical model Customer on demand","timestamp":"2026-02-13 22:11:10"}
{"level":"info","message":"✅ Loaded critical model Deposit on demand","timestamp":"2026-02-13 22:11:10"}
{"level":"info","message":"✅ Loaded critical model GLAccount on demand","timestamp":"2026-02-13 22:11:10"}
{"level":"info","message":"✅ Loaded critical model CustomerAccount on demand","timestamp":"2026-02-13 22:11:10"}
{"level":"info","message":"✅ Loaded critical model Transaction on demand","timestamp":"2026-02-13 22:11:10"}
{"level":"info","message":"✅ Loaded critical model AuditTrail on demand","timestamp":"2026-02-13 22:11:10"}
{"level":"info","message":"✅ Loaded critical model LoanAccount on demand","timestamp":"2026-02-13 22:11:10"}
{"level":"info","message":"✅ Loaded critical model Transaction on demand","timestamp":"2026-02-13 22:11:10"}
{"level":"info","message":"✅ Model loader initialized successfully","timestamp":"2026-02-13 22:11:10"}
{"level":"info","message":"✅ Loaded critical model LoanRepayment on demand","timestamp":"2026-02-13 22:11:10"}
{"level":"info","message":"📊 Loaded models: sequelize, Op, DataTypes, QueryTypes, User, Customer, CustomerAccount, LoanAccount, LoanRepayment, Deposit, Transaction, GLAccount, AuditTrail","timestamp":"2026-02-13 22:11:10"}
{"level":"info","message":"✅ Loaded critical model GLAccount on demand","timestamp":"2026-02-13 22:11:10"}
{"level":"info","message":"✅ Loaded critical model Deposit on demand","timestamp":"2026-02-13 22:11:10"}
{"level":"info","message":"📊 Model Statistics:","timestamp":"2026-02-13 22:11:10"}
{"level":"info","message":"✅ Loaded critical model GLAccount on demand","timestamp":"2026-02-13 22:11:10"}
{"level":"info","message":"✅ Loaded critical model AuditTrail on demand","timestamp":"2026-02-13 22:11:10"}
{"level":"info","message":"✅ Loaded critical model Transaction on demand","timestamp":"2026-02-13 22:11:10"}
{"level":"info","message":"✅ Loaded critical model AuditTrail on demand","timestamp":"2026-02-13 22:11:10"}
{"level":"info","message":"✅ Model loader initialized successfully","timestamp":"2026-02-13 22:11:10"}
{"level":"info","message":"✅ Loaded critical model GLAccount on demand","timestamp":"2026-02-13 22:11:10"}
{"level":"info","message":"   Total models loaded: 13","timestamp":"2026-02-13 22:11:10"}
{"level":"info","message":"✅ Model loader initialized successfully","timestamp":"2026-02-13 22:11:10"}
{"level":"info","message":"📊 Loaded models: sequelize, Op, DataTypes, QueryTypes, User, Customer, CustomerAccount, LoanAccount, LoanRepayment, Deposit, Transaction, GLAccount, AuditTrail","timestamp":"2026-02-13 22:11:10"}
{"level":"info","message":"✅ Loaded critical model AuditTrail on demand","timestamp":"2026-02-13 22:11:10"}
{"level":"info","message":"📊 Loaded models: sequelize, Op, DataTypes, QueryTypes, User, Customer, CustomerAccount, LoanAccount, LoanRepayment, Deposit, Transaction, GLAccount, AuditTrail","timestamp":"2026-02-13 22:11:10"}
{"level":"info","message":"✅ Model loader initialized successfully","timestamp":"2026-02-13 22:11:10"}
{"level":"info","message":"📊 Model Statistics:","timestamp":"2026-02-13 22:11:10"}
{"level":"info","message":"📊 Loaded models: sequelize, Op, DataTypes, QueryTypes, User, Customer, CustomerAccount, LoanAccount, LoanRepayment, Deposit, Transaction, GLAccount, AuditTrail","timestamp":"2026-02-13 22:11:10"}
{"level":"info","message":"   Total models loaded: 13","timestamp":"2026-02-13 22:11:10"}
{"level":"info","message":"📊 Model Statistics:","timestamp":"2026-02-13 22:11:10"}
{"level":"info","message":"   CUSTOMER: 2 models","timestamp":"2026-02-13 22:11:10"}
{"level":"info","message":"   Total models loaded: 13","timestamp":"2026-02-13 22:11:10"}
{"level":"info","message":"   LOAN: 2 models","timestamp":"2026-02-13 22:11:10"}
{"level":"info","message":"📊 Model Statistics:","timestamp":"2026-02-13 22:11:10"}
{"level":"info","message":"   CUSTOMER: 2 models","timestamp":"2026-02-13 22:11:10"}
{"level":"info","message":"   Total models loaded: 13","timestamp":"2026-02-13 22:11:10"}
{"level":"info","message":"   LOAN: 2 models","timestamp":"2026-02-13 22:11:10"}
{"level":"info","message":"   CUSTOMER: 2 models","timestamp":"2026-02-13 22:11:10"}
{"level":"info","message":"   CUSTOMER: 2 models","timestamp":"2026-02-13 22:11:10"}
{"level":"info","message":"   DEPOSIT: 1 models","timestamp":"2026-02-13 22:11:10"}
{"level":"info","message":"   LOAN: 2 models","timestamp":"2026-02-13 22:11:10"}
{"level":"info","message":"   DEPOSIT: 1 models","timestamp":"2026-02-13 22:11:10"}
{"level":"info","message":"   TRANSACTION: 1 models","timestamp":"2026-02-13 22:11:10"}
{"level":"info","message":"   DEPOSIT: 1 models","timestamp":"2026-02-13 22:11:10"}
{"level":"info","message":"   TRANSACTION: 1 models","timestamp":"2026-02-13 22:11:10"}
{"level":"info","message":"   LOAN: 2 models","timestamp":"2026-02-13 22:11:10"}
{"level":"info","message":"   TRANSACTION: 1 models","timestamp":"2026-02-13 22:11:10"}
{"level":"info","message":"   USER: 1 models","timestamp":"2026-02-13 22:11:10"}
{"level":"info","message":"   DEPOSIT: 1 models","timestamp":"2026-02-13 22:11:10"}
{"level":"info","message":"   USER: 1 models","timestamp":"2026-02-13 22:11:10"}
{"level":"info","message":"   ACCOUNTING: 1 models","timestamp":"2026-02-13 22:11:10"}
{"level":"info","message":"   TRANSACTION: 1 models","timestamp":"2026-02-13 22:11:10"}
{"level":"info","message":"   ACCOUNTING: 1 models","timestamp":"2026-02-13 22:11:10"}
{"level":"info","message":"   AUDIT: 1 models","timestamp":"2026-02-13 22:11:10"}
{"level":"info","message":"   USER: 1 models","timestamp":"2026-02-13 22:11:10"}
{"level":"info","message":"   AUDIT: 1 models","timestamp":"2026-02-13 22:11:10"}
{"level":"info","message":"   USER: 1 models","timestamp":"2026-02-13 22:11:10"}
{"level":"info","message":"   ACCOUNTING: 1 models","timestamp":"2026-02-13 22:11:10"}
{"level":"info","message":"   ACCOUNTING: 1 models","timestamp":"2026-02-13 22:11:10"}
{"level":"info","message":"   AUDIT: 1 models","timestamp":"2026-02-13 22:11:10"}
{"level":"info","message":"   AUDIT: 1 models","timestamp":"2026-02-13 22:11:10"}
{"level":"info","logDir":"logs","message":"🚀 Winston logger initialized","nodeVersion":"v24.13.0","platform":"win32","timestamp":"2026-02-13 22:12:54"}
{"errors":["Role 28: Permission undefined not found in REPORT","Role 28: Permission undefined not found in REPORT","Role 38: Permission undefined not found in VAULT"],"level":"warn","message":"Permission validation errors","timestamp":"2026-02-13 22:12:59"}
{"errors":["Role 28: Permission undefined not found in REPORT","Role 28: Permission undefined not found in REPORT","Role 38: Permission undefined not found in VAULT"],"level":"warn","message":"Permission validation errors","timestamp":"2026-02-13 22:13:02"}
{"level":"info","message":"Server time initialized (WAT): 2026-02-14T07:13:07.307Z","timestamp":"2026-02-13 22:13:07"}
{"error":"auditLogger.info(...).catch is not a function","level":"warn","message":"Could not log startup audit","timestamp":"2026-02-13 22:13:07"}
{"level":"info","message":"🔧 Auto-initializing models in development mode...","timestamp":"2026-02-13 22:13:07"}
{"level":"info","message":"🚀 Initializing model loader...","timestamp":"2026-02-13 22:13:07"}
{"level":"info","message":"✅ Models loaded via index.js","timestamp":"2026-02-13 22:13:07"}
{"level":"info","message":"✅ Loaded critical model User on demand","timestamp":"2026-02-13 22:13:07"}
{"level":"info","message":"✅ Loaded critical model Customer on demand","timestamp":"2026-02-13 22:13:07"}
{"level":"info","message":"✅ Loaded critical model CustomerAccount on demand","timestamp":"2026-02-13 22:13:07"}
{"level":"info","message":"✅ Loaded critical model LoanAccount on demand","timestamp":"2026-02-13 22:13:07"}
{"level":"info","message":"✅ Loaded critical model LoanRepayment on demand","timestamp":"2026-02-13 22:13:07"}
{"level":"info","message":"✅ Loaded critical model Deposit on demand","timestamp":"2026-02-13 22:13:07"}
{"level":"info","message":"✅ Loaded critical model Transaction on demand","timestamp":"2026-02-13 22:13:07"}
{"level":"info","message":"✅ Loaded critical model GLAccount on demand","timestamp":"2026-02-13 22:13:07"}
{"level":"info","message":"✅ Loaded critical model AuditTrail on demand","timestamp":"2026-02-13 22:13:07"}
{"level":"info","message":"✅ Model loader initialized successfully","timestamp":"2026-02-13 22:13:07"}
{"level":"info","message":"📊 Loaded models: sequelize, Op, DataTypes, QueryTypes, User, Customer, CustomerAccount, LoanAccount, LoanRepayment, Deposit, Transaction, GLAccount, AuditTrail","timestamp":"2026-02-13 22:13:07"}
{"level":"info","message":"📊 Model Statistics:","timestamp":"2026-02-13 22:13:07"}
{"level":"info","message":"   Total models loaded: 13","timestamp":"2026-02-13 22:13:07"}
{"level":"info","message":"   CUSTOMER: 2 models","timestamp":"2026-02-13 22:13:07"}
{"level":"info","message":"   LOAN: 2 models","timestamp":"2026-02-13 22:13:07"}
{"level":"info","message":"   DEPOSIT: 1 models","timestamp":"2026-02-13 22:13:07"}
{"level":"info","message":"   TRANSACTION: 1 models","timestamp":"2026-02-13 22:13:07"}
{"level":"info","message":"   USER: 1 models","timestamp":"2026-02-13 22:13:07"}
{"level":"info","message":"   ACCOUNTING: 1 models","timestamp":"2026-02-13 22:13:07"}
{"level":"info","message":"   AUDIT: 1 models","timestamp":"2026-02-13 22:13:07"}
{"level":"info","logDir":"logs","message":"🚀 Winston logger initialized","nodeVersion":"v24.13.0","platform":"win32","timestamp":"2026-02-13 22:12:54"}
{"errors":["Role 28: Permission undefined not found in REPORT","Role 28: Permission undefined not found in REPORT","Role 38: Permission undefined not found in VAULT"],"level":"warn","message":"Permission validation errors","timestamp":"2026-02-13 22:12:59"}
{"errors":["Role 28: Permission undefined not found in REPORT","Role 28: Permission undefined not found in REPORT","Role 38: Permission undefined not found in VAULT"],"level":"warn","message":"Permission validation errors","timestamp":"2026-02-13 22:13:02"}
{"level":"info","message":"Server time initialized (WAT): 2026-02-14T07:13:07.333Z","timestamp":"2026-02-13 22:13:07"}
{"error":"auditLogger.info(...).catch is not a function","level":"warn","message":"Could not log startup audit","timestamp":"2026-02-13 22:13:07"}
{"level":"info","message":"🔧 Auto-initializing models in development mode...","timestamp":"2026-02-13 22:13:07"}
{"level":"info","message":"🚀 Initializing model loader...","timestamp":"2026-02-13 22:13:07"}
{"level":"info","message":"✅ Models loaded via index.js","timestamp":"2026-02-13 22:13:07"}
{"level":"info","message":"✅ Loaded critical model User on demand","timestamp":"2026-02-13 22:13:07"}
{"level":"info","message":"✅ Loaded critical model Customer on demand","timestamp":"2026-02-13 22:13:07"}
{"level":"info","message":"✅ Loaded critical model CustomerAccount on demand","timestamp":"2026-02-13 22:13:07"}
{"level":"info","message":"✅ Loaded critical model LoanAccount on demand","timestamp":"2026-02-13 22:13:07"}
{"level":"info","message":"✅ Loaded critical model LoanRepayment on demand","timestamp":"2026-02-13 22:13:07"}
{"level":"info","message":"✅ Loaded critical model Deposit on demand","timestamp":"2026-02-13 22:13:07"}
{"level":"info","message":"✅ Loaded critical model Transaction on demand","timestamp":"2026-02-13 22:13:07"}
{"level":"info","message":"✅ Loaded critical model GLAccount on demand","timestamp":"2026-02-13 22:13:07"}
{"level":"info","message":"✅ Loaded critical model AuditTrail on demand","timestamp":"2026-02-13 22:13:07"}
{"level":"info","message":"✅ Model loader initialized successfully","timestamp":"2026-02-13 22:13:07"}
{"level":"info","message":"📊 Loaded models: sequelize, Op, DataTypes, QueryTypes, User, Customer, CustomerAccount, LoanAccount, LoanRepayment, Deposit, Transaction, GLAccount, AuditTrail","timestamp":"2026-02-13 22:13:07"}
{"level":"info","message":"📊 Model Statistics:","timestamp":"2026-02-13 22:13:07"}
{"level":"info","message":"   Total models loaded: 13","timestamp":"2026-02-13 22:13:07"}
{"level":"info","message":"   CUSTOMER: 2 models","timestamp":"2026-02-13 22:13:07"}
{"level":"info","message":"   LOAN: 2 models","timestamp":"2026-02-13 22:13:07"}
{"level":"info","message":"   DEPOSIT: 1 models","timestamp":"2026-02-13 22:13:07"}
{"level":"info","message":"   TRANSACTION: 1 models","timestamp":"2026-02-13 22:13:07"}
{"level":"info","message":"   USER: 1 models","timestamp":"2026-02-13 22:13:07"}
{"level":"info","message":"   ACCOUNTING: 1 models","timestamp":"2026-02-13 22:13:07"}
{"level":"info","message":"   AUDIT: 1 models","timestamp":"2026-02-13 22:13:07"}
{"level":"info","logDir":"logs","message":"🚀 Winston logger initialized","nodeVersion":"v24.13.0","platform":"win32","timestamp":"2026-02-13 22:12:54"}
{"errors":["Role 28: Permission undefined not found in REPORT","Role 28: Permission undefined not found in REPORT","Role 38: Permission undefined not found in VAULT"],"level":"warn","message":"Permission validation errors","timestamp":"2026-02-13 22:12:59"}
{"errors":["Role 28: Permission undefined not found in REPORT","Role 28: Permission undefined not found in REPORT","Role 38: Permission undefined not found in VAULT"],"level":"warn","message":"Permission validation errors","timestamp":"2026-02-13 22:13:02"}
{"level":"info","message":"Server time initialized (WAT): 2026-02-14T07:13:07.307Z","timestamp":"2026-02-13 22:13:07"}
{"error":"auditLogger.info(...).catch is not a function","level":"warn","message":"Could not log startup audit","timestamp":"2026-02-13 22:13:07"}
{"level":"info","message":"🔧 Auto-initializing models in development mode...","timestamp":"2026-02-13 22:13:07"}
{"level":"info","message":"🚀 Initializing model loader...","timestamp":"2026-02-13 22:13:07"}
{"level":"info","message":"✅ Models loaded via index.js","timestamp":"2026-02-13 22:13:07"}
{"level":"info","message":"✅ Loaded critical model User on demand","timestamp":"2026-02-13 22:13:07"}
{"level":"info","message":"✅ Loaded critical model Customer on demand","timestamp":"2026-02-13 22:13:07"}
{"level":"info","message":"✅ Loaded critical model CustomerAccount on demand","timestamp":"2026-02-13 22:13:07"}
{"level":"info","message":"✅ Loaded critical model LoanAccount on demand","timestamp":"2026-02-13 22:13:07"}
{"level":"info","message":"✅ Loaded critical model LoanRepayment on demand","timestamp":"2026-02-13 22:13:07"}
{"level":"info","message":"✅ Loaded critical model Deposit on demand","timestamp":"2026-02-13 22:13:07"}
{"level":"info","message":"✅ Loaded critical model Transaction on demand","timestamp":"2026-02-13 22:13:07"}
{"level":"info","message":"✅ Loaded critical model GLAccount on demand","timestamp":"2026-02-13 22:13:07"}
{"level":"info","message":"✅ Loaded critical model AuditTrail on demand","timestamp":"2026-02-13 22:13:07"}
{"level":"info","message":"✅ Model loader initialized successfully","timestamp":"2026-02-13 22:13:07"}
{"level":"info","message":"📊 Loaded models: sequelize, Op, DataTypes, QueryTypes, User, Customer, CustomerAccount, LoanAccount, LoanRepayment, Deposit, Transaction, GLAccount, AuditTrail","timestamp":"2026-02-13 22:13:07"}
{"level":"info","message":"📊 Model Statistics:","timestamp":"2026-02-13 22:13:07"}
{"level":"info","message":"   Total models loaded: 13","timestamp":"2026-02-13 22:13:07"}
{"level":"info","message":"   CUSTOMER: 2 models","timestamp":"2026-02-13 22:13:07"}
{"level":"info","message":"   LOAN: 2 models","timestamp":"2026-02-13 22:13:07"}
{"level":"info","message":"   DEPOSIT: 1 models","timestamp":"2026-02-13 22:13:07"}
{"level":"info","message":"   TRANSACTION: 1 models","timestamp":"2026-02-13 22:13:07"}
{"level":"info","message":"   USER: 1 models","timestamp":"2026-02-13 22:13:07"}
{"level":"info","message":"   ACCOUNTING: 1 models","timestamp":"2026-02-13 22:13:07"}
{"level":"info","message":"   AUDIT: 1 models","timestamp":"2026-02-13 22:13:07"}
{"level":"info","logDir":"logs","message":"🚀 Winston logger initialized","nodeVersion":"v24.13.0","platform":"win32","timestamp":"2026-02-13 22:12:54"}
{"errors":["Role 28: Permission undefined not found in REPORT","Role 28: Permission undefined not found in REPORT","Role 38: Permission undefined not found in VAULT"],"level":"warn","message":"Permission validation errors","timestamp":"2026-02-13 22:12:59"}
{"errors":["Role 28: Permission undefined not found in REPORT","Role 28: Permission undefined not found in REPORT","Role 38: Permission undefined not found in VAULT"],"level":"warn","message":"Permission validation errors","timestamp":"2026-02-13 22:13:02"}
{"level":"info","message":"Server time initialized (WAT): 2026-02-14T07:13:07.316Z","timestamp":"2026-02-13 22:13:07"}
{"error":"auditLogger.info(...).catch is not a function","level":"warn","message":"Could not log startup audit","timestamp":"2026-02-13 22:13:07"}
{"level":"info","message":"🔧 Auto-initializing models in development mode...","timestamp":"2026-02-13 22:13:07"}
{"level":"info","message":"🚀 Initializing model loader...","timestamp":"2026-02-13 22:13:07"}
{"level":"info","message":"✅ Models loaded via index.js","timestamp":"2026-02-13 22:13:07"}
{"level":"info","message":"✅ Loaded critical model User on demand","timestamp":"2026-02-13 22:13:07"}
{"level":"info","message":"✅ Loaded critical model Customer on demand","timestamp":"2026-02-13 22:13:07"}
{"level":"info","message":"✅ Loaded critical model CustomerAccount on demand","timestamp":"2026-02-13 22:13:07"}
{"level":"info","message":"✅ Loaded critical model LoanAccount on demand","timestamp":"2026-02-13 22:13:07"}
{"level":"info","message":"✅ Loaded critical model LoanRepayment on demand","timestamp":"2026-02-13 22:13:07"}
{"level":"info","message":"✅ Loaded critical model Deposit on demand","timestamp":"2026-02-13 22:13:07"}
{"level":"info","message":"✅ Loaded critical model Transaction on demand","timestamp":"2026-02-13 22:13:07"}
{"level":"info","message":"✅ Loaded critical model GLAccount on demand","timestamp":"2026-02-13 22:13:07"}
{"level":"info","message":"✅ Loaded critical model AuditTrail on demand","timestamp":"2026-02-13 22:13:07"}
{"level":"info","message":"✅ Model loader initialized successfully","timestamp":"2026-02-13 22:13:07"}
{"level":"info","message":"📊 Loaded models: sequelize, Op, DataTypes, QueryTypes, User, Customer, CustomerAccount, LoanAccount, LoanRepayment, Deposit, Transaction, GLAccount, AuditTrail","timestamp":"2026-02-13 22:13:07"}
{"level":"info","message":"📊 Model Statistics:","timestamp":"2026-02-13 22:13:07"}
{"level":"info","message":"   Total models loaded: 13","timestamp":"2026-02-13 22:13:07"}
{"level":"info","message":"   CUSTOMER: 2 models","timestamp":"2026-02-13 22:13:07"}
{"level":"info","message":"   LOAN: 2 models","timestamp":"2026-02-13 22:13:07"}
{"level":"info","message":"   DEPOSIT: 1 models","timestamp":"2026-02-13 22:13:07"}
{"level":"info","message":"   TRANSACTION: 1 models","timestamp":"2026-02-13 22:13:07"}
{"level":"info","message":"   USER: 1 models","timestamp":"2026-02-13 22:13:07"}
{"level":"info","message":"   ACCOUNTING: 1 models","timestamp":"2026-02-13 22:13:07"}
{"level":"info","message":"   AUDIT: 1 models","timestamp":"2026-02-13 22:13:07"}
{"level":"info","logDir":"logs","message":"🚀 Winston logger initialized","nodeVersion":"v24.13.0","platform":"win32","timestamp":"2026-02-13 22:15:36"}
{"errors":["Role 28: Permission undefined not found in REPORT","Role 28: Permission undefined not found in REPORT","Role 38: Permission undefined not found in VAULT"],"level":"warn","message":"Permission validation errors","timestamp":"2026-02-13 22:15:53"}
{"errors":["Role 28: Permission undefined not found in REPORT","Role 28: Permission undefined not found in REPORT","Role 38: Permission undefined not found in VAULT"],"level":"warn","message":"Permission validation errors","timestamp":"2026-02-13 22:15:56"}
{"level":"info","message":"Server time initialized (WAT): 2026-02-14T07:16:06.029Z","timestamp":"2026-02-13 22:16:06"}
{"error":"auditLogger.info(...).catch is not a function","level":"warn","message":"Could not log startup audit","timestamp":"2026-02-13 22:16:06"}
{"level":"info","message":"🔧 Auto-initializing models in development mode...","timestamp":"2026-02-13 22:16:06"}
{"level":"info","message":"🚀 Initializing model loader...","timestamp":"2026-02-13 22:16:06"}
{"level":"info","message":"✅ Models loaded via index.js","timestamp":"2026-02-13 22:16:07"}
{"level":"info","message":"✅ Loaded critical model User on demand","timestamp":"2026-02-13 22:16:07"}
{"level":"info","message":"✅ Loaded critical model Customer on demand","timestamp":"2026-02-13 22:16:07"}
{"level":"info","message":"✅ Loaded critical model CustomerAccount on demand","timestamp":"2026-02-13 22:16:07"}
{"level":"info","message":"✅ Loaded critical model LoanAccount on demand","timestamp":"2026-02-13 22:16:07"}
{"level":"info","message":"✅ Loaded critical model LoanRepayment on demand","timestamp":"2026-02-13 22:16:07"}
{"level":"info","message":"✅ Loaded critical model Deposit on demand","timestamp":"2026-02-13 22:16:07"}
{"level":"info","message":"✅ Loaded critical model Transaction on demand","timestamp":"2026-02-13 22:16:07"}
{"level":"info","message":"✅ Loaded critical model GLAccount on demand","timestamp":"2026-02-13 22:16:07"}
{"level":"info","message":"✅ Loaded critical model AuditTrail on demand","timestamp":"2026-02-13 22:16:07"}
{"level":"info","message":"✅ Model loader initialized successfully","timestamp":"2026-02-13 22:16:07"}
{"level":"info","message":"📊 Loaded models: sequelize, Op, DataTypes, QueryTypes, User, Customer, CustomerAccount, LoanAccount, LoanRepayment, Deposit, Transaction, GLAccount, AuditTrail","timestamp":"2026-02-13 22:16:07"}
{"level":"info","message":"📊 Model Statistics:","timestamp":"2026-02-13 22:16:07"}
{"level":"info","message":"   Total models loaded: 13","timestamp":"2026-02-13 22:16:07"}
{"level":"info","message":"   CUSTOMER: 2 models","timestamp":"2026-02-13 22:16:07"}
{"level":"info","message":"   LOAN: 2 models","timestamp":"2026-02-13 22:16:07"}
{"level":"info","message":"   DEPOSIT: 1 models","timestamp":"2026-02-13 22:16:07"}
{"level":"info","message":"   TRANSACTION: 1 models","timestamp":"2026-02-13 22:16:07"}
{"level":"info","message":"   USER: 1 models","timestamp":"2026-02-13 22:16:07"}
{"level":"info","message":"   ACCOUNTING: 1 models","timestamp":"2026-02-13 22:16:07"}
{"level":"info","message":"   AUDIT: 1 models","timestamp":"2026-02-13 22:16:07"}
{"level":"info","logDir":"logs","message":"🚀 Winston logger initialized","nodeVersion":"v24.13.0","platform":"win32","timestamp":"2026-02-13 22:15:36"}
{"errors":["Role 28: Permission undefined not found in REPORT","Role 28: Permission undefined not found in REPORT","Role 38: Permission undefined not found in VAULT"],"level":"warn","message":"Permission validation errors","timestamp":"2026-02-13 22:15:52"}
{"errors":["Role 28: Permission undefined not found in REPORT","Role 28: Permission undefined not found in REPORT","Role 38: Permission undefined not found in VAULT"],"level":"warn","message":"Permission validation errors","timestamp":"2026-02-13 22:15:56"}
{"level":"info","message":"Server time initialized (WAT): 2026-02-14T07:16:06.113Z","timestamp":"2026-02-13 22:16:06"}
{"error":"auditLogger.info(...).catch is not a function","level":"warn","message":"Could not log startup audit","timestamp":"2026-02-13 22:16:06"}
{"level":"info","message":"🔧 Auto-initializing models in development mode...","timestamp":"2026-02-13 22:16:07"}
{"level":"info","message":"🚀 Initializing model loader...","timestamp":"2026-02-13 22:16:07"}
{"level":"info","message":"✅ Models loaded via index.js","timestamp":"2026-02-13 22:16:07"}
{"level":"info","message":"✅ Loaded critical model User on demand","timestamp":"2026-02-13 22:16:07"}
{"level":"info","message":"✅ Loaded critical model Customer on demand","timestamp":"2026-02-13 22:16:07"}
{"level":"info","message":"✅ Loaded critical model CustomerAccount on demand","timestamp":"2026-02-13 22:16:07"}
{"level":"info","message":"✅ Loaded critical model LoanAccount on demand","timestamp":"2026-02-13 22:16:07"}
{"level":"info","message":"✅ Loaded critical model LoanRepayment on demand","timestamp":"2026-02-13 22:16:07"}
{"level":"info","message":"✅ Loaded critical model Deposit on demand","timestamp":"2026-02-13 22:16:07"}
{"level":"info","message":"✅ Loaded critical model Transaction on demand","timestamp":"2026-02-13 22:16:07"}
{"level":"info","message":"✅ Loaded critical model GLAccount on demand","timestamp":"2026-02-13 22:16:07"}
{"level":"info","message":"✅ Loaded critical model AuditTrail on demand","timestamp":"2026-02-13 22:16:07"}
{"level":"info","message":"✅ Model loader initialized successfully","timestamp":"2026-02-13 22:16:07"}
{"level":"info","message":"📊 Loaded models: sequelize, Op, DataTypes, QueryTypes, User, Customer, CustomerAccount, LoanAccount, LoanRepayment, Deposit, Transaction, GLAccount, AuditTrail","timestamp":"2026-02-13 22:16:07"}
{"level":"info","message":"📊 Model Statistics:","timestamp":"2026-02-13 22:16:07"}
{"level":"info","message":"   Total models loaded: 13","timestamp":"2026-02-13 22:16:07"}
{"level":"info","message":"   CUSTOMER: 2 models","timestamp":"2026-02-13 22:16:07"}
{"level":"info","message":"   LOAN: 2 models","timestamp":"2026-02-13 22:16:07"}
{"level":"info","message":"   DEPOSIT: 1 models","timestamp":"2026-02-13 22:16:07"}
{"level":"info","message":"   TRANSACTION: 1 models","timestamp":"2026-02-13 22:16:07"}
{"level":"info","message":"   USER: 1 models","timestamp":"2026-02-13 22:16:07"}
{"level":"info","message":"   ACCOUNTING: 1 models","timestamp":"2026-02-13 22:16:07"}
{"level":"info","message":"   AUDIT: 1 models","timestamp":"2026-02-13 22:16:07"}
{"level":"info","logDir":"logs","message":"🚀 Winston logger initialized","nodeVersion":"v24.13.0","platform":"win32","timestamp":"2026-02-13 22:15:36"}
{"errors":["Role 28: Permission undefined not found in REPORT","Role 28: Permission undefined not found in REPORT","Role 38: Permission undefined not found in VAULT"],"level":"warn","message":"Permission validation errors","timestamp":"2026-02-13 22:15:52"}
{"errors":["Role 28: Permission undefined not found in REPORT","Role 28: Permission undefined not found in REPORT","Role 38: Permission undefined not found in VAULT"],"level":"warn","message":"Permission validation errors","timestamp":"2026-02-13 22:15:56"}
{"level":"info","message":"Server time initialized (WAT): 2026-02-14T07:16:06.147Z","timestamp":"2026-02-13 22:16:06"}
{"error":"auditLogger.info(...).catch is not a function","level":"warn","message":"Could not log startup audit","timestamp":"2026-02-13 22:16:06"}
{"level":"info","message":"🔧 Auto-initializing models in development mode...","timestamp":"2026-02-13 22:16:07"}
{"level":"info","message":"🚀 Initializing model loader...","timestamp":"2026-02-13 22:16:07"}
{"level":"info","message":"✅ Models loaded via index.js","timestamp":"2026-02-13 22:16:07"}
{"level":"info","message":"✅ Loaded critical model User on demand","timestamp":"2026-02-13 22:16:07"}
{"level":"info","message":"✅ Loaded critical model Customer on demand","timestamp":"2026-02-13 22:16:07"}
{"level":"info","message":"✅ Loaded critical model CustomerAccount on demand","timestamp":"2026-02-13 22:16:07"}
{"level":"info","message":"✅ Loaded critical model LoanAccount on demand","timestamp":"2026-02-13 22:16:07"}
{"level":"info","message":"✅ Loaded critical model LoanRepayment on demand","timestamp":"2026-02-13 22:16:07"}
{"level":"info","message":"✅ Loaded critical model Deposit on demand","timestamp":"2026-02-13 22:16:07"}
{"level":"info","message":"✅ Loaded critical model Transaction on demand","timestamp":"2026-02-13 22:16:07"}
{"level":"info","message":"✅ Loaded critical model GLAccount on demand","timestamp":"2026-02-13 22:16:07"}
{"level":"info","message":"✅ Loaded critical model AuditTrail on demand","timestamp":"2026-02-13 22:16:07"}
{"level":"info","message":"✅ Model loader initialized successfully","timestamp":"2026-02-13 22:16:07"}
{"level":"info","message":"📊 Loaded models: sequelize, Op, DataTypes, QueryTypes, User, Customer, CustomerAccount, LoanAccount, LoanRepayment, Deposit, Transaction, GLAccount, AuditTrail","timestamp":"2026-02-13 22:16:07"}
{"level":"info","message":"📊 Model Statistics:","timestamp":"2026-02-13 22:16:07"}
{"level":"info","message":"   Total models loaded: 13","timestamp":"2026-02-13 22:16:07"}
{"level":"info","message":"   CUSTOMER: 2 models","timestamp":"2026-02-13 22:16:07"}
{"level":"info","message":"   LOAN: 2 models","timestamp":"2026-02-13 22:16:07"}
{"level":"info","message":"   DEPOSIT: 1 models","timestamp":"2026-02-13 22:16:07"}
{"level":"info","message":"   TRANSACTION: 1 models","timestamp":"2026-02-13 22:16:07"}
{"level":"info","message":"   USER: 1 models","timestamp":"2026-02-13 22:16:07"}
{"level":"info","message":"   ACCOUNTING: 1 models","timestamp":"2026-02-13 22:16:07"}
{"level":"info","message":"   AUDIT: 1 models","timestamp":"2026-02-13 22:16:07"}
{"level":"info","logDir":"logs","message":"🚀 Winston logger initialized","nodeVersion":"v24.13.0","platform":"win32","timestamp":"2026-02-13 22:15:36"}
{"errors":["Role 28: Permission undefined not found in REPORT","Role 28: Permission undefined not found in REPORT","Role 38: Permission undefined not found in VAULT"],"level":"warn","message":"Permission validation errors","timestamp":"2026-02-13 22:15:52"}
{"errors":["Role 28: Permission undefined not found in REPORT","Role 28: Permission undefined not found in REPORT","Role 38: Permission undefined not found in VAULT"],"level":"warn","message":"Permission validation errors","timestamp":"2026-02-13 22:15:56"}
{"level":"info","message":"Server time initialized (WAT): 2026-02-14T07:16:05.909Z","timestamp":"2026-02-13 22:16:05"}
{"error":"auditLogger.info(...).catch is not a function","level":"warn","message":"Could not log startup audit","timestamp":"2026-02-13 22:16:05"}
{"level":"info","message":"🔧 Auto-initializing models in development mode...","timestamp":"2026-02-13 22:16:06"}
{"level":"info","message":"🚀 Initializing model loader...","timestamp":"2026-02-13 22:16:06"}
{"level":"info","message":"✅ Models loaded via index.js","timestamp":"2026-02-13 22:16:06"}
{"level":"info","message":"✅ Loaded critical model User on demand","timestamp":"2026-02-13 22:16:07"}
{"level":"info","message":"✅ Loaded critical model Customer on demand","timestamp":"2026-02-13 22:16:07"}
{"level":"info","message":"✅ Loaded critical model CustomerAccount on demand","timestamp":"2026-02-13 22:16:07"}
{"level":"info","message":"✅ Loaded critical model LoanAccount on demand","timestamp":"2026-02-13 22:16:07"}
{"level":"info","message":"✅ Loaded critical model LoanRepayment on demand","timestamp":"2026-02-13 22:16:07"}
{"level":"info","message":"✅ Loaded critical model Deposit on demand","timestamp":"2026-02-13 22:16:07"}
{"level":"info","message":"✅ Loaded critical model Transaction on demand","timestamp":"2026-02-13 22:16:07"}
{"level":"info","message":"✅ Loaded critical model GLAccount on demand","timestamp":"2026-02-13 22:16:07"}
{"level":"info","message":"✅ Loaded critical model AuditTrail on demand","timestamp":"2026-02-13 22:16:07"}
{"level":"info","message":"✅ Model loader initialized successfully","timestamp":"2026-02-13 22:16:07"}
{"level":"info","message":"📊 Loaded models: sequelize, Op, DataTypes, QueryTypes, User, Customer, CustomerAccount, LoanAccount, LoanRepayment, Deposit, Transaction, GLAccount, AuditTrail","timestamp":"2026-02-13 22:16:07"}
{"level":"info","message":"📊 Model Statistics:","timestamp":"2026-02-13 22:16:07"}
{"level":"info","message":"   Total models loaded: 13","timestamp":"2026-02-13 22:16:07"}
{"level":"info","message":"   CUSTOMER: 2 models","timestamp":"2026-02-13 22:16:07"}
{"level":"info","message":"   LOAN: 2 models","timestamp":"2026-02-13 22:16:07"}
{"level":"info","message":"   DEPOSIT: 1 models","timestamp":"2026-02-13 22:16:07"}
{"level":"info","message":"   TRANSACTION: 1 models","timestamp":"2026-02-13 22:16:07"}
{"level":"info","message":"   USER: 1 models","timestamp":"2026-02-13 22:16:07"}
{"level":"info","message":"   ACCOUNTING: 1 models","timestamp":"2026-02-13 22:16:07"}
{"level":"info","message":"   AUDIT: 1 models","timestamp":"2026-02-13 22:16:07"}
{"level":"info","logDir":"logs","message":"🚀 Winston logger initialized","nodeVersion":"v24.13.0","platform":"win32","timestamp":"2026-02-13 22:18:26"}
{"errors":["Role 28: Permission undefined not found in REPORT","Role 28: Permission undefined not found in REPORT","Role 38: Permission undefined not found in VAULT"],"level":"warn","message":"Permission validation errors","timestamp":"2026-02-13 22:18:39"}
{"errors":["Role 28: Permission undefined not found in REPORT","Role 28: Permission undefined not found in REPORT","Role 38: Permission undefined not found in VAULT"],"level":"warn","message":"Permission validation errors","timestamp":"2026-02-13 22:18:41"}
{"level":"info","message":"Server time initialized (WAT): 2026-02-14T07:18:47.332Z","timestamp":"2026-02-13 22:18:47"}
{"error":"auditLogger.info(...).catch is not a function","level":"warn","message":"Could not log startup audit","timestamp":"2026-02-13 22:18:47"}
{"level":"info","message":"🔧 Auto-initializing models in development mode...","timestamp":"2026-02-13 22:18:48"}
{"level":"info","message":"🚀 Initializing model loader...","timestamp":"2026-02-13 22:18:48"}
{"level":"info","message":"✅ Models loaded via index.js","timestamp":"2026-02-13 22:18:48"}
{"level":"info","message":"✅ Loaded critical model User on demand","timestamp":"2026-02-13 22:18:48"}
{"level":"info","message":"✅ Loaded critical model Customer on demand","timestamp":"2026-02-13 22:18:48"}
{"level":"info","message":"✅ Loaded critical model CustomerAccount on demand","timestamp":"2026-02-13 22:18:48"}
{"level":"info","message":"✅ Loaded critical model LoanAccount on demand","timestamp":"2026-02-13 22:18:48"}
{"level":"info","message":"✅ Loaded critical model LoanRepayment on demand","timestamp":"2026-02-13 22:18:48"}
{"level":"info","message":"✅ Loaded critical model Deposit on demand","timestamp":"2026-02-13 22:18:48"}
{"level":"info","message":"✅ Loaded critical model Transaction on demand","timestamp":"2026-02-13 22:18:48"}
{"level":"info","message":"✅ Loaded critical model GLAccount on demand","timestamp":"2026-02-13 22:18:48"}
{"level":"info","message":"✅ Loaded critical model AuditTrail on demand","timestamp":"2026-02-13 22:18:48"}
{"level":"info","message":"✅ Model loader initialized successfully","timestamp":"2026-02-13 22:18:48"}
{"level":"info","message":"📊 Loaded models: sequelize, Op, DataTypes, QueryTypes, User, Customer, CustomerAccount, LoanAccount, LoanRepayment, Deposit, Transaction, GLAccount, AuditTrail","timestamp":"2026-02-13 22:18:48"}
{"level":"info","message":"📊 Model Statistics:","timestamp":"2026-02-13 22:18:48"}
{"level":"info","message":"   Total models loaded: 13","timestamp":"2026-02-13 22:18:48"}
{"level":"info","message":"   CUSTOMER: 2 models","timestamp":"2026-02-13 22:18:48"}
{"level":"info","message":"   LOAN: 2 models","timestamp":"2026-02-13 22:18:48"}
{"level":"info","message":"   DEPOSIT: 1 models","timestamp":"2026-02-13 22:18:48"}
{"level":"info","message":"   TRANSACTION: 1 models","timestamp":"2026-02-13 22:18:48"}
{"level":"info","message":"   USER: 1 models","timestamp":"2026-02-13 22:18:48"}
{"level":"info","message":"   ACCOUNTING: 1 models","timestamp":"2026-02-13 22:18:48"}
{"level":"info","message":"   AUDIT: 1 models","timestamp":"2026-02-13 22:18:48"}
{"level":"info","logDir":"logs","message":"🚀 Winston logger initialized","nodeVersion":"v24.13.0","platform":"win32","timestamp":"2026-02-13 22:18:26"}
{"errors":["Role 28: Permission undefined not found in REPORT","Role 28: Permission undefined not found in REPORT","Role 38: Permission undefined not found in VAULT"],"level":"warn","message":"Permission validation errors","timestamp":"2026-02-13 22:18:38"}
{"errors":["Role 28: Permission undefined not found in REPORT","Role 28: Permission undefined not found in REPORT","Role 38: Permission undefined not found in VAULT"],"level":"warn","message":"Permission validation errors","timestamp":"2026-02-13 22:18:41"}
{"level":"info","message":"Server time initialized (WAT): 2026-02-14T07:18:47.335Z","timestamp":"2026-02-13 22:18:47"}
{"error":"auditLogger.info(...).catch is not a function","level":"warn","message":"Could not log startup audit","timestamp":"2026-02-13 22:18:47"}
{"level":"info","message":"🔧 Auto-initializing models in development mode...","timestamp":"2026-02-13 22:18:48"}
{"level":"info","message":"🚀 Initializing model loader...","timestamp":"2026-02-13 22:18:48"}
{"level":"info","message":"✅ Models loaded via index.js","timestamp":"2026-02-13 22:18:48"}
{"level":"info","message":"✅ Loaded critical model User on demand","timestamp":"2026-02-13 22:18:48"}
{"level":"info","message":"✅ Loaded critical model Customer on demand","timestamp":"2026-02-13 22:18:48"}
{"level":"info","message":"✅ Loaded critical model CustomerAccount on demand","timestamp":"2026-02-13 22:18:48"}
{"level":"info","message":"✅ Loaded critical model LoanAccount on demand","timestamp":"2026-02-13 22:18:48"}
{"level":"info","message":"✅ Loaded critical model LoanRepayment on demand","timestamp":"2026-02-13 22:18:48"}
{"level":"info","message":"✅ Loaded critical model Deposit on demand","timestamp":"2026-02-13 22:18:48"}
{"level":"info","message":"✅ Loaded critical model Transaction on demand","timestamp":"2026-02-13 22:18:48"}
{"level":"info","message":"✅ Loaded critical model GLAccount on demand","timestamp":"2026-02-13 22:18:48"}
{"level":"info","message":"✅ Loaded critical model AuditTrail on demand","timestamp":"2026-02-13 22:18:48"}
{"level":"info","message":"✅ Model loader initialized successfully","timestamp":"2026-02-13 22:18:48"}
{"level":"info","message":"📊 Loaded models: sequelize, Op, DataTypes, QueryTypes, User, Customer, CustomerAccount, LoanAccount, LoanRepayment, Deposit, Transaction, GLAccount, AuditTrail","timestamp":"2026-02-13 22:18:48"}
{"level":"info","message":"📊 Model Statistics:","timestamp":"2026-02-13 22:18:48"}
{"level":"info","message":"   Total models loaded: 13","timestamp":"2026-02-13 22:18:48"}
{"level":"info","message":"   CUSTOMER: 2 models","timestamp":"2026-02-13 22:18:48"}
{"level":"info","message":"   LOAN: 2 models","timestamp":"2026-02-13 22:18:48"}
{"level":"info","message":"   DEPOSIT: 1 models","timestamp":"2026-02-13 22:18:48"}
{"level":"info","message":"   TRANSACTION: 1 models","timestamp":"2026-02-13 22:18:48"}
{"level":"info","message":"   USER: 1 models","timestamp":"2026-02-13 22:18:48"}
{"level":"info","message":"   ACCOUNTING: 1 models","timestamp":"2026-02-13 22:18:48"}
{"level":"info","message":"   AUDIT: 1 models","timestamp":"2026-02-13 22:18:48"}
{"level":"info","logDir":"logs","message":"🚀 Winston logger initialized","nodeVersion":"v24.13.0","platform":"win32","timestamp":"2026-02-13 22:18:26"}
{"errors":["Role 28: Permission undefined not found in REPORT","Role 28: Permission undefined not found in REPORT","Role 38: Permission undefined not found in VAULT"],"level":"warn","message":"Permission validation errors","timestamp":"2026-02-13 22:18:38"}
{"errors":["Role 28: Permission undefined not found in REPORT","Role 28: Permission undefined not found in REPORT","Role 38: Permission undefined not found in VAULT"],"level":"warn","message":"Permission validation errors","timestamp":"2026-02-13 22:18:41"}
{"level":"info","message":"Server time initialized (WAT): 2026-02-14T07:18:47.348Z","timestamp":"2026-02-13 22:18:47"}
{"error":"auditLogger.info(...).catch is not a function","level":"warn","message":"Could not log startup audit","timestamp":"2026-02-13 22:18:47"}
{"level":"info","message":"🔧 Auto-initializing models in development mode...","timestamp":"2026-02-13 22:18:48"}
{"level":"info","message":"🚀 Initializing model loader...","timestamp":"2026-02-13 22:18:48"}
{"level":"info","message":"✅ Models loaded via index.js","timestamp":"2026-02-13 22:18:48"}
{"level":"info","message":"✅ Loaded critical model User on demand","timestamp":"2026-02-13 22:18:48"}
{"level":"info","message":"✅ Loaded critical model Customer on demand","timestamp":"2026-02-13 22:18:48"}
{"level":"info","message":"✅ Loaded critical model CustomerAccount on demand","timestamp":"2026-02-13 22:18:48"}
{"level":"info","message":"✅ Loaded critical model LoanAccount on demand","timestamp":"2026-02-13 22:18:48"}
{"level":"info","message":"✅ Loaded critical model LoanRepayment on demand","timestamp":"2026-02-13 22:18:48"}
{"level":"info","message":"✅ Loaded critical model Deposit on demand","timestamp":"2026-02-13 22:18:48"}
{"level":"info","message":"✅ Loaded critical model Transaction on demand","timestamp":"2026-02-13 22:18:48"}
{"level":"info","message":"✅ Loaded critical model GLAccount on demand","timestamp":"2026-02-13 22:18:48"}
{"level":"info","message":"✅ Loaded critical model AuditTrail on demand","timestamp":"2026-02-13 22:18:48"}
{"level":"info","message":"✅ Model loader initialized successfully","timestamp":"2026-02-13 22:18:48"}
{"level":"info","message":"📊 Loaded models: sequelize, Op, DataTypes, QueryTypes, User, Customer, CustomerAccount, LoanAccount, LoanRepayment, Deposit, Transaction, GLAccount, AuditTrail","timestamp":"2026-02-13 22:18:48"}
{"level":"info","message":"📊 Model Statistics:","timestamp":"2026-02-13 22:18:48"}
{"level":"info","message":"   Total models loaded: 13","timestamp":"2026-02-13 22:18:48"}
{"level":"info","message":"   CUSTOMER: 2 models","timestamp":"2026-02-13 22:18:48"}
{"level":"info","message":"   LOAN: 2 models","timestamp":"2026-02-13 22:18:48"}
{"level":"info","message":"   DEPOSIT: 1 models","timestamp":"2026-02-13 22:18:48"}
{"level":"info","message":"   TRANSACTION: 1 models","timestamp":"2026-02-13 22:18:48"}
{"level":"info","message":"   USER: 1 models","timestamp":"2026-02-13 22:18:48"}
{"level":"info","message":"   ACCOUNTING: 1 models","timestamp":"2026-02-13 22:18:48"}
{"level":"info","message":"   AUDIT: 1 models","timestamp":"2026-02-13 22:18:48"}
{"level":"info","logDir":"logs","message":"🚀 Winston logger initialized","nodeVersion":"v24.13.0","platform":"win32","timestamp":"2026-02-13 22:18:26"}
{"errors":["Role 28: Permission undefined not found in REPORT","Role 28: Permission undefined not found in REPORT","Role 38: Permission undefined not found in VAULT"],"level":"warn","message":"Permission validation errors","timestamp":"2026-02-13 22:18:38"}
{"errors":["Role 28: Permission undefined not found in REPORT","Role 28: Permission undefined not found in REPORT","Role 38: Permission undefined not found in VAULT"],"level":"warn","message":"Permission validation errors","timestamp":"2026-02-13 22:18:41"}
{"level":"info","message":"Server time initialized (WAT): 2026-02-14T07:18:47.349Z","timestamp":"2026-02-13 22:18:47"}
{"error":"auditLogger.info(...).catch is not a function","level":"warn","message":"Could not log startup audit","timestamp":"2026-02-13 22:18:47"}
{"level":"info","message":"🔧 Auto-initializing models in development mode...","timestamp":"2026-02-13 22:18:48"}
{"level":"info","message":"🚀 Initializing model loader...","timestamp":"2026-02-13 22:18:48"}
{"level":"info","message":"✅ Models loaded via index.js","timestamp":"2026-02-13 22:18:48"}
{"level":"info","message":"✅ Loaded critical model User on demand","timestamp":"2026-02-13 22:18:48"}
{"level":"info","message":"✅ Loaded critical model Customer on demand","timestamp":"2026-02-13 22:18:48"}
{"level":"info","message":"✅ Loaded critical model CustomerAccount on demand","timestamp":"2026-02-13 22:18:48"}
{"level":"info","message":"✅ Loaded critical model LoanAccount on demand","timestamp":"2026-02-13 22:18:48"}
{"level":"info","message":"✅ Loaded critical model LoanRepayment on demand","timestamp":"2026-02-13 22:18:48"}
{"level":"info","message":"✅ Loaded critical model Deposit on demand","timestamp":"2026-02-13 22:18:48"}
{"level":"info","message":"✅ Loaded critical model Transaction on demand","timestamp":"2026-02-13 22:18:48"}
{"level":"info","message":"✅ Loaded critical model GLAccount on demand","timestamp":"2026-02-13 22:18:48"}
{"level":"info","message":"✅ Loaded critical model AuditTrail on demand","timestamp":"2026-02-13 22:18:48"}
{"level":"info","message":"✅ Model loader initialized successfully","timestamp":"2026-02-13 22:18:48"}
{"level":"info","message":"📊 Loaded models: sequelize, Op, DataTypes, QueryTypes, User, Customer, CustomerAccount, LoanAccount, LoanRepayment, Deposit, Transaction, GLAccount, AuditTrail","timestamp":"2026-02-13 22:18:48"}
{"level":"info","message":"📊 Model Statistics:","timestamp":"2026-02-13 22:18:48"}
{"level":"info","message":"   Total models loaded: 13","timestamp":"2026-02-13 22:18:48"}
{"level":"info","message":"   CUSTOMER: 2 models","timestamp":"2026-02-13 22:18:48"}
{"level":"info","message":"   LOAN: 2 models","timestamp":"2026-02-13 22:18:48"}
{"level":"info","message":"   DEPOSIT: 1 models","timestamp":"2026-02-13 22:18:48"}
{"level":"info","message":"   TRANSACTION: 1 models","timestamp":"2026-02-13 22:18:48"}
{"level":"info","message":"   USER: 1 models","timestamp":"2026-02-13 22:18:48"}
{"level":"info","message":"   ACCOUNTING: 1 models","timestamp":"2026-02-13 22:18:48"}
{"level":"info","message":"   AUDIT: 1 models","timestamp":"2026-02-13 22:18:48"}
{"level":"info","logDir":"logs","message":"🚀 Winston logger initialized","nodeVersion":"v24.13.0","platform":"win32","timestamp":"2026-02-13 22:20:20"}
{"errors":["Role 28: Permission undefined not found in REPORT","Role 28: Permission undefined not found in REPORT","Role 38: Permission undefined not found in VAULT"],"level":"warn","message":"Permission validation errors","timestamp":"2026-02-13 22:20:24"}
{"errors":["Role 28: Permission undefined not found in REPORT","Role 28: Permission undefined not found in REPORT","Role 38: Permission undefined not found in VAULT"],"level":"warn","message":"Permission validation errors","timestamp":"2026-02-13 22:20:25"}
{"level":"info","message":"Server time initialized (WAT): 2026-02-14T07:20:28.083Z","timestamp":"2026-02-13 22:20:28"}
{"error":"auditLogger.info(...).catch is not a function","level":"warn","message":"Could not log startup audit","timestamp":"2026-02-13 22:20:28"}
{"level":"info","message":"🔧 Auto-initializing models in development mode...","timestamp":"2026-02-13 22:20:28"}
{"level":"info","message":"🚀 Initializing model loader...","timestamp":"2026-02-13 22:20:28"}
{"level":"info","message":"✅ Models loaded via index.js","timestamp":"2026-02-13 22:20:28"}
{"level":"info","message":"✅ Loaded critical model User on demand","timestamp":"2026-02-13 22:20:28"}
{"level":"info","message":"✅ Loaded critical model Customer on demand","timestamp":"2026-02-13 22:20:28"}
{"level":"info","message":"✅ Loaded critical model CustomerAccount on demand","timestamp":"2026-02-13 22:20:28"}
{"level":"info","message":"✅ Loaded critical model LoanAccount on demand","timestamp":"2026-02-13 22:20:28"}
{"level":"info","message":"✅ Loaded critical model LoanRepayment on demand","timestamp":"2026-02-13 22:20:28"}
{"level":"info","message":"✅ Loaded critical model Deposit on demand","timestamp":"2026-02-13 22:20:28"}
{"level":"info","message":"✅ Loaded critical model Transaction on demand","timestamp":"2026-02-13 22:20:28"}
{"level":"info","message":"✅ Loaded critical model GLAccount on demand","timestamp":"2026-02-13 22:20:28"}
{"level":"info","message":"✅ Loaded critical model AuditTrail on demand","timestamp":"2026-02-13 22:20:28"}
{"level":"info","message":"✅ Model loader initialized successfully","timestamp":"2026-02-13 22:20:28"}
{"level":"info","message":"📊 Loaded models: sequelize, Op, DataTypes, QueryTypes, User, Customer, CustomerAccount, LoanAccount, LoanRepayment, Deposit, Transaction, GLAccount, AuditTrail","timestamp":"2026-02-13 22:20:28"}
{"level":"info","message":"📊 Model Statistics:","timestamp":"2026-02-13 22:20:28"}
{"level":"info","message":"   Total models loaded: 13","timestamp":"2026-02-13 22:20:28"}
{"level":"info","message":"   CUSTOMER: 2 models","timestamp":"2026-02-13 22:20:28"}
{"level":"info","message":"   LOAN: 2 models","timestamp":"2026-02-13 22:20:28"}
{"level":"info","message":"   DEPOSIT: 1 models","timestamp":"2026-02-13 22:20:28"}
{"level":"info","message":"   TRANSACTION: 1 models","timestamp":"2026-02-13 22:20:28"}
{"level":"info","message":"   USER: 1 models","timestamp":"2026-02-13 22:20:28"}
{"level":"info","message":"   ACCOUNTING: 1 models","timestamp":"2026-02-13 22:20:28"}
{"level":"info","message":"   AUDIT: 1 models","timestamp":"2026-02-13 22:20:28"}
{"level":"info","logDir":"logs","message":"🚀 Winston logger initialized","nodeVersion":"v24.13.0","platform":"win32","timestamp":"2026-02-13 22:20:20"}
{"errors":["Role 28: Permission undefined not found in REPORT","Role 28: Permission undefined not found in REPORT","Role 38: Permission undefined not found in VAULT"],"level":"warn","message":"Permission validation errors","timestamp":"2026-02-13 22:20:24"}
{"errors":["Role 28: Permission undefined not found in REPORT","Role 28: Permission undefined not found in REPORT","Role 38: Permission undefined not found in VAULT"],"level":"warn","message":"Permission validation errors","timestamp":"2026-02-13 22:20:25"}
{"level":"info","message":"Server time initialized (WAT): 2026-02-14T07:20:28.068Z","timestamp":"2026-02-13 22:20:28"}
{"error":"auditLogger.info(...).catch is not a function","level":"warn","message":"Could not log startup audit","timestamp":"2026-02-13 22:20:28"}
{"level":"info","message":"🔧 Auto-initializing models in development mode...","timestamp":"2026-02-13 22:20:28"}
{"level":"info","message":"🚀 Initializing model loader...","timestamp":"2026-02-13 22:20:28"}
{"level":"info","message":"✅ Models loaded via index.js","timestamp":"2026-02-13 22:20:28"}
{"level":"info","message":"✅ Loaded critical model User on demand","timestamp":"2026-02-13 22:20:28"}
{"level":"info","message":"✅ Loaded critical model Customer on demand","timestamp":"2026-02-13 22:20:28"}
{"level":"info","message":"✅ Loaded critical model CustomerAccount on demand","timestamp":"2026-02-13 22:20:28"}
{"level":"info","message":"✅ Loaded critical model LoanAccount on demand","timestamp":"2026-02-13 22:20:28"}
{"level":"info","message":"✅ Loaded critical model LoanRepayment on demand","timestamp":"2026-02-13 22:20:28"}
{"level":"info","message":"✅ Loaded critical model Deposit on demand","timestamp":"2026-02-13 22:20:28"}
{"level":"info","message":"✅ Loaded critical model Transaction on demand","timestamp":"2026-02-13 22:20:28"}
{"level":"info","message":"✅ Loaded critical model GLAccount on demand","timestamp":"2026-02-13 22:20:28"}
{"level":"info","message":"✅ Loaded critical model AuditTrail on demand","timestamp":"2026-02-13 22:20:28"}
{"level":"info","message":"✅ Model loader initialized successfully","timestamp":"2026-02-13 22:20:28"}
{"level":"info","message":"📊 Loaded models: sequelize, Op, DataTypes, QueryTypes, User, Customer, CustomerAccount, LoanAccount, LoanRepayment, Deposit, Transaction, GLAccount, AuditTrail","timestamp":"2026-02-13 22:20:28"}
{"level":"info","message":"📊 Model Statistics:","timestamp":"2026-02-13 22:20:28"}
{"level":"info","message":"   Total models loaded: 13","timestamp":"2026-02-13 22:20:28"}
{"level":"info","message":"   CUSTOMER: 2 models","timestamp":"2026-02-13 22:20:28"}
{"level":"info","message":"   LOAN: 2 models","timestamp":"2026-02-13 22:20:28"}
{"level":"info","message":"   DEPOSIT: 1 models","timestamp":"2026-02-13 22:20:28"}
{"level":"info","message":"   TRANSACTION: 1 models","timestamp":"2026-02-13 22:20:28"}
{"level":"info","message":"   USER: 1 models","timestamp":"2026-02-13 22:20:28"}
{"level":"info","message":"   ACCOUNTING: 1 models","timestamp":"2026-02-13 22:20:28"}
{"level":"info","message":"   AUDIT: 1 models","timestamp":"2026-02-13 22:20:28"}
{"level":"info","logDir":"logs","message":"🚀 Winston logger initialized","nodeVersion":"v24.13.0","platform":"win32","timestamp":"2026-02-13 22:20:20"}
{"errors":["Role 28: Permission undefined not found in REPORT","Role 28: Permission undefined not found in REPORT","Role 38: Permission undefined not found in VAULT"],"level":"warn","message":"Permission validation errors","timestamp":"2026-02-13 22:20:24"}
{"errors":["Role 28: Permission undefined not found in REPORT","Role 28: Permission undefined not found in REPORT","Role 38: Permission undefined not found in VAULT"],"level":"warn","message":"Permission validation errors","timestamp":"2026-02-13 22:20:25"}
{"level":"info","message":"Server time initialized (WAT): 2026-02-14T07:20:28.067Z","timestamp":"2026-02-13 22:20:28"}
{"error":"auditLogger.info(...).catch is not a function","level":"warn","message":"Could not log startup audit","timestamp":"2026-02-13 22:20:28"}
{"level":"info","message":"🔧 Auto-initializing models in development mode...","timestamp":"2026-02-13 22:20:28"}
{"level":"info","message":"🚀 Initializing model loader...","timestamp":"2026-02-13 22:20:28"}
{"level":"info","message":"✅ Models loaded via index.js","timestamp":"2026-02-13 22:20:28"}
{"level":"info","message":"✅ Loaded critical model User on demand","timestamp":"2026-02-13 22:20:28"}
{"level":"info","message":"✅ Loaded critical model Customer on demand","timestamp":"2026-02-13 22:20:28"}
{"level":"info","message":"✅ Loaded critical model CustomerAccount on demand","timestamp":"2026-02-13 22:20:28"}
{"level":"info","message":"✅ Loaded critical model LoanAccount on demand","timestamp":"2026-02-13 22:20:28"}
{"level":"info","message":"✅ Loaded critical model LoanRepayment on demand","timestamp":"2026-02-13 22:20:28"}
{"level":"info","message":"✅ Loaded critical model Deposit on demand","timestamp":"2026-02-13 22:20:28"}
{"level":"info","message":"✅ Loaded critical model Transaction on demand","timestamp":"2026-02-13 22:20:28"}
{"level":"info","message":"✅ Loaded critical model GLAccount on demand","timestamp":"2026-02-13 22:20:28"}
{"level":"info","message":"✅ Loaded critical model AuditTrail on demand","timestamp":"2026-02-13 22:20:28"}
{"level":"info","message":"✅ Model loader initialized successfully","timestamp":"2026-02-13 22:20:28"}
{"level":"info","message":"📊 Loaded models: sequelize, Op, DataTypes, QueryTypes, User, Customer, CustomerAccount, LoanAccount, LoanRepayment, Deposit, Transaction, GLAccount, AuditTrail","timestamp":"2026-02-13 22:20:28"}
{"level":"info","message":"📊 Model Statistics:","timestamp":"2026-02-13 22:20:28"}
{"level":"info","message":"   Total models loaded: 13","timestamp":"2026-02-13 22:20:28"}
{"level":"info","message":"   CUSTOMER: 2 models","timestamp":"2026-02-13 22:20:28"}
{"level":"info","message":"   LOAN: 2 models","timestamp":"2026-02-13 22:20:28"}
{"level":"info","message":"   DEPOSIT: 1 models","timestamp":"2026-02-13 22:20:28"}
{"level":"info","message":"   TRANSACTION: 1 models","timestamp":"2026-02-13 22:20:28"}
{"level":"info","message":"   USER: 1 models","timestamp":"2026-02-13 22:20:28"}
{"level":"info","message":"   ACCOUNTING: 1 models","timestamp":"2026-02-13 22:20:28"}
{"level":"info","message":"   AUDIT: 1 models","timestamp":"2026-02-13 22:20:28"}
{"level":"info","logDir":"logs","message":"🚀 Winston logger initialized","nodeVersion":"v24.13.0","platform":"win32","timestamp":"2026-02-13 22:20:20"}
{"errors":["Role 28: Permission undefined not found in REPORT","Role 28: Permission undefined not found in REPORT","Role 38: Permission undefined not found in VAULT"],"level":"warn","message":"Permission validation errors","timestamp":"2026-02-13 22:20:24"}
{"errors":["Role 28: Permission undefined not found in REPORT","Role 28: Permission undefined not found in REPORT","Role 38: Permission undefined not found in VAULT"],"level":"warn","message":"Permission validation errors","timestamp":"2026-02-13 22:20:25"}
{"level":"info","message":"Server time initialized (WAT): 2026-02-14T07:20:28.098Z","timestamp":"2026-02-13 22:20:28"}
{"error":"auditLogger.info(...).catch is not a function","level":"warn","message":"Could not log startup audit","timestamp":"2026-02-13 22:20:28"}
{"level":"info","message":"🔧 Auto-initializing models in development mode...","timestamp":"2026-02-13 22:20:28"}
{"level":"info","message":"🚀 Initializing model loader...","timestamp":"2026-02-13 22:20:28"}
{"level":"info","message":"✅ Models loaded via index.js","timestamp":"2026-02-13 22:20:28"}
{"level":"info","message":"✅ Loaded critical model User on demand","timestamp":"2026-02-13 22:20:28"}
{"level":"info","message":"✅ Loaded critical model Customer on demand","timestamp":"2026-02-13 22:20:28"}
{"level":"info","message":"✅ Loaded critical model CustomerAccount on demand","timestamp":"2026-02-13 22:20:28"}
{"level":"info","message":"✅ Loaded critical model LoanAccount on demand","timestamp":"2026-02-13 22:20:28"}
{"level":"info","message":"✅ Loaded critical model LoanRepayment on demand","timestamp":"2026-02-13 22:20:28"}
{"level":"info","message":"✅ Loaded critical model Deposit on demand","timestamp":"2026-02-13 22:20:28"}
{"level":"info","message":"✅ Loaded critical model Transaction on demand","timestamp":"2026-02-13 22:20:28"}
{"level":"info","message":"✅ Loaded critical model GLAccount on demand","timestamp":"2026-02-13 22:20:28"}
{"level":"info","message":"✅ Loaded critical model AuditTrail on demand","timestamp":"2026-02-13 22:20:28"}
{"level":"info","message":"✅ Model loader initialized successfully","timestamp":"2026-02-13 22:20:28"}
{"level":"info","message":"📊 Loaded models: sequelize, Op, DataTypes, QueryTypes, User, Customer, CustomerAccount, LoanAccount, LoanRepayment, Deposit, Transaction, GLAccount, AuditTrail","timestamp":"2026-02-13 22:20:28"}
{"level":"info","message":"📊 Model Statistics:","timestamp":"2026-02-13 22:20:28"}
{"level":"info","message":"   Total models loaded: 13","timestamp":"2026-02-13 22:20:28"}
{"level":"info","message":"   CUSTOMER: 2 models","timestamp":"2026-02-13 22:20:28"}
{"level":"info","message":"   LOAN: 2 models","timestamp":"2026-02-13 22:20:28"}
{"level":"info","message":"   DEPOSIT: 1 models","timestamp":"2026-02-13 22:20:28"}
{"level":"info","message":"   TRANSACTION: 1 models","timestamp":"2026-02-13 22:20:28"}
{"level":"info","message":"   USER: 1 models","timestamp":"2026-02-13 22:20:28"}
{"level":"info","message":"   ACCOUNTING: 1 models","timestamp":"2026-02-13 22:20:28"}
{"level":"info","message":"   AUDIT: 1 models","timestamp":"2026-02-13 22:20:28"}
{"level":"info","logDir":"logs","message":"🚀 Winston logger initialized","nodeVersion":"v24.13.0","platform":"win32","timestamp":"2026-02-13 22:22:03"}
{"errors":["Role 28: Permission undefined not found in REPORT","Role 28: Permission undefined not found in REPORT","Role 38: Permission undefined not found in VAULT"],"level":"warn","message":"Permission validation errors","timestamp":"2026-02-13 22:22:08"}
{"errors":["Role 28: Permission undefined not found in REPORT","Role 28: Permission undefined not found in REPORT","Role 38: Permission undefined not found in VAULT"],"level":"warn","message":"Permission validation errors","timestamp":"2026-02-13 22:22:09"}
{"level":"info","message":"Server time initialized (WAT): 2026-02-14T07:22:13.143Z","timestamp":"2026-02-13 22:22:13"}
{"error":"auditLogger.info(...).catch is not a function","level":"warn","message":"Could not log startup audit","timestamp":"2026-02-13 22:22:13"}
{"level":"info","message":"🔧 Auto-initializing models in development mode...","timestamp":"2026-02-13 22:22:13"}
{"level":"info","message":"🚀 Initializing model loader...","timestamp":"2026-02-13 22:22:13"}
{"level":"info","message":"✅ Models loaded via index.js","timestamp":"2026-02-13 22:22:13"}
{"level":"info","message":"✅ Loaded critical model User on demand","timestamp":"2026-02-13 22:22:13"}
{"level":"info","message":"✅ Loaded critical model Customer on demand","timestamp":"2026-02-13 22:22:13"}
{"level":"info","message":"✅ Loaded critical model CustomerAccount on demand","timestamp":"2026-02-13 22:22:13"}
{"level":"info","message":"✅ Loaded critical model LoanAccount on demand","timestamp":"2026-02-13 22:22:13"}
{"level":"info","message":"✅ Loaded critical model LoanRepayment on demand","timestamp":"2026-02-13 22:22:13"}
{"level":"info","message":"✅ Loaded critical model Deposit on demand","timestamp":"2026-02-13 22:22:13"}
{"level":"info","message":"✅ Loaded critical model Transaction on demand","timestamp":"2026-02-13 22:22:13"}
{"level":"info","message":"✅ Loaded critical model GLAccount on demand","timestamp":"2026-02-13 22:22:13"}
{"level":"info","message":"✅ Loaded critical model AuditTrail on demand","timestamp":"2026-02-13 22:22:13"}
{"level":"info","message":"✅ Model loader initialized successfully","timestamp":"2026-02-13 22:22:13"}
{"level":"info","message":"📊 Loaded models: sequelize, Op, DataTypes, QueryTypes, User, Customer, CustomerAccount, LoanAccount, LoanRepayment, Deposit, Transaction, GLAccount, AuditTrail","timestamp":"2026-02-13 22:22:13"}
{"level":"info","message":"📊 Model Statistics:","timestamp":"2026-02-13 22:22:13"}
{"level":"info","message":"   Total models loaded: 13","timestamp":"2026-02-13 22:22:13"}
{"level":"info","message":"   CUSTOMER: 2 models","timestamp":"2026-02-13 22:22:13"}
{"level":"info","message":"   LOAN: 2 models","timestamp":"2026-02-13 22:22:13"}
{"level":"info","message":"   DEPOSIT: 1 models","timestamp":"2026-02-13 22:22:13"}
{"level":"info","message":"   TRANSACTION: 1 models","timestamp":"2026-02-13 22:22:13"}
{"level":"info","message":"   USER: 1 models","timestamp":"2026-02-13 22:22:13"}
{"level":"info","message":"   ACCOUNTING: 1 models","timestamp":"2026-02-13 22:22:13"}
{"level":"info","message":"   AUDIT: 1 models","timestamp":"2026-02-13 22:22:13"}
{"level":"info","logDir":"logs","message":"🚀 Winston logger initialized","nodeVersion":"v24.13.0","platform":"win32","timestamp":"2026-02-13 22:22:03"}
{"errors":["Role 28: Permission undefined not found in REPORT","Role 28: Permission undefined not found in REPORT","Role 38: Permission undefined not found in VAULT"],"level":"warn","message":"Permission validation errors","timestamp":"2026-02-13 22:22:08"}
{"errors":["Role 28: Permission undefined not found in REPORT","Role 28: Permission undefined not found in REPORT","Role 38: Permission undefined not found in VAULT"],"level":"warn","message":"Permission validation errors","timestamp":"2026-02-13 22:22:09"}
{"level":"info","message":"Server time initialized (WAT): 2026-02-14T07:22:13.130Z","timestamp":"2026-02-13 22:22:13"}
{"error":"auditLogger.info(...).catch is not a function","level":"warn","message":"Could not log startup audit","timestamp":"2026-02-13 22:22:13"}
{"level":"info","message":"🔧 Auto-initializing models in development mode...","timestamp":"2026-02-13 22:22:13"}
{"level":"info","message":"🚀 Initializing model loader...","timestamp":"2026-02-13 22:22:13"}
{"level":"info","message":"✅ Models loaded via index.js","timestamp":"2026-02-13 22:22:13"}
{"level":"info","message":"✅ Loaded critical model User on demand","timestamp":"2026-02-13 22:22:13"}
{"level":"info","message":"✅ Loaded critical model Customer on demand","timestamp":"2026-02-13 22:22:13"}
{"level":"info","message":"✅ Loaded critical model CustomerAccount on demand","timestamp":"2026-02-13 22:22:13"}
{"level":"info","message":"✅ Loaded critical model LoanAccount on demand","timestamp":"2026-02-13 22:22:13"}
{"level":"info","message":"✅ Loaded critical model LoanRepayment on demand","timestamp":"2026-02-13 22:22:13"}
{"level":"info","message":"✅ Loaded critical model Deposit on demand","timestamp":"2026-02-13 22:22:13"}
{"level":"info","message":"✅ Loaded critical model Transaction on demand","timestamp":"2026-02-13 22:22:13"}
{"level":"info","message":"✅ Loaded critical model GLAccount on demand","timestamp":"2026-02-13 22:22:13"}
{"level":"info","message":"✅ Loaded critical model AuditTrail on demand","timestamp":"2026-02-13 22:22:13"}
{"level":"info","message":"✅ Model loader initialized successfully","timestamp":"2026-02-13 22:22:13"}
{"level":"info","message":"📊 Loaded models: sequelize, Op, DataTypes, QueryTypes, User, Customer, CustomerAccount, LoanAccount, LoanRepayment, Deposit, Transaction, GLAccount, AuditTrail","timestamp":"2026-02-13 22:22:13"}
{"level":"info","message":"📊 Model Statistics:","timestamp":"2026-02-13 22:22:13"}
{"level":"info","message":"   Total models loaded: 13","timestamp":"2026-02-13 22:22:13"}
{"level":"info","message":"   CUSTOMER: 2 models","timestamp":"2026-02-13 22:22:13"}
{"level":"info","message":"   LOAN: 2 models","timestamp":"2026-02-13 22:22:13"}
{"level":"info","message":"   DEPOSIT: 1 models","timestamp":"2026-02-13 22:22:13"}
{"level":"info","message":"   TRANSACTION: 1 models","timestamp":"2026-02-13 22:22:13"}
{"level":"info","message":"   USER: 1 models","timestamp":"2026-02-13 22:22:13"}
{"level":"info","message":"   ACCOUNTING: 1 models","timestamp":"2026-02-13 22:22:13"}
{"level":"info","message":"   AUDIT: 1 models","timestamp":"2026-02-13 22:22:13"}
{"level":"info","logDir":"logs","message":"🚀 Winston logger initialized","nodeVersion":"v24.13.0","platform":"win32","timestamp":"2026-02-13 22:22:03"}
{"errors":["Role 28: Permission undefined not found in REPORT","Role 28: Permission undefined not found in REPORT","Role 38: Permission undefined not found in VAULT"],"level":"warn","message":"Permission validation errors","timestamp":"2026-02-13 22:22:08"}
{"errors":["Role 28: Permission undefined not found in REPORT","Role 28: Permission undefined not found in REPORT","Role 38: Permission undefined not found in VAULT"],"level":"warn","message":"Permission validation errors","timestamp":"2026-02-13 22:22:09"}
{"level":"info","message":"Server time initialized (WAT): 2026-02-14T07:22:13.142Z","timestamp":"2026-02-13 22:22:13"}
{"error":"auditLogger.info(...).catch is not a function","level":"warn","message":"Could not log startup audit","timestamp":"2026-02-13 22:22:13"}
{"level":"info","message":"🔧 Auto-initializing models in development mode...","timestamp":"2026-02-13 22:22:13"}
{"level":"info","message":"🚀 Initializing model loader...","timestamp":"2026-02-13 22:22:13"}
{"level":"info","message":"✅ Models loaded via index.js","timestamp":"2026-02-13 22:22:13"}
{"level":"info","message":"✅ Loaded critical model User on demand","timestamp":"2026-02-13 22:22:13"}
{"level":"info","message":"✅ Loaded critical model Customer on demand","timestamp":"2026-02-13 22:22:13"}
{"level":"info","message":"✅ Loaded critical model CustomerAccount on demand","timestamp":"2026-02-13 22:22:13"}
{"level":"info","message":"✅ Loaded critical model LoanAccount on demand","timestamp":"2026-02-13 22:22:13"}
{"level":"info","message":"✅ Loaded critical model LoanRepayment on demand","timestamp":"2026-02-13 22:22:13"}
{"level":"info","message":"✅ Loaded critical model Deposit on demand","timestamp":"2026-02-13 22:22:13"}
{"level":"info","message":"✅ Loaded critical model Transaction on demand","timestamp":"2026-02-13 22:22:13"}
{"level":"info","message":"✅ Loaded critical model GLAccount on demand","timestamp":"2026-02-13 22:22:13"}
{"level":"info","message":"✅ Loaded critical model AuditTrail on demand","timestamp":"2026-02-13 22:22:13"}
{"level":"info","message":"✅ Model loader initialized successfully","timestamp":"2026-02-13 22:22:13"}
{"level":"info","message":"📊 Loaded models: sequelize, Op, DataTypes, QueryTypes, User, Customer, CustomerAccount, LoanAccount, LoanRepayment, Deposit, Transaction, GLAccount, AuditTrail","timestamp":"2026-02-13 22:22:13"}
{"level":"info","message":"📊 Model Statistics:","timestamp":"2026-02-13 22:22:13"}
{"level":"info","message":"   Total models loaded: 13","timestamp":"2026-02-13 22:22:13"}
{"level":"info","message":"   CUSTOMER: 2 models","timestamp":"2026-02-13 22:22:13"}
{"level":"info","message":"   LOAN: 2 models","timestamp":"2026-02-13 22:22:13"}
{"level":"info","message":"   DEPOSIT: 1 models","timestamp":"2026-02-13 22:22:13"}
{"level":"info","message":"   TRANSACTION: 1 models","timestamp":"2026-02-13 22:22:13"}
{"level":"info","message":"   USER: 1 models","timestamp":"2026-02-13 22:22:13"}
{"level":"info","message":"   ACCOUNTING: 1 models","timestamp":"2026-02-13 22:22:13"}
{"level":"info","message":"   AUDIT: 1 models","timestamp":"2026-02-13 22:22:13"}
{"level":"info","logDir":"logs","message":"🚀 Winston logger initialized","nodeVersion":"v24.13.0","platform":"win32","timestamp":"2026-02-13 22:22:03"}
{"errors":["Role 28: Permission undefined not found in REPORT","Role 28: Permission undefined not found in REPORT","Role 38: Permission undefined not found in VAULT"],"level":"warn","message":"Permission validation errors","timestamp":"2026-02-13 22:22:08"}
{"errors":["Role 28: Permission undefined not found in REPORT","Role 28: Permission undefined not found in REPORT","Role 38: Permission undefined not found in VAULT"],"level":"warn","message":"Permission validation errors","timestamp":"2026-02-13 22:22:09"}
{"level":"info","message":"Server time initialized (WAT): 2026-02-14T07:22:13.164Z","timestamp":"2026-02-13 22:22:13"}
{"error":"auditLogger.info(...).catch is not a function","level":"warn","message":"Could not log startup audit","timestamp":"2026-02-13 22:22:13"}
{"level":"info","message":"🔧 Auto-initializing models in development mode...","timestamp":"2026-02-13 22:22:13"}
{"level":"info","message":"🚀 Initializing model loader...","timestamp":"2026-02-13 22:22:13"}
{"level":"info","message":"✅ Models loaded via index.js","timestamp":"2026-02-13 22:22:13"}
{"level":"info","message":"✅ Loaded critical model User on demand","timestamp":"2026-02-13 22:22:13"}
{"level":"info","message":"✅ Loaded critical model Customer on demand","timestamp":"2026-02-13 22:22:13"}
{"level":"info","message":"✅ Loaded critical model CustomerAccount on demand","timestamp":"2026-02-13 22:22:13"}
{"level":"info","message":"✅ Loaded critical model LoanAccount on demand","timestamp":"2026-02-13 22:22:13"}
{"level":"info","message":"✅ Loaded critical model LoanRepayment on demand","timestamp":"2026-02-13 22:22:13"}
{"level":"info","message":"✅ Loaded critical model Deposit on demand","timestamp":"2026-02-13 22:22:13"}
{"level":"info","message":"✅ Loaded critical model Transaction on demand","timestamp":"2026-02-13 22:22:13"}
{"level":"info","message":"✅ Loaded critical model GLAccount on demand","timestamp":"2026-02-13 22:22:13"}
{"level":"info","message":"✅ Loaded critical model AuditTrail on demand","timestamp":"2026-02-13 22:22:13"}
{"level":"info","message":"✅ Model loader initialized successfully","timestamp":"2026-02-13 22:22:13"}
{"level":"info","message":"📊 Loaded models: sequelize, Op, DataTypes, QueryTypes, User, Customer, CustomerAccount, LoanAccount, LoanRepayment, Deposit, Transaction, GLAccount, AuditTrail","timestamp":"2026-02-13 22:22:13"}
{"level":"info","message":"📊 Model Statistics:","timestamp":"2026-02-13 22:22:13"}
{"level":"info","message":"   Total models loaded: 13","timestamp":"2026-02-13 22:22:13"}
{"level":"info","message":"   CUSTOMER: 2 models","timestamp":"2026-02-13 22:22:13"}
{"level":"info","message":"   LOAN: 2 models","timestamp":"2026-02-13 22:22:13"}
{"level":"info","message":"   DEPOSIT: 1 models","timestamp":"2026-02-13 22:22:13"}
{"level":"info","message":"   TRANSACTION: 1 models","timestamp":"2026-02-13 22:22:13"}
{"level":"info","message":"   USER: 1 models","timestamp":"2026-02-13 22:22:13"}
{"level":"info","message":"   ACCOUNTING: 1 models","timestamp":"2026-02-13 22:22:13"}
{"level":"info","message":"   AUDIT: 1 models","timestamp":"2026-02-13 22:22:13"}
{"level":"info","logDir":"logs","message":"🚀 Winston logger initialized","nodeVersion":"v24.13.0","platform":"win32","timestamp":"2026-02-13 22:23:55"}
{"errors":["Role 28: Permission undefined not found in REPORT","Role 28: Permission undefined not found in REPORT","Role 38: Permission undefined not found in VAULT"],"level":"warn","message":"Permission validation errors","timestamp":"2026-02-13 22:24:01"}
{"errors":["Role 28: Permission undefined not found in REPORT","Role 28: Permission undefined not found in REPORT","Role 38: Permission undefined not found in VAULT"],"level":"warn","message":"Permission validation errors","timestamp":"2026-02-13 22:24:03"}
{"level":"info","message":"Server time initialized (WAT): 2026-02-14T07:24:06.555Z","timestamp":"2026-02-13 22:24:06"}
{"error":"auditLogger.info(...).catch is not a function","level":"warn","message":"Could not log startup audit","timestamp":"2026-02-13 22:24:06"}
{"level":"info","message":"🔧 Auto-initializing models in development mode...","timestamp":"2026-02-13 22:24:07"}
{"level":"info","message":"🚀 Initializing model loader...","timestamp":"2026-02-13 22:24:07"}
{"level":"info","message":"✅ Models loaded via index.js","timestamp":"2026-02-13 22:24:07"}
{"level":"info","message":"✅ Loaded critical model User on demand","timestamp":"2026-02-13 22:24:07"}
{"level":"info","message":"✅ Loaded critical model Customer on demand","timestamp":"2026-02-13 22:24:07"}
{"level":"info","message":"✅ Loaded critical model CustomerAccount on demand","timestamp":"2026-02-13 22:24:07"}
{"level":"info","message":"✅ Loaded critical model LoanAccount on demand","timestamp":"2026-02-13 22:24:07"}
{"level":"info","message":"✅ Loaded critical model LoanRepayment on demand","timestamp":"2026-02-13 22:24:07"}
{"level":"info","message":"✅ Loaded critical model Deposit on demand","timestamp":"2026-02-13 22:24:07"}
{"level":"info","message":"✅ Loaded critical model Transaction on demand","timestamp":"2026-02-13 22:24:07"}
{"level":"info","message":"✅ Loaded critical model GLAccount on demand","timestamp":"2026-02-13 22:24:07"}
{"level":"info","message":"✅ Loaded critical model AuditTrail on demand","timestamp":"2026-02-13 22:24:07"}
{"level":"info","message":"✅ Model loader initialized successfully","timestamp":"2026-02-13 22:24:07"}
{"level":"info","message":"📊 Loaded models: sequelize, Op, DataTypes, QueryTypes, User, Customer, CustomerAccount, LoanAccount, LoanRepayment, Deposit, Transaction, GLAccount, AuditTrail","timestamp":"2026-02-13 22:24:07"}
{"level":"info","message":"📊 Model Statistics:","timestamp":"2026-02-13 22:24:07"}
{"level":"info","message":"   Total models loaded: 13","timestamp":"2026-02-13 22:24:07"}
{"level":"info","message":"   CUSTOMER: 2 models","timestamp":"2026-02-13 22:24:07"}
{"level":"info","message":"   LOAN: 2 models","timestamp":"2026-02-13 22:24:07"}
{"level":"info","message":"   DEPOSIT: 1 models","timestamp":"2026-02-13 22:24:07"}
{"level":"info","message":"   TRANSACTION: 1 models","timestamp":"2026-02-13 22:24:07"}
{"level":"info","message":"   USER: 1 models","timestamp":"2026-02-13 22:24:07"}
{"level":"info","message":"   ACCOUNTING: 1 models","timestamp":"2026-02-13 22:24:07"}
{"level":"info","message":"   AUDIT: 1 models","timestamp":"2026-02-13 22:24:07"}
{"level":"info","logDir":"logs","message":"🚀 Winston logger initialized","nodeVersion":"v24.13.0","platform":"win32","timestamp":"2026-02-13 22:23:55"}
{"errors":["Role 28: Permission undefined not found in REPORT","Role 28: Permission undefined not found in REPORT","Role 38: Permission undefined not found in VAULT"],"level":"warn","message":"Permission validation errors","timestamp":"2026-02-13 22:24:01"}
{"errors":["Role 28: Permission undefined not found in REPORT","Role 28: Permission undefined not found in REPORT","Role 38: Permission undefined not found in VAULT"],"level":"warn","message":"Permission validation errors","timestamp":"2026-02-13 22:24:03"}
{"level":"info","message":"Server time initialized (WAT): 2026-02-14T07:24:06.555Z","timestamp":"2026-02-13 22:24:06"}
{"error":"auditLogger.info(...).catch is not a function","level":"warn","message":"Could not log startup audit","timestamp":"2026-02-13 22:24:06"}
{"level":"info","message":"🔧 Auto-initializing models in development mode...","timestamp":"2026-02-13 22:24:07"}
{"level":"info","message":"🚀 Initializing model loader...","timestamp":"2026-02-13 22:24:07"}
{"level":"info","message":"✅ Models loaded via index.js","timestamp":"2026-02-13 22:24:07"}
{"level":"info","message":"✅ Loaded critical model User on demand","timestamp":"2026-02-13 22:24:07"}
{"level":"info","message":"✅ Loaded critical model Customer on demand","timestamp":"2026-02-13 22:24:07"}
{"level":"info","message":"✅ Loaded critical model CustomerAccount on demand","timestamp":"2026-02-13 22:24:07"}
{"level":"info","message":"✅ Loaded critical model LoanAccount on demand","timestamp":"2026-02-13 22:24:07"}
{"level":"info","message":"✅ Loaded critical model LoanRepayment on demand","timestamp":"2026-02-13 22:24:07"}
{"level":"info","message":"✅ Loaded critical model Deposit on demand","timestamp":"2026-02-13 22:24:07"}
{"level":"info","message":"✅ Loaded critical model Transaction on demand","timestamp":"2026-02-13 22:24:07"}
{"level":"info","message":"✅ Loaded critical model GLAccount on demand","timestamp":"2026-02-13 22:24:07"}
{"level":"info","message":"✅ Loaded critical model AuditTrail on demand","timestamp":"2026-02-13 22:24:07"}
{"level":"info","message":"✅ Model loader initialized successfully","timestamp":"2026-02-13 22:24:07"}
{"level":"info","message":"📊 Loaded models: sequelize, Op, DataTypes, QueryTypes, User, Customer, CustomerAccount, LoanAccount, LoanRepayment, Deposit, Transaction, GLAccount, AuditTrail","timestamp":"2026-02-13 22:24:07"}
{"level":"info","message":"📊 Model Statistics:","timestamp":"2026-02-13 22:24:07"}
{"level":"info","message":"   Total models loaded: 13","timestamp":"2026-02-13 22:24:07"}
{"level":"info","message":"   CUSTOMER: 2 models","timestamp":"2026-02-13 22:24:07"}
{"level":"info","message":"   LOAN: 2 models","timestamp":"2026-02-13 22:24:07"}
{"level":"info","message":"   DEPOSIT: 1 models","timestamp":"2026-02-13 22:24:07"}
{"level":"info","message":"   TRANSACTION: 1 models","timestamp":"2026-02-13 22:24:07"}
{"level":"info","message":"   USER: 1 models","timestamp":"2026-02-13 22:24:07"}
{"level":"info","message":"   ACCOUNTING: 1 models","timestamp":"2026-02-13 22:24:07"}
{"level":"info","message":"   AUDIT: 1 models","timestamp":"2026-02-13 22:24:07"}
{"level":"info","logDir":"logs","message":"🚀 Winston logger initialized","nodeVersion":"v24.13.0","platform":"win32","timestamp":"2026-02-13 22:23:55"}
{"errors":["Role 28: Permission undefined not found in REPORT","Role 28: Permission undefined not found in REPORT","Role 38: Permission undefined not found in VAULT"],"level":"warn","message":"Permission validation errors","timestamp":"2026-02-13 22:24:01"}
{"errors":["Role 28: Permission undefined not found in REPORT","Role 28: Permission undefined not found in REPORT","Role 38: Permission undefined not found in VAULT"],"level":"warn","message":"Permission validation errors","timestamp":"2026-02-13 22:24:03"}
{"level":"info","message":"Server time initialized (WAT): 2026-02-14T07:24:06.567Z","timestamp":"2026-02-13 22:24:06"}
{"error":"auditLogger.info(...).catch is not a function","level":"warn","message":"Could not log startup audit","timestamp":"2026-02-13 22:24:06"}
{"level":"info","message":"🔧 Auto-initializing models in development mode...","timestamp":"2026-02-13 22:24:07"}
{"level":"info","message":"🚀 Initializing model loader...","timestamp":"2026-02-13 22:24:07"}
{"level":"info","message":"✅ Models loaded via index.js","timestamp":"2026-02-13 22:24:07"}
{"level":"info","message":"✅ Loaded critical model User on demand","timestamp":"2026-02-13 22:24:07"}
{"level":"info","message":"✅ Loaded critical model Customer on demand","timestamp":"2026-02-13 22:24:07"}
{"level":"info","message":"✅ Loaded critical model CustomerAccount on demand","timestamp":"2026-02-13 22:24:07"}
{"level":"info","message":"✅ Loaded critical model LoanAccount on demand","timestamp":"2026-02-13 22:24:07"}
{"level":"info","message":"✅ Loaded critical model LoanRepayment on demand","timestamp":"2026-02-13 22:24:07"}
{"level":"info","message":"✅ Loaded critical model Deposit on demand","timestamp":"2026-02-13 22:24:07"}
{"level":"info","message":"✅ Loaded critical model Transaction on demand","timestamp":"2026-02-13 22:24:07"}
{"level":"info","message":"✅ Loaded critical model GLAccount on demand","timestamp":"2026-02-13 22:24:07"}
{"level":"info","message":"✅ Loaded critical model AuditTrail on demand","timestamp":"2026-02-13 22:24:07"}
{"level":"info","message":"✅ Model loader initialized successfully","timestamp":"2026-02-13 22:24:07"}
{"level":"info","message":"📊 Loaded models: sequelize, Op, DataTypes, QueryTypes, User, Customer, CustomerAccount, LoanAccount, LoanRepayment, Deposit, Transaction, GLAccount, AuditTrail","timestamp":"2026-02-13 22:24:07"}
{"level":"info","message":"📊 Model Statistics:","timestamp":"2026-02-13 22:24:07"}
{"level":"info","message":"   Total models loaded: 13","timestamp":"2026-02-13 22:24:07"}
{"level":"info","message":"   CUSTOMER: 2 models","timestamp":"2026-02-13 22:24:07"}
{"level":"info","message":"   LOAN: 2 models","timestamp":"2026-02-13 22:24:07"}
{"level":"info","message":"   DEPOSIT: 1 models","timestamp":"2026-02-13 22:24:07"}
{"level":"info","message":"   TRANSACTION: 1 models","timestamp":"2026-02-13 22:24:07"}
{"level":"info","message":"   USER: 1 models","timestamp":"2026-02-13 22:24:07"}
{"level":"info","message":"   ACCOUNTING: 1 models","timestamp":"2026-02-13 22:24:07"}
{"level":"info","message":"   AUDIT: 1 models","timestamp":"2026-02-13 22:24:07"}
{"level":"info","logDir":"logs","message":"🚀 Winston logger initialized","nodeVersion":"v24.13.0","platform":"win32","timestamp":"2026-02-13 22:23:55"}
{"errors":["Role 28: Permission undefined not found in REPORT","Role 28: Permission undefined not found in REPORT","Role 38: Permission undefined not found in VAULT"],"level":"warn","message":"Permission validation errors","timestamp":"2026-02-13 22:24:01"}
{"errors":["Role 28: Permission undefined not found in REPORT","Role 28: Permission undefined not found in REPORT","Role 38: Permission undefined not found in VAULT"],"level":"warn","message":"Permission validation errors","timestamp":"2026-02-13 22:24:03"}
{"level":"info","message":"Server time initialized (WAT): 2026-02-14T07:24:06.580Z","timestamp":"2026-02-13 22:24:06"}
{"error":"auditLogger.info(...).catch is not a function","level":"warn","message":"Could not log startup audit","timestamp":"2026-02-13 22:24:06"}
{"level":"info","message":"🔧 Auto-initializing models in development mode...","timestamp":"2026-02-13 22:24:07"}
{"level":"info","message":"🚀 Initializing model loader...","timestamp":"2026-02-13 22:24:07"}
{"level":"info","message":"✅ Models loaded via index.js","timestamp":"2026-02-13 22:24:07"}
{"level":"info","message":"✅ Loaded critical model User on demand","timestamp":"2026-02-13 22:24:07"}
{"level":"info","message":"✅ Loaded critical model Customer on demand","timestamp":"2026-02-13 22:24:07"}
{"level":"info","message":"✅ Loaded critical model CustomerAccount on demand","timestamp":"2026-02-13 22:24:07"}
{"level":"info","message":"✅ Loaded critical model LoanAccount on demand","timestamp":"2026-02-13 22:24:07"}
{"level":"info","message":"✅ Loaded critical model LoanRepayment on demand","timestamp":"2026-02-13 22:24:07"}
{"level":"info","message":"✅ Loaded critical model Deposit on demand","timestamp":"2026-02-13 22:24:07"}
{"level":"info","message":"✅ Loaded critical model Transaction on demand","timestamp":"2026-02-13 22:24:07"}
{"level":"info","message":"✅ Loaded critical model GLAccount on demand","timestamp":"2026-02-13 22:24:07"}
{"level":"info","message":"✅ Loaded critical model AuditTrail on demand","timestamp":"2026-02-13 22:24:07"}
{"level":"info","message":"✅ Model loader initialized successfully","timestamp":"2026-02-13 22:24:07"}
{"level":"info","message":"📊 Loaded models: sequelize, Op, DataTypes, QueryTypes, User, Customer, CustomerAccount, LoanAccount, LoanRepayment, Deposit, Transaction, GLAccount, AuditTrail","timestamp":"2026-02-13 22:24:07"}
{"level":"info","message":"📊 Model Statistics:","timestamp":"2026-02-13 22:24:07"}
{"level":"info","message":"   Total models loaded: 13","timestamp":"2026-02-13 22:24:07"}
{"level":"info","message":"   CUSTOMER: 2 models","timestamp":"2026-02-13 22:24:07"}
{"level":"info","message":"   LOAN: 2 models","timestamp":"2026-02-13 22:24:07"}
{"level":"info","message":"   DEPOSIT: 1 models","timestamp":"2026-02-13 22:24:07"}
{"level":"info","message":"   TRANSACTION: 1 models","timestamp":"2026-02-13 22:24:07"}
{"level":"info","message":"   USER: 1 models","timestamp":"2026-02-13 22:24:07"}
{"level":"info","message":"   ACCOUNTING: 1 models","timestamp":"2026-02-13 22:24:07"}
{"level":"info","message":"   AUDIT: 1 models","timestamp":"2026-02-13 22:24:07"}
{"level":"info","logDir":"logs","message":"🚀 Winston logger initialized","nodeVersion":"v24.13.0","platform":"win32","timestamp":"2026-02-13 22:25:35"}
{"errors":["Role 28: Permission undefined not found in REPORT","Role 28: Permission undefined not found in REPORT","Role 38: Permission undefined not found in VAULT"],"level":"warn","message":"Permission validation errors","timestamp":"2026-02-13 22:25:39"}
{"errors":["Role 28: Permission undefined not found in REPORT","Role 28: Permission undefined not found in REPORT","Role 38: Permission undefined not found in VAULT"],"level":"warn","message":"Permission validation errors","timestamp":"2026-02-13 22:25:40"}
{"level":"info","message":"Server time initialized (WAT): 2026-02-14T07:25:43.322Z","timestamp":"2026-02-13 22:25:43"}
{"error":"auditLogger.info(...).catch is not a function","level":"warn","message":"Could not log startup audit","timestamp":"2026-02-13 22:25:43"}
{"level":"info","message":"🔧 Auto-initializing models in development mode...","timestamp":"2026-02-13 22:25:43"}
{"level":"info","message":"🚀 Initializing model loader...","timestamp":"2026-02-13 22:25:43"}
{"level":"info","message":"✅ Models loaded via index.js","timestamp":"2026-02-13 22:25:43"}
{"level":"info","message":"✅ Loaded critical model User on demand","timestamp":"2026-02-13 22:25:43"}
{"level":"info","message":"✅ Loaded critical model Customer on demand","timestamp":"2026-02-13 22:25:43"}
{"level":"info","message":"✅ Loaded critical model CustomerAccount on demand","timestamp":"2026-02-13 22:25:43"}
{"level":"info","message":"✅ Loaded critical model LoanAccount on demand","timestamp":"2026-02-13 22:25:43"}
{"level":"info","message":"✅ Loaded critical model LoanRepayment on demand","timestamp":"2026-02-13 22:25:43"}
{"level":"info","message":"✅ Loaded critical model Deposit on demand","timestamp":"2026-02-13 22:25:43"}
{"level":"info","message":"✅ Loaded critical model Transaction on demand","timestamp":"2026-02-13 22:25:43"}
{"level":"info","message":"✅ Loaded critical model GLAccount on demand","timestamp":"2026-02-13 22:25:43"}
{"level":"info","message":"✅ Loaded critical model AuditTrail on demand","timestamp":"2026-02-13 22:25:43"}
{"level":"info","message":"✅ Model loader initialized successfully","timestamp":"2026-02-13 22:25:43"}
{"level":"info","message":"📊 Loaded models: sequelize, Op, DataTypes, QueryTypes, User, Customer, CustomerAccount, LoanAccount, LoanRepayment, Deposit, Transaction, GLAccount, AuditTrail","timestamp":"2026-02-13 22:25:43"}
{"level":"info","message":"📊 Model Statistics:","timestamp":"2026-02-13 22:25:43"}
{"level":"info","message":"   Total models loaded: 13","timestamp":"2026-02-13 22:25:43"}
{"level":"info","message":"   CUSTOMER: 2 models","timestamp":"2026-02-13 22:25:43"}
{"level":"info","message":"   LOAN: 2 models","timestamp":"2026-02-13 22:25:43"}
{"level":"info","message":"   DEPOSIT: 1 models","timestamp":"2026-02-13 22:25:43"}
{"level":"info","message":"   TRANSACTION: 1 models","timestamp":"2026-02-13 22:25:43"}
{"level":"info","message":"   USER: 1 models","timestamp":"2026-02-13 22:25:43"}
{"level":"info","message":"   ACCOUNTING: 1 models","timestamp":"2026-02-13 22:25:43"}
{"level":"info","message":"   AUDIT: 1 models","timestamp":"2026-02-13 22:25:43"}
{"level":"info","logDir":"logs","message":"🚀 Winston logger initialized","nodeVersion":"v24.13.0","platform":"win32","timestamp":"2026-02-13 22:25:35"}
{"errors":["Role 28: Permission undefined not found in REPORT","Role 28: Permission undefined not found in REPORT","Role 38: Permission undefined not found in VAULT"],"level":"warn","message":"Permission validation errors","timestamp":"2026-02-13 22:25:39"}
{"errors":["Role 28: Permission undefined not found in REPORT","Role 28: Permission undefined not found in REPORT","Role 38: Permission undefined not found in VAULT"],"level":"warn","message":"Permission validation errors","timestamp":"2026-02-13 22:25:40"}
{"level":"info","message":"Server time initialized (WAT): 2026-02-14T07:25:43.301Z","timestamp":"2026-02-13 22:25:43"}
{"error":"auditLogger.info(...).catch is not a function","level":"warn","message":"Could not log startup audit","timestamp":"2026-02-13 22:25:43"}
{"level":"info","message":"🔧 Auto-initializing models in development mode...","timestamp":"2026-02-13 22:25:43"}
{"level":"info","message":"🚀 Initializing model loader...","timestamp":"2026-02-13 22:25:43"}
{"level":"info","message":"✅ Models loaded via index.js","timestamp":"2026-02-13 22:25:43"}
{"level":"info","message":"✅ Loaded critical model User on demand","timestamp":"2026-02-13 22:25:43"}
{"level":"info","message":"✅ Loaded critical model Customer on demand","timestamp":"2026-02-13 22:25:43"}
{"level":"info","message":"✅ Loaded critical model CustomerAccount on demand","timestamp":"2026-02-13 22:25:43"}
{"level":"info","message":"✅ Loaded critical model LoanAccount on demand","timestamp":"2026-02-13 22:25:43"}
{"level":"info","message":"✅ Loaded critical model LoanRepayment on demand","timestamp":"2026-02-13 22:25:43"}
{"level":"info","message":"✅ Loaded critical model Deposit on demand","timestamp":"2026-02-13 22:25:43"}
{"level":"info","message":"✅ Loaded critical model Transaction on demand","timestamp":"2026-02-13 22:25:43"}
{"level":"info","message":"✅ Loaded critical model GLAccount on demand","timestamp":"2026-02-13 22:25:43"}
{"level":"info","message":"✅ Loaded critical model AuditTrail on demand","timestamp":"2026-02-13 22:25:43"}
{"level":"info","message":"✅ Model loader initialized successfully","timestamp":"2026-02-13 22:25:43"}
{"level":"info","message":"📊 Loaded models: sequelize, Op, DataTypes, QueryTypes, User, Customer, CustomerAccount, LoanAccount, LoanRepayment, Deposit, Transaction, GLAccount, AuditTrail","timestamp":"2026-02-13 22:25:43"}
{"level":"info","message":"📊 Model Statistics:","timestamp":"2026-02-13 22:25:43"}
{"level":"info","message":"   Total models loaded: 13","timestamp":"2026-02-13 22:25:43"}
{"level":"info","message":"   CUSTOMER: 2 models","timestamp":"2026-02-13 22:25:43"}
{"level":"info","message":"   LOAN: 2 models","timestamp":"2026-02-13 22:25:43"}
{"level":"info","message":"   DEPOSIT: 1 models","timestamp":"2026-02-13 22:25:43"}
{"level":"info","message":"   TRANSACTION: 1 models","timestamp":"2026-02-13 22:25:43"}
{"level":"info","message":"   USER: 1 models","timestamp":"2026-02-13 22:25:43"}
{"level":"info","message":"   ACCOUNTING: 1 models","timestamp":"2026-02-13 22:25:43"}
{"level":"info","message":"   AUDIT: 1 models","timestamp":"2026-02-13 22:25:43"}
{"level":"info","logDir":"logs","message":"🚀 Winston logger initialized","nodeVersion":"v24.13.0","platform":"win32","timestamp":"2026-02-13 22:25:35"}
{"errors":["Role 28: Permission undefined not found in REPORT","Role 28: Permission undefined not found in REPORT","Role 38: Permission undefined not found in VAULT"],"level":"warn","message":"Permission validation errors","timestamp":"2026-02-13 22:25:39"}
{"errors":["Role 28: Permission undefined not found in REPORT","Role 28: Permission undefined not found in REPORT","Role 38: Permission undefined not found in VAULT"],"level":"warn","message":"Permission validation errors","timestamp":"2026-02-13 22:25:40"}
{"level":"info","message":"Server time initialized (WAT): 2026-02-14T07:25:43.289Z","timestamp":"2026-02-13 22:25:43"}
{"error":"auditLogger.info(...).catch is not a function","level":"warn","message":"Could not log startup audit","timestamp":"2026-02-13 22:25:43"}
{"level":"info","message":"🔧 Auto-initializing models in development mode...","timestamp":"2026-02-13 22:25:43"}
{"level":"info","message":"🚀 Initializing model loader...","timestamp":"2026-02-13 22:25:43"}
{"level":"info","message":"✅ Models loaded via index.js","timestamp":"2026-02-13 22:25:43"}
{"level":"info","message":"✅ Loaded critical model User on demand","timestamp":"2026-02-13 22:25:43"}
{"level":"info","message":"✅ Loaded critical model Customer on demand","timestamp":"2026-02-13 22:25:43"}
{"level":"info","message":"✅ Loaded critical model CustomerAccount on demand","timestamp":"2026-02-13 22:25:43"}
{"level":"info","message":"✅ Loaded critical model LoanAccount on demand","timestamp":"2026-02-13 22:25:43"}
{"level":"info","message":"✅ Loaded critical model LoanRepayment on demand","timestamp":"2026-02-13 22:25:43"}
{"level":"info","message":"✅ Loaded critical model Deposit on demand","timestamp":"2026-02-13 22:25:43"}
{"level":"info","message":"✅ Loaded critical model Transaction on demand","timestamp":"2026-02-13 22:25:43"}
{"level":"info","message":"✅ Loaded critical model GLAccount on demand","timestamp":"2026-02-13 22:25:43"}
{"level":"info","message":"✅ Loaded critical model AuditTrail on demand","timestamp":"2026-02-13 22:25:43"}
{"level":"info","message":"✅ Model loader initialized successfully","timestamp":"2026-02-13 22:25:43"}
{"level":"info","message":"📊 Loaded models: sequelize, Op, DataTypes, QueryTypes, User, Customer, CustomerAccount, LoanAccount, LoanRepayment, Deposit, Transaction, GLAccount, AuditTrail","timestamp":"2026-02-13 22:25:43"}
{"level":"info","message":"📊 Model Statistics:","timestamp":"2026-02-13 22:25:43"}
{"level":"info","message":"   Total models loaded: 13","timestamp":"2026-02-13 22:25:43"}
{"level":"info","message":"   CUSTOMER: 2 models","timestamp":"2026-02-13 22:25:43"}
{"level":"info","message":"   LOAN: 2 models","timestamp":"2026-02-13 22:25:43"}
{"level":"info","message":"   DEPOSIT: 1 models","timestamp":"2026-02-13 22:25:43"}
{"level":"info","message":"   TRANSACTION: 1 models","timestamp":"2026-02-13 22:25:43"}
{"level":"info","message":"   USER: 1 models","timestamp":"2026-02-13 22:25:43"}
{"level":"info","message":"   ACCOUNTING: 1 models","timestamp":"2026-02-13 22:25:43"}
{"level":"info","message":"   AUDIT: 1 models","timestamp":"2026-02-13 22:25:43"}
{"level":"info","logDir":"logs","message":"🚀 Winston logger initialized","nodeVersion":"v24.13.0","platform":"win32","timestamp":"2026-02-13 22:25:35"}
{"errors":["Role 28: Permission undefined not found in REPORT","Role 28: Permission undefined not found in REPORT","Role 38: Permission undefined not found in VAULT"],"level":"warn","message":"Permission validation errors","timestamp":"2026-02-13 22:25:39"}
{"errors":["Role 28: Permission undefined not found in REPORT","Role 28: Permission undefined not found in REPORT","Role 38: Permission undefined not found in VAULT"],"level":"warn","message":"Permission validation errors","timestamp":"2026-02-13 22:25:40"}
{"level":"info","message":"Server time initialized (WAT): 2026-02-14T07:25:43.347Z","timestamp":"2026-02-13 22:25:43"}
{"error":"auditLogger.info(...).catch is not a function","level":"warn","message":"Could not log startup audit","timestamp":"2026-02-13 22:25:43"}
{"level":"info","message":"🔧 Auto-initializing models in development mode...","timestamp":"2026-02-13 22:25:43"}
{"level":"info","message":"🚀 Initializing model loader...","timestamp":"2026-02-13 22:25:43"}
{"level":"info","message":"✅ Models loaded via index.js","timestamp":"2026-02-13 22:25:43"}
{"level":"info","message":"✅ Loaded critical model User on demand","timestamp":"2026-02-13 22:25:43"}
{"level":"info","message":"✅ Loaded critical model Customer on demand","timestamp":"2026-02-13 22:25:43"}
{"level":"info","message":"✅ Loaded critical model CustomerAccount on demand","timestamp":"2026-02-13 22:25:43"}
{"level":"info","message":"✅ Loaded critical model LoanAccount on demand","timestamp":"2026-02-13 22:25:43"}
{"level":"info","message":"✅ Loaded critical model LoanRepayment on demand","timestamp":"2026-02-13 22:25:43"}
{"level":"info","message":"✅ Loaded critical model Deposit on demand","timestamp":"2026-02-13 22:25:43"}
{"level":"info","message":"✅ Loaded critical model Transaction on demand","timestamp":"2026-02-13 22:25:43"}
{"level":"info","message":"✅ Loaded critical model GLAccount on demand","timestamp":"2026-02-13 22:25:43"}
{"level":"info","message":"✅ Loaded critical model AuditTrail on demand","timestamp":"2026-02-13 22:25:43"}
{"level":"info","message":"✅ Model loader initialized successfully","timestamp":"2026-02-13 22:25:43"}
{"level":"info","message":"📊 Loaded models: sequelize, Op, DataTypes, QueryTypes, User, Customer, CustomerAccount, LoanAccount, LoanRepayment, Deposit, Transaction, GLAccount, AuditTrail","timestamp":"2026-02-13 22:25:43"}
{"level":"info","message":"📊 Model Statistics:","timestamp":"2026-02-13 22:25:43"}
{"level":"info","message":"   Total models loaded: 13","timestamp":"2026-02-13 22:25:43"}
{"level":"info","message":"   CUSTOMER: 2 models","timestamp":"2026-02-13 22:25:43"}
{"level":"info","message":"   LOAN: 2 models","timestamp":"2026-02-13 22:25:43"}
{"level":"info","message":"   DEPOSIT: 1 models","timestamp":"2026-02-13 22:25:43"}
{"level":"info","message":"   TRANSACTION: 1 models","timestamp":"2026-02-13 22:25:43"}
{"level":"info","message":"   USER: 1 models","timestamp":"2026-02-13 22:25:43"}
{"level":"info","message":"   ACCOUNTING: 1 models","timestamp":"2026-02-13 22:25:43"}
{"level":"info","message":"   AUDIT: 1 models","timestamp":"2026-02-13 22:25:43"}
{"level":"info","logDir":"logs","message":"🚀 Winston logger initialized","nodeVersion":"v24.13.0","platform":"win32","timestamp":"2026-02-13 22:27:22"}
{"errors":["Role 28: Permission undefined not found in REPORT","Role 28: Permission undefined not found in REPORT","Role 38: Permission undefined not found in VAULT"],"level":"warn","message":"Permission validation errors","timestamp":"2026-02-13 22:27:26"}
{"errors":["Role 28: Permission undefined not found in REPORT","Role 28: Permission undefined not found in REPORT","Role 38: Permission undefined not found in VAULT"],"level":"warn","message":"Permission validation errors","timestamp":"2026-02-13 22:27:27"}
{"level":"info","message":"Server time initialized (WAT): 2026-02-14T07:27:29.664Z","timestamp":"2026-02-13 22:27:29"}
{"error":"auditLogger.info(...).catch is not a function","level":"warn","message":"Could not log startup audit","timestamp":"2026-02-13 22:27:29"}
{"level":"info","message":"🔧 Auto-initializing models in development mode...","timestamp":"2026-02-13 22:27:29"}
{"level":"info","message":"🚀 Initializing model loader...","timestamp":"2026-02-13 22:27:29"}
{"level":"info","message":"✅ Models loaded via index.js","timestamp":"2026-02-13 22:27:29"}
{"level":"info","message":"✅ Loaded critical model User on demand","timestamp":"2026-02-13 22:27:29"}
{"level":"info","message":"✅ Loaded critical model Customer on demand","timestamp":"2026-02-13 22:27:29"}
{"level":"info","message":"✅ Loaded critical model CustomerAccount on demand","timestamp":"2026-02-13 22:27:30"}
{"level":"info","message":"✅ Loaded critical model LoanAccount on demand","timestamp":"2026-02-13 22:27:30"}
{"level":"info","message":"✅ Loaded critical model LoanRepayment on demand","timestamp":"2026-02-13 22:27:30"}
{"level":"info","message":"✅ Loaded critical model Deposit on demand","timestamp":"2026-02-13 22:27:30"}
{"level":"info","message":"✅ Loaded critical model Transaction on demand","timestamp":"2026-02-13 22:27:30"}
{"level":"info","message":"✅ Loaded critical model GLAccount on demand","timestamp":"2026-02-13 22:27:30"}
{"level":"info","message":"✅ Loaded critical model AuditTrail on demand","timestamp":"2026-02-13 22:27:30"}
{"level":"info","message":"✅ Model loader initialized successfully","timestamp":"2026-02-13 22:27:30"}
{"level":"info","message":"📊 Loaded models: sequelize, Op, DataTypes, QueryTypes, User, Customer, CustomerAccount, LoanAccount, LoanRepayment, Deposit, Transaction, GLAccount, AuditTrail","timestamp":"2026-02-13 22:27:30"}
{"level":"info","message":"📊 Model Statistics:","timestamp":"2026-02-13 22:27:30"}
{"level":"info","message":"   Total models loaded: 13","timestamp":"2026-02-13 22:27:30"}
{"level":"info","message":"   CUSTOMER: 2 models","timestamp":"2026-02-13 22:27:30"}
{"level":"info","message":"   LOAN: 2 models","timestamp":"2026-02-13 22:27:30"}
{"level":"info","message":"   DEPOSIT: 1 models","timestamp":"2026-02-13 22:27:30"}
{"level":"info","message":"   TRANSACTION: 1 models","timestamp":"2026-02-13 22:27:30"}
{"level":"info","message":"   USER: 1 models","timestamp":"2026-02-13 22:27:30"}
{"level":"info","message":"   ACCOUNTING: 1 models","timestamp":"2026-02-13 22:27:30"}
{"level":"info","message":"   AUDIT: 1 models","timestamp":"2026-02-13 22:27:30"}
{"level":"info","logDir":"logs","message":"🚀 Winston logger initialized","nodeVersion":"v24.13.0","platform":"win32","timestamp":"2026-02-13 22:27:22"}
{"errors":["Role 28: Permission undefined not found in REPORT","Role 28: Permission undefined not found in REPORT","Role 38: Permission undefined not found in VAULT"],"level":"warn","message":"Permission validation errors","timestamp":"2026-02-13 22:27:26"}
{"errors":["Role 28: Permission undefined not found in REPORT","Role 28: Permission undefined not found in REPORT","Role 38: Permission undefined not found in VAULT"],"level":"warn","message":"Permission validation errors","timestamp":"2026-02-13 22:27:27"}
{"level":"info","message":"Server time initialized (WAT): 2026-02-14T07:27:29.664Z","timestamp":"2026-02-13 22:27:29"}
{"error":"auditLogger.info(...).catch is not a function","level":"warn","message":"Could not log startup audit","timestamp":"2026-02-13 22:27:29"}
{"level":"info","message":"🔧 Auto-initializing models in development mode...","timestamp":"2026-02-13 22:27:29"}
{"level":"info","message":"🚀 Initializing model loader...","timestamp":"2026-02-13 22:27:29"}
{"level":"info","message":"✅ Models loaded via index.js","timestamp":"2026-02-13 22:27:29"}
{"level":"info","message":"✅ Loaded critical model User on demand","timestamp":"2026-02-13 22:27:29"}
{"level":"info","message":"✅ Loaded critical model Customer on demand","timestamp":"2026-02-13 22:27:30"}
{"level":"info","message":"✅ Loaded critical model CustomerAccount on demand","timestamp":"2026-02-13 22:27:30"}
{"level":"info","message":"✅ Loaded critical model LoanAccount on demand","timestamp":"2026-02-13 22:27:30"}
{"level":"info","message":"✅ Loaded critical model LoanRepayment on demand","timestamp":"2026-02-13 22:27:30"}
{"level":"info","message":"✅ Loaded critical model Deposit on demand","timestamp":"2026-02-13 22:27:30"}
{"level":"info","message":"✅ Loaded critical model Transaction on demand","timestamp":"2026-02-13 22:27:30"}
{"level":"info","message":"✅ Loaded critical model GLAccount on demand","timestamp":"2026-02-13 22:27:30"}
{"level":"info","message":"✅ Loaded critical model AuditTrail on demand","timestamp":"2026-02-13 22:27:30"}
{"level":"info","message":"✅ Model loader initialized successfully","timestamp":"2026-02-13 22:27:30"}
{"level":"info","message":"📊 Loaded models: sequelize, Op, DataTypes, QueryTypes, User, Customer, CustomerAccount, LoanAccount, LoanRepayment, Deposit, Transaction, GLAccount, AuditTrail","timestamp":"2026-02-13 22:27:30"}
{"level":"info","message":"📊 Model Statistics:","timestamp":"2026-02-13 22:27:30"}
{"level":"info","message":"   Total models loaded: 13","timestamp":"2026-02-13 22:27:30"}
{"level":"info","message":"   CUSTOMER: 2 models","timestamp":"2026-02-13 22:27:30"}
{"level":"info","message":"   LOAN: 2 models","timestamp":"2026-02-13 22:27:30"}
{"level":"info","message":"   DEPOSIT: 1 models","timestamp":"2026-02-13 22:27:30"}
{"level":"info","message":"   TRANSACTION: 1 models","timestamp":"2026-02-13 22:27:30"}
{"level":"info","message":"   USER: 1 models","timestamp":"2026-02-13 22:27:30"}
{"level":"info","message":"   ACCOUNTING: 1 models","timestamp":"2026-02-13 22:27:30"}
{"level":"info","message":"   AUDIT: 1 models","timestamp":"2026-02-13 22:27:30"}
{"level":"info","logDir":"logs","message":"🚀 Winston logger initialized","nodeVersion":"v24.13.0","platform":"win32","timestamp":"2026-02-13 22:27:22"}
{"errors":["Role 28: Permission undefined not found in REPORT","Role 28: Permission undefined not found in REPORT","Role 38: Permission undefined not found in VAULT"],"level":"warn","message":"Permission validation errors","timestamp":"2026-02-13 22:27:26"}
{"errors":["Role 28: Permission undefined not found in REPORT","Role 28: Permission undefined not found in REPORT","Role 38: Permission undefined not found in VAULT"],"level":"warn","message":"Permission validation errors","timestamp":"2026-02-13 22:27:27"}
{"level":"info","message":"Server time initialized (WAT): 2026-02-14T07:27:29.652Z","timestamp":"2026-02-13 22:27:29"}
{"error":"auditLogger.info(...).catch is not a function","level":"warn","message":"Could not log startup audit","timestamp":"2026-02-13 22:27:29"}
{"level":"info","message":"🔧 Auto-initializing models in development mode...","timestamp":"2026-02-13 22:27:29"}
{"level":"info","message":"🚀 Initializing model loader...","timestamp":"2026-02-13 22:27:29"}
{"level":"info","message":"✅ Models loaded via index.js","timestamp":"2026-02-13 22:27:29"}
{"level":"info","message":"✅ Loaded critical model User on demand","timestamp":"2026-02-13 22:27:30"}
{"level":"info","message":"✅ Loaded critical model Customer on demand","timestamp":"2026-02-13 22:27:30"}
{"level":"info","message":"✅ Loaded critical model CustomerAccount on demand","timestamp":"2026-02-13 22:27:30"}
{"level":"info","message":"✅ Loaded critical model LoanAccount on demand","timestamp":"2026-02-13 22:27:30"}
{"level":"info","message":"✅ Loaded critical model LoanRepayment on demand","timestamp":"2026-02-13 22:27:30"}
{"level":"info","message":"✅ Loaded critical model Deposit on demand","timestamp":"2026-02-13 22:27:30"}
{"level":"info","message":"✅ Loaded critical model Transaction on demand","timestamp":"2026-02-13 22:27:30"}
{"level":"info","message":"✅ Loaded critical model GLAccount on demand","timestamp":"2026-02-13 22:27:30"}
{"level":"info","message":"✅ Loaded critical model AuditTrail on demand","timestamp":"2026-02-13 22:27:30"}
{"level":"info","message":"✅ Model loader initialized successfully","timestamp":"2026-02-13 22:27:30"}
{"level":"info","message":"📊 Loaded models: sequelize, Op, DataTypes, QueryTypes, User, Customer, CustomerAccount, LoanAccount, LoanRepayment, Deposit, Transaction, GLAccount, AuditTrail","timestamp":"2026-02-13 22:27:30"}
{"level":"info","message":"📊 Model Statistics:","timestamp":"2026-02-13 22:27:30"}
{"level":"info","message":"   Total models loaded: 13","timestamp":"2026-02-13 22:27:30"}
{"level":"info","message":"   CUSTOMER: 2 models","timestamp":"2026-02-13 22:27:30"}
{"level":"info","message":"   LOAN: 2 models","timestamp":"2026-02-13 22:27:30"}
{"level":"info","message":"   DEPOSIT: 1 models","timestamp":"2026-02-13 22:27:30"}
{"level":"info","message":"   TRANSACTION: 1 models","timestamp":"2026-02-13 22:27:30"}
{"level":"info","message":"   USER: 1 models","timestamp":"2026-02-13 22:27:30"}
{"level":"info","message":"   ACCOUNTING: 1 models","timestamp":"2026-02-13 22:27:30"}
{"level":"info","message":"   AUDIT: 1 models","timestamp":"2026-02-13 22:27:30"}
{"level":"info","logDir":"logs","message":"🚀 Winston logger initialized","nodeVersion":"v24.13.0","platform":"win32","timestamp":"2026-02-13 22:27:22"}
{"errors":["Role 28: Permission undefined not found in REPORT","Role 28: Permission undefined not found in REPORT","Role 38: Permission undefined not found in VAULT"],"level":"warn","message":"Permission validation errors","timestamp":"2026-02-13 22:27:26"}
{"errors":["Role 28: Permission undefined not found in REPORT","Role 28: Permission undefined not found in REPORT","Role 38: Permission undefined not found in VAULT"],"level":"warn","message":"Permission validation errors","timestamp":"2026-02-13 22:27:27"}
{"level":"info","message":"Server time initialized (WAT): 2026-02-14T07:27:29.682Z","timestamp":"2026-02-13 22:27:29"}
{"error":"auditLogger.info(...).catch is not a function","level":"warn","message":"Could not log startup audit","timestamp":"2026-02-13 22:27:29"}
{"level":"info","message":"🔧 Auto-initializing models in development mode...","timestamp":"2026-02-13 22:27:30"}
{"level":"info","message":"🚀 Initializing model loader...","timestamp":"2026-02-13 22:27:30"}
{"level":"info","message":"✅ Models loaded via index.js","timestamp":"2026-02-13 22:27:30"}
{"level":"info","message":"✅ Loaded critical model User on demand","timestamp":"2026-02-13 22:27:30"}
{"level":"info","message":"✅ Loaded critical model Customer on demand","timestamp":"2026-02-13 22:27:30"}
{"level":"info","message":"✅ Loaded critical model CustomerAccount on demand","timestamp":"2026-02-13 22:27:30"}
{"level":"info","message":"✅ Loaded critical model LoanAccount on demand","timestamp":"2026-02-13 22:27:30"}
{"level":"info","message":"✅ Loaded critical model LoanRepayment on demand","timestamp":"2026-02-13 22:27:30"}
{"level":"info","message":"✅ Loaded critical model Deposit on demand","timestamp":"2026-02-13 22:27:30"}
{"level":"info","message":"✅ Loaded critical model Transaction on demand","timestamp":"2026-02-13 22:27:30"}
{"level":"info","message":"✅ Loaded critical model GLAccount on demand","timestamp":"2026-02-13 22:27:30"}
{"level":"info","message":"✅ Loaded critical model AuditTrail on demand","timestamp":"2026-02-13 22:27:30"}
{"level":"info","message":"✅ Model loader initialized successfully","timestamp":"2026-02-13 22:27:30"}
{"level":"info","message":"📊 Loaded models: sequelize, Op, DataTypes, QueryTypes, User, Customer, CustomerAccount, LoanAccount, LoanRepayment, Deposit, Transaction, GLAccount, AuditTrail","timestamp":"2026-02-13 22:27:30"}
{"level":"info","message":"📊 Model Statistics:","timestamp":"2026-02-13 22:27:30"}
{"level":"info","message":"   Total models loaded: 13","timestamp":"2026-02-13 22:27:30"}
{"level":"info","message":"   CUSTOMER: 2 models","timestamp":"2026-02-13 22:27:30"}
{"level":"info","message":"   LOAN: 2 models","timestamp":"2026-02-13 22:27:30"}
{"level":"info","message":"   DEPOSIT: 1 models","timestamp":"2026-02-13 22:27:30"}
{"level":"info","message":"   TRANSACTION: 1 models","timestamp":"2026-02-13 22:27:30"}
{"level":"info","message":"   USER: 1 models","timestamp":"2026-02-13 22:27:30"}
{"level":"info","message":"   ACCOUNTING: 1 models","timestamp":"2026-02-13 22:27:30"}
{"level":"info","message":"   AUDIT: 1 models","timestamp":"2026-02-13 22:27:30"}
{"level":"info","logDir":"logs","message":"🚀 Winston logger initialized","nodeVersion":"v24.13.0","platform":"win32","timestamp":"2026-02-13 22:29:11"}
{"errors":["Role 28: Permission undefined not found in REPORT","Role 28: Permission undefined not found in REPORT","Role 38: Permission undefined not found in VAULT"],"level":"warn","message":"Permission validation errors","timestamp":"2026-02-13 22:29:15"}
{"errors":["Role 28: Permission undefined not found in REPORT","Role 28: Permission undefined not found in REPORT","Role 38: Permission undefined not found in VAULT"],"level":"warn","message":"Permission validation errors","timestamp":"2026-02-13 22:29:16"}
{"level":"info","message":"Server time initialized (WAT): 2026-02-14T07:29:19.441Z","timestamp":"2026-02-13 22:29:19"}
{"error":"auditLogger.info(...).catch is not a function","level":"warn","message":"Could not log startup audit","timestamp":"2026-02-13 22:29:19"}
{"level":"info","message":"🔧 Auto-initializing models in development mode...","timestamp":"2026-02-13 22:29:19"}
{"level":"info","message":"🚀 Initializing model loader...","timestamp":"2026-02-13 22:29:19"}
{"level":"info","message":"✅ Models loaded via index.js","timestamp":"2026-02-13 22:29:19"}
{"level":"info","message":"✅ Loaded critical model User on demand","timestamp":"2026-02-13 22:29:19"}
{"level":"info","message":"✅ Loaded critical model Customer on demand","timestamp":"2026-02-13 22:29:19"}
{"level":"info","message":"✅ Loaded critical model CustomerAccount on demand","timestamp":"2026-02-13 22:29:19"}
{"level":"info","message":"✅ Loaded critical model LoanAccount on demand","timestamp":"2026-02-13 22:29:19"}
{"level":"info","message":"✅ Loaded critical model LoanRepayment on demand","timestamp":"2026-02-13 22:29:19"}
{"level":"info","message":"✅ Loaded critical model Deposit on demand","timestamp":"2026-02-13 22:29:19"}
{"level":"info","message":"✅ Loaded critical model Transaction on demand","timestamp":"2026-02-13 22:29:19"}
{"level":"info","message":"✅ Loaded critical model GLAccount on demand","timestamp":"2026-02-13 22:29:19"}
{"level":"info","message":"✅ Loaded critical model AuditTrail on demand","timestamp":"2026-02-13 22:29:19"}
{"level":"info","message":"✅ Model loader initialized successfully","timestamp":"2026-02-13 22:29:19"}
{"level":"info","message":"📊 Loaded models: sequelize, Op, DataTypes, QueryTypes, User, Customer, CustomerAccount, LoanAccount, LoanRepayment, Deposit, Transaction, GLAccount, AuditTrail","timestamp":"2026-02-13 22:29:19"}
{"level":"info","message":"📊 Model Statistics:","timestamp":"2026-02-13 22:29:19"}
{"level":"info","message":"   Total models loaded: 13","timestamp":"2026-02-13 22:29:19"}
{"level":"info","message":"   CUSTOMER: 2 models","timestamp":"2026-02-13 22:29:19"}
{"level":"info","message":"   LOAN: 2 models","timestamp":"2026-02-13 22:29:19"}
{"level":"info","message":"   DEPOSIT: 1 models","timestamp":"2026-02-13 22:29:19"}
{"level":"info","message":"   TRANSACTION: 1 models","timestamp":"2026-02-13 22:29:19"}
{"level":"info","message":"   USER: 1 models","timestamp":"2026-02-13 22:29:19"}
{"level":"info","message":"   ACCOUNTING: 1 models","timestamp":"2026-02-13 22:29:19"}
{"level":"info","message":"   AUDIT: 1 models","timestamp":"2026-02-13 22:29:19"}
{"level":"info","logDir":"logs","message":"🚀 Winston logger initialized","nodeVersion":"v24.13.0","platform":"win32","timestamp":"2026-02-13 22:29:11"}
{"errors":["Role 28: Permission undefined not found in REPORT","Role 28: Permission undefined not found in REPORT","Role 38: Permission undefined not found in VAULT"],"level":"warn","message":"Permission validation errors","timestamp":"2026-02-13 22:29:15"}
{"errors":["Role 28: Permission undefined not found in REPORT","Role 28: Permission undefined not found in REPORT","Role 38: Permission undefined not found in VAULT"],"level":"warn","message":"Permission validation errors","timestamp":"2026-02-13 22:29:16"}
{"level":"info","message":"Server time initialized (WAT): 2026-02-14T07:29:19.438Z","timestamp":"2026-02-13 22:29:19"}
{"error":"auditLogger.info(...).catch is not a function","level":"warn","message":"Could not log startup audit","timestamp":"2026-02-13 22:29:19"}
{"level":"info","message":"🔧 Auto-initializing models in development mode...","timestamp":"2026-02-13 22:29:19"}
{"level":"info","message":"🚀 Initializing model loader...","timestamp":"2026-02-13 22:29:19"}
{"level":"info","message":"✅ Models loaded via index.js","timestamp":"2026-02-13 22:29:19"}
{"level":"info","message":"✅ Loaded critical model User on demand","timestamp":"2026-02-13 22:29:19"}
{"level":"info","message":"✅ Loaded critical model Customer on demand","timestamp":"2026-02-13 22:29:19"}
{"level":"info","message":"✅ Loaded critical model CustomerAccount on demand","timestamp":"2026-02-13 22:29:19"}
{"level":"info","message":"✅ Loaded critical model LoanAccount on demand","timestamp":"2026-02-13 22:29:19"}
{"level":"info","message":"✅ Loaded critical model LoanRepayment on demand","timestamp":"2026-02-13 22:29:19"}
{"level":"info","message":"✅ Loaded critical model Deposit on demand","timestamp":"2026-02-13 22:29:19"}
{"level":"info","message":"✅ Loaded critical model Transaction on demand","timestamp":"2026-02-13 22:29:19"}
{"level":"info","message":"✅ Loaded critical model GLAccount on demand","timestamp":"2026-02-13 22:29:19"}
{"level":"info","message":"✅ Loaded critical model AuditTrail on demand","timestamp":"2026-02-13 22:29:19"}
{"level":"info","message":"✅ Model loader initialized successfully","timestamp":"2026-02-13 22:29:19"}
{"level":"info","message":"📊 Loaded models: sequelize, Op, DataTypes, QueryTypes, User, Customer, CustomerAccount, LoanAccount, LoanRepayment, Deposit, Transaction, GLAccount, AuditTrail","timestamp":"2026-02-13 22:29:19"}
{"level":"info","message":"📊 Model Statistics:","timestamp":"2026-02-13 22:29:19"}
{"level":"info","message":"   Total models loaded: 13","timestamp":"2026-02-13 22:29:19"}
{"level":"info","message":"   CUSTOMER: 2 models","timestamp":"2026-02-13 22:29:19"}
{"level":"info","message":"   LOAN: 2 models","timestamp":"2026-02-13 22:29:19"}
{"level":"info","message":"   DEPOSIT: 1 models","timestamp":"2026-02-13 22:29:19"}
{"level":"info","message":"   TRANSACTION: 1 models","timestamp":"2026-02-13 22:29:19"}
{"level":"info","message":"   USER: 1 models","timestamp":"2026-02-13 22:29:19"}
{"level":"info","message":"   ACCOUNTING: 1 models","timestamp":"2026-02-13 22:29:19"}
{"level":"info","message":"   AUDIT: 1 models","timestamp":"2026-02-13 22:29:19"}
{"level":"info","logDir":"logs","message":"🚀 Winston logger initialized","nodeVersion":"v24.13.0","platform":"win32","timestamp":"2026-02-13 22:29:11"}
{"errors":["Role 28: Permission undefined not found in REPORT","Role 28: Permission undefined not found in REPORT","Role 38: Permission undefined not found in VAULT"],"level":"warn","message":"Permission validation errors","timestamp":"2026-02-13 22:29:15"}
{"errors":["Role 28: Permission undefined not found in REPORT","Role 28: Permission undefined not found in REPORT","Role 38: Permission undefined not found in VAULT"],"level":"warn","message":"Permission validation errors","timestamp":"2026-02-13 22:29:16"}
{"level":"info","message":"Server time initialized (WAT): 2026-02-14T07:29:19.420Z","timestamp":"2026-02-13 22:29:19"}
{"error":"auditLogger.info(...).catch is not a function","level":"warn","message":"Could not log startup audit","timestamp":"2026-02-13 22:29:19"}
{"level":"info","message":"🔧 Auto-initializing models in development mode...","timestamp":"2026-02-13 22:29:19"}
{"level":"info","message":"🚀 Initializing model loader...","timestamp":"2026-02-13 22:29:19"}
{"level":"info","message":"✅ Models loaded via index.js","timestamp":"2026-02-13 22:29:19"}
{"level":"info","message":"✅ Loaded critical model User on demand","timestamp":"2026-02-13 22:29:19"}
{"level":"info","message":"✅ Loaded critical model Customer on demand","timestamp":"2026-02-13 22:29:19"}
{"level":"info","message":"✅ Loaded critical model CustomerAccount on demand","timestamp":"2026-02-13 22:29:19"}
{"level":"info","message":"✅ Loaded critical model LoanAccount on demand","timestamp":"2026-02-13 22:29:19"}
{"level":"info","message":"✅ Loaded critical model LoanRepayment on demand","timestamp":"2026-02-13 22:29:19"}
{"level":"info","message":"✅ Loaded critical model Deposit on demand","timestamp":"2026-02-13 22:29:19"}
{"level":"info","message":"✅ Loaded critical model Transaction on demand","timestamp":"2026-02-13 22:29:19"}
{"level":"info","message":"✅ Loaded critical model GLAccount on demand","timestamp":"2026-02-13 22:29:19"}
{"level":"info","message":"✅ Loaded critical model AuditTrail on demand","timestamp":"2026-02-13 22:29:19"}
{"level":"info","message":"✅ Model loader initialized successfully","timestamp":"2026-02-13 22:29:19"}
{"level":"info","message":"📊 Loaded models: sequelize, Op, DataTypes, QueryTypes, User, Customer, CustomerAccount, LoanAccount, LoanRepayment, Deposit, Transaction, GLAccount, AuditTrail","timestamp":"2026-02-13 22:29:19"}
{"level":"info","message":"📊 Model Statistics:","timestamp":"2026-02-13 22:29:19"}
{"level":"info","message":"   Total models loaded: 13","timestamp":"2026-02-13 22:29:19"}
{"level":"info","message":"   CUSTOMER: 2 models","timestamp":"2026-02-13 22:29:19"}
{"level":"info","message":"   LOAN: 2 models","timestamp":"2026-02-13 22:29:19"}
{"level":"info","message":"   DEPOSIT: 1 models","timestamp":"2026-02-13 22:29:19"}
{"level":"info","message":"   TRANSACTION: 1 models","timestamp":"2026-02-13 22:29:19"}
{"level":"info","message":"   USER: 1 models","timestamp":"2026-02-13 22:29:19"}
{"level":"info","message":"   ACCOUNTING: 1 models","timestamp":"2026-02-13 22:29:19"}
{"level":"info","message":"   AUDIT: 1 models","timestamp":"2026-02-13 22:29:19"}
{"level":"info","logDir":"logs","message":"🚀 Winston logger initialized","nodeVersion":"v24.13.0","platform":"win32","timestamp":"2026-02-13 22:29:11"}
{"errors":["Role 28: Permission undefined not found in REPORT","Role 28: Permission undefined not found in REPORT","Role 38: Permission undefined not found in VAULT"],"level":"warn","message":"Permission validation errors","timestamp":"2026-02-13 22:29:15"}
{"errors":["Role 28: Permission undefined not found in REPORT","Role 28: Permission undefined not found in REPORT","Role 38: Permission undefined not found in VAULT"],"level":"warn","message":"Permission validation errors","timestamp":"2026-02-13 22:29:16"}
{"level":"info","message":"Server time initialized (WAT): 2026-02-14T07:29:19.436Z","timestamp":"2026-02-13 22:29:19"}
{"error":"auditLogger.info(...).catch is not a function","level":"warn","message":"Could not log startup audit","timestamp":"2026-02-13 22:29:19"}
{"level":"info","message":"🔧 Auto-initializing models in development mode...","timestamp":"2026-02-13 22:29:19"}
{"level":"info","message":"🚀 Initializing model loader...","timestamp":"2026-02-13 22:29:19"}
{"level":"info","message":"✅ Models loaded via index.js","timestamp":"2026-02-13 22:29:19"}
{"level":"info","message":"✅ Loaded critical model User on demand","timestamp":"2026-02-13 22:29:19"}
{"level":"info","message":"✅ Loaded critical model Customer on demand","timestamp":"2026-02-13 22:29:19"}
{"level":"info","message":"✅ Loaded critical model CustomerAccount on demand","timestamp":"2026-02-13 22:29:19"}
{"level":"info","message":"✅ Loaded critical model LoanAccount on demand","timestamp":"2026-02-13 22:29:19"}
{"level":"info","message":"✅ Loaded critical model LoanRepayment on demand","timestamp":"2026-02-13 22:29:19"}
{"level":"info","message":"✅ Loaded critical model Deposit on demand","timestamp":"2026-02-13 22:29:19"}
{"level":"info","message":"✅ Loaded critical model Transaction on demand","timestamp":"2026-02-13 22:29:19"}
{"level":"info","message":"✅ Loaded critical model GLAccount on demand","timestamp":"2026-02-13 22:29:19"}
{"level":"info","message":"✅ Loaded critical model AuditTrail on demand","timestamp":"2026-02-13 22:29:19"}
{"level":"info","message":"✅ Model loader initialized successfully","timestamp":"2026-02-13 22:29:19"}
{"level":"info","message":"📊 Loaded models: sequelize, Op, DataTypes, QueryTypes, User, Customer, CustomerAccount, LoanAccount, LoanRepayment, Deposit, Transaction, GLAccount, AuditTrail","timestamp":"2026-02-13 22:29:19"}
{"level":"info","message":"📊 Model Statistics:","timestamp":"2026-02-13 22:29:19"}
{"level":"info","message":"   Total models loaded: 13","timestamp":"2026-02-13 22:29:19"}
{"level":"info","message":"   CUSTOMER: 2 models","timestamp":"2026-02-13 22:29:19"}
{"level":"info","message":"   LOAN: 2 models","timestamp":"2026-02-13 22:29:19"}
{"level":"info","message":"   DEPOSIT: 1 models","timestamp":"2026-02-13 22:29:19"}
{"level":"info","message":"   TRANSACTION: 1 models","timestamp":"2026-02-13 22:29:19"}
{"level":"info","message":"   USER: 1 models","timestamp":"2026-02-13 22:29:19"}
{"level":"info","message":"   ACCOUNTING: 1 models","timestamp":"2026-02-13 22:29:19"}
{"level":"info","message":"   AUDIT: 1 models","timestamp":"2026-02-13 22:29:19"}
{"level":"info","logDir":"logs","message":"🚀 Winston logger initialized","nodeVersion":"v24.13.0","platform":"win32","timestamp":"2026-02-13 23:35:25"}
{"errors":["Role 28: Permission undefined not found in REPORT","Role 28: Permission undefined not found in REPORT","Role 38: Permission undefined not found in VAULT"],"level":"warn","message":"Permission validation errors","timestamp":"2026-02-13 23:35:41"}
{"errors":["Role 28: Permission undefined not found in REPORT","Role 28: Permission undefined not found in REPORT","Role 38: Permission undefined not found in VAULT"],"level":"warn","message":"Permission validation errors","timestamp":"2026-02-13 23:35:44"}
{"level":"info","message":"Server time initialized (WAT): 2026-02-14T08:35:50.269Z","timestamp":"2026-02-13 23:35:50"}
{"error":"auditLogger.info(...).catch is not a function","level":"warn","message":"Could not log startup audit","timestamp":"2026-02-13 23:35:50"}
{"level":"info","message":"🔧 Auto-initializing models in development mode...","timestamp":"2026-02-13 23:35:50"}
{"level":"info","message":"🚀 Initializing model loader...","timestamp":"2026-02-13 23:35:50"}
{"level":"info","message":"✅ Models loaded via index.js","timestamp":"2026-02-13 23:35:50"}
{"level":"info","message":"✅ Loaded critical model User on demand","timestamp":"2026-02-13 23:35:50"}
{"level":"info","message":"✅ Loaded critical model Customer on demand","timestamp":"2026-02-13 23:35:50"}
{"level":"info","message":"✅ Loaded critical model CustomerAccount on demand","timestamp":"2026-02-13 23:35:50"}
{"level":"info","message":"✅ Loaded critical model LoanAccount on demand","timestamp":"2026-02-13 23:35:50"}
{"level":"info","message":"✅ Loaded critical model LoanRepayment on demand","timestamp":"2026-02-13 23:35:50"}
{"level":"info","message":"✅ Loaded critical model Deposit on demand","timestamp":"2026-02-13 23:35:50"}
{"level":"info","message":"✅ Loaded critical model Transaction on demand","timestamp":"2026-02-13 23:35:50"}
{"level":"info","message":"✅ Loaded critical model GLAccount on demand","timestamp":"2026-02-13 23:35:50"}
{"level":"info","message":"✅ Loaded critical model AuditTrail on demand","timestamp":"2026-02-13 23:35:50"}
{"level":"info","message":"✅ Model loader initialized successfully","timestamp":"2026-02-13 23:35:50"}
{"level":"info","message":"📊 Loaded models: sequelize, Op, DataTypes, QueryTypes, User, Customer, CustomerAccount, LoanAccount, LoanRepayment, Deposit, Transaction, GLAccount, AuditTrail","timestamp":"2026-02-13 23:35:50"}
{"level":"info","message":"📊 Model Statistics:","timestamp":"2026-02-13 23:35:50"}
{"level":"info","message":"   Total models loaded: 13","timestamp":"2026-02-13 23:35:50"}
{"level":"info","message":"   CUSTOMER: 2 models","timestamp":"2026-02-13 23:35:50"}
{"level":"info","message":"   LOAN: 2 models","timestamp":"2026-02-13 23:35:50"}
{"level":"info","message":"   DEPOSIT: 1 models","timestamp":"2026-02-13 23:35:50"}
{"level":"info","message":"   TRANSACTION: 1 models","timestamp":"2026-02-13 23:35:50"}
{"level":"info","message":"   USER: 1 models","timestamp":"2026-02-13 23:35:50"}
{"level":"info","message":"   ACCOUNTING: 1 models","timestamp":"2026-02-13 23:35:50"}
{"level":"info","message":"   AUDIT: 1 models","timestamp":"2026-02-13 23:35:50"}
