{"level":"info","logDir":"logs","message":"🚀 Winston logger initialized","nodeVersion":"v24.13.0","platform":"win32","timestamp":"2026-02-28 00:09:22"}
{"level":"info","logDir":"logs","message":"🚀 Winston logger initialized","nodeVersion":"v24.13.0","platform":"win32","timestamp":"2026-02-28 00:13:03"}
{"level":"info","message":"ℹ️ Using regular HTTP agent (no valid SSL certificates configured)","timestamp":"2026-02-28 00:13:03"}
{"errors":["Role 19: Permission undefined not found in APPROVAL","Role 19: Permission undefined not found in DASHBOARD","Role 19: Permission undefined not found in REPORT","Role 19: Permission undefined not found in QUEUE","Role 19: Permission undefined not found in NOTIFICATION","Role 19: Permission undefined not found in AUDIT","Role 20: Permission undefined not found in APPROVAL","Role 20: Permission undefined not found in DASHBOARD","Role 20: Permission undefined not found in REPORT","Role 20: Permission undefined not found in QUEUE","Role 20: Permission undefined not found in NOTIFICATION","Role 28: Permission undefined not found in DASHBOARD","Role 28: Permission undefined not found in REPORT","Role 28: Permission undefined not found in REPORT","Role 28: Permission undefined not found in REPORT","Role 33: Permission undefined not found in ANALYTICS","Role 34: Permission undefined not found in RISK","Role 38: Permission undefined not found in VAULT"],"level":"warn","message":"Permission validation errors","timestamp":"2026-02-28 00:13:05"}
{"level":"info","message":"Server time initialized (WAT): 2026-02-28T09:13:07.510Z","timestamp":"2026-02-28 00:13:07"}
{"error":"auditLogger.info(...).catch is not a function","level":"warn","message":"Could not log startup audit","timestamp":"2026-02-28 00:13:07"}
{"errors":["Role 19: Permission undefined not found in APPROVAL","Role 19: Permission undefined not found in DASHBOARD","Role 19: Permission undefined not found in REPORT","Role 19: Permission undefined not found in QUEUE","Role 19: Permission undefined not found in NOTIFICATION","Role 19: Permission undefined not found in AUDIT","Role 20: Permission undefined not found in APPROVAL","Role 20: Permission undefined not found in DASHBOARD","Role 20: Permission undefined not found in REPORT","Role 20: Permission undefined not found in QUEUE","Role 20: Permission undefined not found in NOTIFICATION","Role 28: Permission undefined not found in DASHBOARD","Role 28: Permission undefined not found in REPORT","Role 28: Permission undefined not found in REPORT","Role 28: Permission undefined not found in REPORT","Role 33: Permission undefined not found in ANALYTICS","Role 34: Permission undefined not found in RISK","Role 38: Permission undefined not found in VAULT"],"level":"warn","message":"Permission validation errors","timestamp":"2026-02-28 00:13:07"}
{"level":"info","message":"🔧 Auto-initializing models in development mode...","timestamp":"2026-02-28 00:13:11"}
{"level":"info","message":"🚀 Initializing model loader...","timestamp":"2026-02-28 00:13:11"}
{"level":"info","message":"✅ Models loaded via index.js","timestamp":"2026-02-28 00:13:11"}
{"level":"info","message":"✅ Model loader initialized successfully","timestamp":"2026-02-28 00:13:11"}
{"level":"info","message":"📊 Loaded models: sequelize, Op, DataTypes, QueryTypes, AMLThreshold, AccountApplication, Drawer, DrawerCloseOut, DrawerUserRole, DrawerCurrencyDenomination, DrawerCurrency, AuditTrail, VaultAccessAttempt, VaultMaintenanceLog, User, Permissions, UserRole, BusinessRole, Role, BusinessUnit, Branch, Organization, Customer, CustomerType, NextOfKin, CreditOfficer, CustomerAccount, DepositAccount, LoanAccount, SavingsProduct, LoanProduct, TermDeposit, Thrift, Group, GroupSavings, LoanInterestRate, Transaction, Deposit, Withdrawal, CashWithdrawalTransaction, DepositTransaction, LoanRepayment, LoanRepaymentTransaction, DirectDebit, DirectDebitRequest, StandingOrder, GLAccount, ChartofAccount, GLCategory, GLTransaction, GLAccountTransaction, JournalEntry, ScheduledTask, EOYReport, Holiday, CreditApplication, LoanContractForm, Guarantor, Collection, OverdueLoan, LoanPortfolio, LoanFee, LoanPenalty, DepositAccountInterest, DepositAccountInterest_Tier, Charge, InterestCalculation, Bank, Vault, VaultAuthorizedPersonnel, VaultPendingApproval, Country, State, WorkflowProcess, WorkflowSubProcess, WorkflowItem, WorkflowQueue, WorkflowBusinessRoleQueue, WorkflowSubProcessPolicy, CustomerWorkflowRouting, Notification, SMS, Report, Dashboard, Analytics, AccountStatement, IncomeExpense, TriftReport, DisbursementReport, LoanAccountSummary, DepositAccountSummary, Counter, SystemDate, License, Configuration, TransactionPolicy, ProductTypeMapping, RateIndex, Identifier, Subfolder, Event, AutoReclassifyInformation, UploadFile, CleanupDB, TellerStat, DepositAccountApplication, IdentificationInformation, Portfolio, LoanCalculator, AML, GuarantorAudit, RelationshipOfficer, GLClosingPeriod","timestamp":"2026-02-28 00:13:11"}
{"level":"info","message":"📊 Model Statistics:","timestamp":"2026-02-28 00:13:11"}
{"level":"info","message":"   Total models loaded: 113","timestamp":"2026-02-28 00:13:11"}
{"level":"info","message":"   CUSTOMER: 5 models","timestamp":"2026-02-28 00:13:11"}
{"level":"info","message":"   LOAN: 4 models","timestamp":"2026-02-28 00:13:11"}
{"level":"info","message":"   DEPOSIT: 4 models","timestamp":"2026-02-28 00:13:11"}
{"level":"info","message":"   TRANSACTION: 3 models","timestamp":"2026-02-28 00:13:11"}
{"level":"info","message":"   USER: 2 models","timestamp":"2026-02-28 00:13:11"}
{"level":"info","message":"   SYSTEM: 4 models","timestamp":"2026-02-28 00:13:11"}
{"level":"info","message":"   ACCOUNTING: 2 models","timestamp":"2026-02-28 00:13:11"}
{"level":"info","message":"   AUDIT: 1 models","timestamp":"2026-02-28 00:13:11"}
{"level":"info","message":"   NOTIFICATION: 1 models","timestamp":"2026-02-28 00:13:11"}
{"level":"info","message":"   THRIFT: 3 models","timestamp":"2026-02-28 00:13:11"}
{"level":"info","message":"✅ Thrift model successfully loaded and available","timestamp":"2026-02-28 00:13:11"}
{"level":"info","logDir":"logs","message":"🚀 Winston logger initialized","nodeVersion":"v24.13.0","platform":"win32","timestamp":"2026-02-28 00:16:31"}
{"level":"info","message":"ℹ️ Using regular HTTP agent (no valid SSL certificates configured)","timestamp":"2026-02-28 00:16:32"}
{"errors":["Role 19: Permission undefined not found in APPROVAL","Role 19: Permission undefined not found in DASHBOARD","Role 19: Permission undefined not found in REPORT","Role 19: Permission undefined not found in QUEUE","Role 19: Permission undefined not found in NOTIFICATION","Role 19: Permission undefined not found in AUDIT","Role 20: Permission undefined not found in APPROVAL","Role 20: Permission undefined not found in DASHBOARD","Role 20: Permission undefined not found in REPORT","Role 20: Permission undefined not found in QUEUE","Role 20: Permission undefined not found in NOTIFICATION","Role 28: Permission undefined not found in DASHBOARD","Role 28: Permission undefined not found in REPORT","Role 28: Permission undefined not found in REPORT","Role 28: Permission undefined not found in REPORT","Role 33: Permission undefined not found in ANALYTICS","Role 34: Permission undefined not found in RISK","Role 38: Permission undefined not found in VAULT"],"level":"warn","message":"Permission validation errors","timestamp":"2026-02-28 00:16:32"}
{"level":"info","message":"Server time initialized (WAT): 2026-02-28T09:16:35.045Z","timestamp":"2026-02-28 00:16:35"}
{"error":"auditLogger.info(...).catch is not a function","level":"warn","message":"Could not log startup audit","timestamp":"2026-02-28 00:16:35"}
{"errors":["Role 19: Permission undefined not found in APPROVAL","Role 19: Permission undefined not found in DASHBOARD","Role 19: Permission undefined not found in REPORT","Role 19: Permission undefined not found in QUEUE","Role 19: Permission undefined not found in NOTIFICATION","Role 19: Permission undefined not found in AUDIT","Role 20: Permission undefined not found in APPROVAL","Role 20: Permission undefined not found in DASHBOARD","Role 20: Permission undefined not found in REPORT","Role 20: Permission undefined not found in QUEUE","Role 20: Permission undefined not found in NOTIFICATION","Role 28: Permission undefined not found in DASHBOARD","Role 28: Permission undefined not found in REPORT","Role 28: Permission undefined not found in REPORT","Role 28: Permission undefined not found in REPORT","Role 33: Permission undefined not found in ANALYTICS","Role 34: Permission undefined not found in RISK","Role 38: Permission undefined not found in VAULT"],"level":"warn","message":"Permission validation errors","timestamp":"2026-02-28 00:16:35"}
{"level":"info","message":"🔧 Auto-initializing models in development mode...","timestamp":"2026-02-28 00:16:37"}
{"level":"info","message":"🚀 Initializing model loader...","timestamp":"2026-02-28 00:16:37"}
{"level":"info","message":"✅ Models loaded via index.js","timestamp":"2026-02-28 00:16:37"}
{"level":"info","message":"✅ Model loader initialized successfully","timestamp":"2026-02-28 00:16:37"}
{"level":"info","message":"📊 Loaded models: sequelize, Op, DataTypes, QueryTypes, AMLThreshold, AccountApplication, Drawer, DrawerCloseOut, DrawerUserRole, DrawerCurrencyDenomination, DrawerCurrency, AuditTrail, VaultAccessAttempt, VaultMaintenanceLog, User, Permissions, UserRole, BusinessRole, Role, BusinessUnit, Branch, Organization, Customer, CustomerType, NextOfKin, CreditOfficer, CustomerAccount, DepositAccount, LoanAccount, SavingsProduct, LoanProduct, TermDeposit, Thrift, Group, GroupSavings, LoanInterestRate, Transaction, Deposit, Withdrawal, CashWithdrawalTransaction, DepositTransaction, LoanRepayment, LoanRepaymentTransaction, DirectDebit, DirectDebitRequest, StandingOrder, GLAccount, ChartofAccount, GLCategory, GLTransaction, GLAccountTransaction, JournalEntry, ScheduledTask, EOYReport, Holiday, CreditApplication, LoanContractForm, Guarantor, Collection, OverdueLoan, LoanPortfolio, LoanFee, LoanPenalty, DepositAccountInterest, DepositAccountInterest_Tier, Charge, InterestCalculation, Bank, Vault, VaultAuthorizedPersonnel, VaultPendingApproval, Country, State, WorkflowProcess, WorkflowSubProcess, WorkflowItem, WorkflowQueue, WorkflowBusinessRoleQueue, WorkflowSubProcessPolicy, CustomerWorkflowRouting, Notification, SMS, Report, Dashboard, Analytics, AccountStatement, IncomeExpense, TriftReport, DisbursementReport, LoanAccountSummary, DepositAccountSummary, Counter, SystemDate, License, Configuration, TransactionPolicy, ProductTypeMapping, RateIndex, Identifier, Subfolder, Event, AutoReclassifyInformation, UploadFile, CleanupDB, TellerStat, DepositAccountApplication, IdentificationInformation, Portfolio, LoanCalculator, AML, GuarantorAudit, RelationshipOfficer, GLClosingPeriod","timestamp":"2026-02-28 00:16:37"}
{"level":"info","message":"📊 Model Statistics:","timestamp":"2026-02-28 00:16:37"}
{"level":"info","message":"   Total models loaded: 113","timestamp":"2026-02-28 00:16:37"}
{"level":"info","message":"   CUSTOMER: 5 models","timestamp":"2026-02-28 00:16:37"}
{"level":"info","message":"   LOAN: 4 models","timestamp":"2026-02-28 00:16:37"}
{"level":"info","message":"   DEPOSIT: 4 models","timestamp":"2026-02-28 00:16:37"}
{"level":"info","message":"   TRANSACTION: 3 models","timestamp":"2026-02-28 00:16:37"}
{"level":"info","message":"   USER: 2 models","timestamp":"2026-02-28 00:16:37"}
{"level":"info","message":"   SYSTEM: 4 models","timestamp":"2026-02-28 00:16:37"}
{"level":"info","message":"   ACCOUNTING: 2 models","timestamp":"2026-02-28 00:16:37"}
{"level":"info","message":"   AUDIT: 1 models","timestamp":"2026-02-28 00:16:37"}
{"level":"info","message":"   NOTIFICATION: 1 models","timestamp":"2026-02-28 00:16:37"}
{"level":"info","message":"   THRIFT: 3 models","timestamp":"2026-02-28 00:16:37"}
{"level":"info","message":"✅ Thrift model successfully loaded and available","timestamp":"2026-02-28 00:16:37"}
{"level":"info","logDir":"logs","message":"🚀 Winston logger initialized","nodeVersion":"v24.13.0","platform":"win32","timestamp":"2026-02-28 03:36:17"}
{"level":"info","message":"ℹ️ Using regular HTTP agent (no valid SSL certificates configured)","timestamp":"2026-02-28 03:36:18"}
{"errors":["Role 19: Permission undefined not found in APPROVAL","Role 19: Permission undefined not found in DASHBOARD","Role 19: Permission undefined not found in REPORT","Role 19: Permission undefined not found in QUEUE","Role 19: Permission undefined not found in NOTIFICATION","Role 19: Permission undefined not found in AUDIT","Role 20: Permission undefined not found in APPROVAL","Role 20: Permission undefined not found in DASHBOARD","Role 20: Permission undefined not found in REPORT","Role 20: Permission undefined not found in QUEUE","Role 20: Permission undefined not found in NOTIFICATION","Role 28: Permission undefined not found in DASHBOARD","Role 28: Permission undefined not found in REPORT","Role 28: Permission undefined not found in REPORT","Role 28: Permission undefined not found in REPORT","Role 33: Permission undefined not found in ANALYTICS","Role 34: Permission undefined not found in RISK","Role 38: Permission undefined not found in VAULT"],"level":"warn","message":"Permission validation errors","timestamp":"2026-02-28 03:36:19"}
{"level":"info","message":"Server time initialized (WAT): 2026-02-28T12:36:22.934Z","timestamp":"2026-02-28 03:36:22"}
{"error":"auditLogger.info(...).catch is not a function","level":"warn","message":"Could not log startup audit","timestamp":"2026-02-28 03:36:22"}
{"errors":["Role 19: Permission undefined not found in APPROVAL","Role 19: Permission undefined not found in DASHBOARD","Role 19: Permission undefined not found in REPORT","Role 19: Permission undefined not found in QUEUE","Role 19: Permission undefined not found in NOTIFICATION","Role 19: Permission undefined not found in AUDIT","Role 20: Permission undefined not found in APPROVAL","Role 20: Permission undefined not found in DASHBOARD","Role 20: Permission undefined not found in REPORT","Role 20: Permission undefined not found in QUEUE","Role 20: Permission undefined not found in NOTIFICATION","Role 28: Permission undefined not found in DASHBOARD","Role 28: Permission undefined not found in REPORT","Role 28: Permission undefined not found in REPORT","Role 28: Permission undefined not found in REPORT","Role 33: Permission undefined not found in ANALYTICS","Role 34: Permission undefined not found in RISK","Role 38: Permission undefined not found in VAULT"],"level":"warn","message":"Permission validation errors","timestamp":"2026-02-28 03:36:22"}
{"level":"info","message":"🔧 Auto-initializing models in development mode...","timestamp":"2026-02-28 03:36:26"}
{"level":"info","message":"🚀 Initializing model loader...","timestamp":"2026-02-28 03:36:26"}
{"level":"info","message":"✅ Models loaded via index.js","timestamp":"2026-02-28 03:36:26"}
{"level":"info","message":"✅ Model loader initialized successfully","timestamp":"2026-02-28 03:36:26"}
{"level":"info","message":"📊 Loaded models: sequelize, Op, DataTypes, QueryTypes, AMLThreshold, AccountApplication, Drawer, DrawerCloseOut, DrawerUserRole, DrawerCurrencyDenomination, DrawerCurrency, AuditTrail, VaultAccessAttempt, VaultMaintenanceLog, User, Permissions, UserRole, BusinessRole, Role, BusinessUnit, Branch, Organization, Customer, CustomerType, NextOfKin, CreditOfficer, CustomerAccount, DepositAccount, LoanAccount, SavingsProduct, LoanProduct, TermDeposit, Thrift, Group, GroupSavings, LoanInterestRate, Transaction, Deposit, Withdrawal, CashWithdrawalTransaction, DepositTransaction, LoanRepayment, LoanRepaymentTransaction, DirectDebit, DirectDebitRequest, StandingOrder, GLAccount, ChartofAccount, GLCategory, GLTransaction, GLAccountTransaction, JournalEntry, ScheduledTask, EOYReport, Holiday, CreditApplication, LoanContractForm, Guarantor, Collection, OverdueLoan, LoanPortfolio, LoanFee, LoanPenalty, DepositAccountInterest, DepositAccountInterest_Tier, Charge, InterestCalculation, Bank, Vault, VaultAuthorizedPersonnel, VaultPendingApproval, Country, State, WorkflowProcess, WorkflowSubProcess, WorkflowItem, WorkflowQueue, WorkflowBusinessRoleQueue, WorkflowSubProcessPolicy, CustomerWorkflowRouting, Notification, SMS, Report, Dashboard, Analytics, AccountStatement, IncomeExpense, TriftReport, DisbursementReport, LoanAccountSummary, DepositAccountSummary, Counter, SystemDate, License, Configuration, TransactionPolicy, ProductTypeMapping, RateIndex, Identifier, Subfolder, Event, AutoReclassifyInformation, UploadFile, CleanupDB, TellerStat, DepositAccountApplication, IdentificationInformation, Portfolio, LoanCalculator, AML, GuarantorAudit, RelationshipOfficer, GLClosingPeriod","timestamp":"2026-02-28 03:36:26"}
{"level":"info","message":"📊 Model Statistics:","timestamp":"2026-02-28 03:36:26"}
{"level":"info","message":"   Total models loaded: 113","timestamp":"2026-02-28 03:36:26"}
{"level":"info","message":"   CUSTOMER: 5 models","timestamp":"2026-02-28 03:36:26"}
{"level":"info","message":"   LOAN: 4 models","timestamp":"2026-02-28 03:36:26"}
{"level":"info","message":"   DEPOSIT: 4 models","timestamp":"2026-02-28 03:36:26"}
{"level":"info","message":"   TRANSACTION: 3 models","timestamp":"2026-02-28 03:36:26"}
{"level":"info","message":"   USER: 2 models","timestamp":"2026-02-28 03:36:26"}
{"level":"info","message":"   SYSTEM: 4 models","timestamp":"2026-02-28 03:36:26"}
{"level":"info","message":"   ACCOUNTING: 2 models","timestamp":"2026-02-28 03:36:26"}
{"level":"info","message":"   AUDIT: 1 models","timestamp":"2026-02-28 03:36:26"}
{"level":"info","message":"   NOTIFICATION: 1 models","timestamp":"2026-02-28 03:36:26"}
{"level":"info","message":"   THRIFT: 3 models","timestamp":"2026-02-28 03:36:26"}
{"level":"info","message":"✅ Thrift model successfully loaded and available","timestamp":"2026-02-28 03:36:26"}
{"level":"info","logDir":"logs","message":"🚀 Winston logger initialized","nodeVersion":"v24.13.0","platform":"win32","timestamp":"2026-02-28 04:03:16"}
{"level":"info","message":"ℹ️ Using regular HTTP agent (no valid SSL certificates configured)","timestamp":"2026-02-28 04:03:16"}
{"errors":["Role 19: Permission undefined not found in APPROVAL","Role 19: Permission undefined not found in DASHBOARD","Role 19: Permission undefined not found in REPORT","Role 19: Permission undefined not found in QUEUE","Role 19: Permission undefined not found in NOTIFICATION","Role 19: Permission undefined not found in AUDIT","Role 20: Permission undefined not found in APPROVAL","Role 20: Permission undefined not found in DASHBOARD","Role 20: Permission undefined not found in REPORT","Role 20: Permission undefined not found in QUEUE","Role 20: Permission undefined not found in NOTIFICATION","Role 28: Permission undefined not found in DASHBOARD","Role 28: Permission undefined not found in REPORT","Role 28: Permission undefined not found in REPORT","Role 28: Permission undefined not found in REPORT","Role 33: Permission undefined not found in ANALYTICS","Role 34: Permission undefined not found in RISK","Role 38: Permission undefined not found in VAULT"],"level":"warn","message":"Permission validation errors","timestamp":"2026-02-28 04:03:17"}
{"level":"info","message":"Server time initialized (WAT): 2026-02-28T13:03:21.127Z","timestamp":"2026-02-28 04:03:21"}
{"error":"auditLogger.info(...).catch is not a function","level":"warn","message":"Could not log startup audit","timestamp":"2026-02-28 04:03:21"}
{"errors":["Role 19: Permission undefined not found in APPROVAL","Role 19: Permission undefined not found in DASHBOARD","Role 19: Permission undefined not found in REPORT","Role 19: Permission undefined not found in QUEUE","Role 19: Permission undefined not found in NOTIFICATION","Role 19: Permission undefined not found in AUDIT","Role 20: Permission undefined not found in APPROVAL","Role 20: Permission undefined not found in DASHBOARD","Role 20: Permission undefined not found in REPORT","Role 20: Permission undefined not found in QUEUE","Role 20: Permission undefined not found in NOTIFICATION","Role 28: Permission undefined not found in DASHBOARD","Role 28: Permission undefined not found in REPORT","Role 28: Permission undefined not found in REPORT","Role 28: Permission undefined not found in REPORT","Role 33: Permission undefined not found in ANALYTICS","Role 34: Permission undefined not found in RISK","Role 38: Permission undefined not found in VAULT"],"level":"warn","message":"Permission validation errors","timestamp":"2026-02-28 04:03:21"}
{"level":"info","message":"🔧 Auto-initializing models in development mode...","timestamp":"2026-02-28 04:03:25"}
{"level":"info","message":"🚀 Initializing model loader...","timestamp":"2026-02-28 04:03:25"}
{"level":"info","message":"✅ Models loaded via index.js","timestamp":"2026-02-28 04:03:25"}
{"level":"info","message":"✅ Model loader initialized successfully","timestamp":"2026-02-28 04:03:25"}
{"level":"info","message":"📊 Loaded models: sequelize, Op, DataTypes, QueryTypes, AMLThreshold, AccountApplication, Drawer, DrawerCloseOut, DrawerUserRole, DrawerCurrencyDenomination, DrawerCurrency, AuditTrail, VaultAccessAttempt, VaultMaintenanceLog, User, Permissions, UserRole, BusinessRole, Role, BusinessUnit, Branch, Organization, Customer, CustomerType, NextOfKin, CreditOfficer, CustomerAccount, DepositAccount, LoanAccount, SavingsProduct, LoanProduct, TermDeposit, Thrift, Group, GroupSavings, LoanInterestRate, Transaction, Deposit, Withdrawal, CashWithdrawalTransaction, DepositTransaction, LoanRepayment, LoanRepaymentTransaction, DirectDebit, DirectDebitRequest, StandingOrder, GLAccount, ChartofAccount, GLCategory, GLTransaction, GLAccountTransaction, JournalEntry, ScheduledTask, EOYReport, Holiday, CreditApplication, LoanContractForm, Guarantor, Collection, OverdueLoan, LoanPortfolio, LoanFee, LoanPenalty, DepositAccountInterest, DepositAccountInterest_Tier, Charge, InterestCalculation, Bank, Vault, VaultAuthorizedPersonnel, VaultPendingApproval, Country, State, WorkflowProcess, WorkflowSubProcess, WorkflowItem, WorkflowQueue, WorkflowBusinessRoleQueue, WorkflowSubProcessPolicy, CustomerWorkflowRouting, Notification, SMS, Report, Dashboard, Analytics, AccountStatement, IncomeExpense, TriftReport, DisbursementReport, LoanAccountSummary, DepositAccountSummary, Counter, SystemDate, License, Configuration, TransactionPolicy, ProductTypeMapping, RateIndex, Identifier, Subfolder, Event, AutoReclassifyInformation, UploadFile, CleanupDB, TellerStat, DepositAccountApplication, IdentificationInformation, Portfolio, LoanCalculator, AML, GuarantorAudit, RelationshipOfficer, GLClosingPeriod","timestamp":"2026-02-28 04:03:25"}
{"level":"info","message":"📊 Model Statistics:","timestamp":"2026-02-28 04:03:25"}
{"level":"info","message":"   Total models loaded: 113","timestamp":"2026-02-28 04:03:25"}
{"level":"info","message":"   CUSTOMER: 5 models","timestamp":"2026-02-28 04:03:25"}
{"level":"info","message":"   LOAN: 4 models","timestamp":"2026-02-28 04:03:25"}
{"level":"info","message":"   DEPOSIT: 4 models","timestamp":"2026-02-28 04:03:25"}
{"level":"info","message":"   TRANSACTION: 3 models","timestamp":"2026-02-28 04:03:25"}
{"level":"info","message":"   USER: 2 models","timestamp":"2026-02-28 04:03:25"}
{"level":"info","message":"   SYSTEM: 4 models","timestamp":"2026-02-28 04:03:25"}
{"level":"info","message":"   ACCOUNTING: 2 models","timestamp":"2026-02-28 04:03:25"}
{"level":"info","message":"   AUDIT: 1 models","timestamp":"2026-02-28 04:03:25"}
{"level":"info","message":"   NOTIFICATION: 1 models","timestamp":"2026-02-28 04:03:25"}
{"level":"info","message":"   THRIFT: 3 models","timestamp":"2026-02-28 04:03:25"}
{"level":"info","message":"✅ Thrift model successfully loaded and available","timestamp":"2026-02-28 04:03:25"}
{"level":"info","logDir":"logs","message":"🚀 Winston logger initialized","nodeVersion":"v24.13.0","platform":"win32","timestamp":"2026-02-28 04:05:42"}
{"level":"info","message":"ℹ️ Using regular HTTP agent (no valid SSL certificates configured)","timestamp":"2026-02-28 04:05:42"}
{"errors":["Role 19: Permission undefined not found in APPROVAL","Role 19: Permission undefined not found in DASHBOARD","Role 19: Permission undefined not found in REPORT","Role 19: Permission undefined not found in QUEUE","Role 19: Permission undefined not found in NOTIFICATION","Role 19: Permission undefined not found in AUDIT","Role 20: Permission undefined not found in APPROVAL","Role 20: Permission undefined not found in DASHBOARD","Role 20: Permission undefined not found in REPORT","Role 20: Permission undefined not found in QUEUE","Role 20: Permission undefined not found in NOTIFICATION","Role 28: Permission undefined not found in DASHBOARD","Role 28: Permission undefined not found in REPORT","Role 28: Permission undefined not found in REPORT","Role 28: Permission undefined not found in REPORT","Role 33: Permission undefined not found in ANALYTICS","Role 34: Permission undefined not found in RISK","Role 38: Permission undefined not found in VAULT"],"level":"warn","message":"Permission validation errors","timestamp":"2026-02-28 04:05:42"}
{"level":"info","message":"Server time initialized (WAT): 2026-02-28T13:05:43.663Z","timestamp":"2026-02-28 04:05:43"}
{"error":"auditLogger.info(...).catch is not a function","level":"warn","message":"Could not log startup audit","timestamp":"2026-02-28 04:05:43"}
{"errors":["Role 19: Permission undefined not found in APPROVAL","Role 19: Permission undefined not found in DASHBOARD","Role 19: Permission undefined not found in REPORT","Role 19: Permission undefined not found in QUEUE","Role 19: Permission undefined not found in NOTIFICATION","Role 19: Permission undefined not found in AUDIT","Role 20: Permission undefined not found in APPROVAL","Role 20: Permission undefined not found in DASHBOARD","Role 20: Permission undefined not found in REPORT","Role 20: Permission undefined not found in QUEUE","Role 20: Permission undefined not found in NOTIFICATION","Role 28: Permission undefined not found in DASHBOARD","Role 28: Permission undefined not found in REPORT","Role 28: Permission undefined not found in REPORT","Role 28: Permission undefined not found in REPORT","Role 33: Permission undefined not found in ANALYTICS","Role 34: Permission undefined not found in RISK","Role 38: Permission undefined not found in VAULT"],"level":"warn","message":"Permission validation errors","timestamp":"2026-02-28 04:05:43"}
{"level":"info","message":"🔧 Auto-initializing models in development mode...","timestamp":"2026-02-28 04:05:45"}
{"level":"info","message":"🚀 Initializing model loader...","timestamp":"2026-02-28 04:05:45"}
{"level":"info","message":"✅ Models loaded via index.js","timestamp":"2026-02-28 04:05:45"}
{"level":"info","message":"✅ Model loader initialized successfully","timestamp":"2026-02-28 04:05:45"}
{"level":"info","message":"📊 Loaded models: sequelize, Op, DataTypes, QueryTypes, AMLThreshold, AccountApplication, Drawer, DrawerCloseOut, DrawerUserRole, DrawerCurrencyDenomination, DrawerCurrency, AuditTrail, VaultAccessAttempt, VaultMaintenanceLog, User, Permissions, UserRole, BusinessRole, Role, BusinessUnit, Branch, Organization, Customer, CustomerType, NextOfKin, CreditOfficer, CustomerAccount, DepositAccount, LoanAccount, SavingsProduct, LoanProduct, TermDeposit, Thrift, Group, GroupSavings, LoanInterestRate, Transaction, Deposit, Withdrawal, CashWithdrawalTransaction, DepositTransaction, LoanRepayment, LoanRepaymentTransaction, DirectDebit, DirectDebitRequest, StandingOrder, GLAccount, ChartofAccount, GLCategory, GLTransaction, GLAccountTransaction, JournalEntry, ScheduledTask, EOYReport, Holiday, CreditApplication, LoanContractForm, Guarantor, Collection, OverdueLoan, LoanPortfolio, LoanFee, LoanPenalty, DepositAccountInterest, DepositAccountInterest_Tier, Charge, InterestCalculation, Bank, Vault, VaultAuthorizedPersonnel, VaultPendingApproval, Country, State, WorkflowProcess, WorkflowSubProcess, WorkflowItem, WorkflowQueue, WorkflowBusinessRoleQueue, WorkflowSubProcessPolicy, CustomerWorkflowRouting, Notification, SMS, Report, Dashboard, Analytics, AccountStatement, IncomeExpense, TriftReport, DisbursementReport, LoanAccountSummary, DepositAccountSummary, Counter, SystemDate, License, Configuration, TransactionPolicy, ProductTypeMapping, RateIndex, Identifier, Subfolder, Event, AutoReclassifyInformation, UploadFile, CleanupDB, TellerStat, DepositAccountApplication, IdentificationInformation, Portfolio, LoanCalculator, AML, GuarantorAudit, RelationshipOfficer, GLClosingPeriod","timestamp":"2026-02-28 04:05:45"}
{"level":"info","message":"📊 Model Statistics:","timestamp":"2026-02-28 04:05:45"}
{"level":"info","message":"   Total models loaded: 113","timestamp":"2026-02-28 04:05:45"}
{"level":"info","message":"   CUSTOMER: 5 models","timestamp":"2026-02-28 04:05:45"}
{"level":"info","message":"   LOAN: 4 models","timestamp":"2026-02-28 04:05:45"}
{"level":"info","message":"   DEPOSIT: 4 models","timestamp":"2026-02-28 04:05:45"}
{"level":"info","message":"   TRANSACTION: 3 models","timestamp":"2026-02-28 04:05:45"}
{"level":"info","message":"   USER: 2 models","timestamp":"2026-02-28 04:05:45"}
{"level":"info","message":"   SYSTEM: 4 models","timestamp":"2026-02-28 04:05:45"}
{"level":"info","message":"   ACCOUNTING: 2 models","timestamp":"2026-02-28 04:05:45"}
{"level":"info","message":"   AUDIT: 1 models","timestamp":"2026-02-28 04:05:45"}
{"level":"info","message":"   NOTIFICATION: 1 models","timestamp":"2026-02-28 04:05:45"}
{"level":"info","message":"   THRIFT: 3 models","timestamp":"2026-02-28 04:05:45"}
{"level":"info","message":"✅ Thrift model successfully loaded and available","timestamp":"2026-02-28 04:05:45"}
{"level":"info","logDir":"logs","message":"🚀 Winston logger initialized","nodeVersion":"v24.13.0","platform":"win32","timestamp":"2026-02-28 04:12:37"}
{"level":"info","message":"ℹ️ Using regular HTTP agent (no valid SSL certificates configured)","timestamp":"2026-02-28 04:12:38"}
{"errors":["Role 19: Permission undefined not found in APPROVAL","Role 19: Permission undefined not found in DASHBOARD","Role 19: Permission undefined not found in REPORT","Role 19: Permission undefined not found in QUEUE","Role 19: Permission undefined not found in NOTIFICATION","Role 19: Permission undefined not found in AUDIT","Role 20: Permission undefined not found in APPROVAL","Role 20: Permission undefined not found in DASHBOARD","Role 20: Permission undefined not found in REPORT","Role 20: Permission undefined not found in QUEUE","Role 20: Permission undefined not found in NOTIFICATION","Role 28: Permission undefined not found in DASHBOARD","Role 28: Permission undefined not found in REPORT","Role 28: Permission undefined not found in REPORT","Role 28: Permission undefined not found in REPORT","Role 33: Permission undefined not found in ANALYTICS","Role 34: Permission undefined not found in RISK","Role 38: Permission undefined not found in VAULT"],"level":"warn","message":"Permission validation errors","timestamp":"2026-02-28 04:12:38"}
{"level":"info","message":"Server time initialized (WAT): 2026-02-28T13:12:41.524Z","timestamp":"2026-02-28 04:12:41"}
{"error":"auditLogger.info(...).catch is not a function","level":"warn","message":"Could not log startup audit","timestamp":"2026-02-28 04:12:41"}
{"errors":["Role 19: Permission undefined not found in APPROVAL","Role 19: Permission undefined not found in DASHBOARD","Role 19: Permission undefined not found in REPORT","Role 19: Permission undefined not found in QUEUE","Role 19: Permission undefined not found in NOTIFICATION","Role 19: Permission undefined not found in AUDIT","Role 20: Permission undefined not found in APPROVAL","Role 20: Permission undefined not found in DASHBOARD","Role 20: Permission undefined not found in REPORT","Role 20: Permission undefined not found in QUEUE","Role 20: Permission undefined not found in NOTIFICATION","Role 28: Permission undefined not found in DASHBOARD","Role 28: Permission undefined not found in REPORT","Role 28: Permission undefined not found in REPORT","Role 28: Permission undefined not found in REPORT","Role 33: Permission undefined not found in ANALYTICS","Role 34: Permission undefined not found in RISK","Role 38: Permission undefined not found in VAULT"],"level":"warn","message":"Permission validation errors","timestamp":"2026-02-28 04:12:41"}
{"level":"info","message":"🔧 Auto-initializing models in development mode...","timestamp":"2026-02-28 04:12:45"}
{"level":"info","message":"🚀 Initializing model loader...","timestamp":"2026-02-28 04:12:45"}
{"level":"info","message":"✅ Models loaded via index.js","timestamp":"2026-02-28 04:12:45"}
{"level":"info","message":"✅ Model loader initialized successfully","timestamp":"2026-02-28 04:12:45"}
{"level":"info","message":"📊 Loaded models: sequelize, Op, DataTypes, QueryTypes, AMLThreshold, AccountApplication, Drawer, DrawerCloseOut, DrawerUserRole, DrawerCurrencyDenomination, DrawerCurrency, AuditTrail, VaultAccessAttempt, VaultMaintenanceLog, User, Permissions, UserRole, BusinessRole, Role, BusinessUnit, Branch, Organization, Customer, CustomerType, NextOfKin, CreditOfficer, CustomerAccount, DepositAccount, LoanAccount, SavingsProduct, LoanProduct, TermDeposit, Thrift, Group, GroupSavings, LoanInterestRate, Transaction, Deposit, Withdrawal, CashWithdrawalTransaction, DepositTransaction, LoanRepayment, LoanRepaymentTransaction, DirectDebit, DirectDebitRequest, StandingOrder, GLAccount, ChartofAccount, GLCategory, GLTransaction, GLAccountTransaction, JournalEntry, ScheduledTask, EOYReport, Holiday, CreditApplication, LoanContractForm, Guarantor, Collection, OverdueLoan, LoanPortfolio, LoanFee, LoanPenalty, DepositAccountInterest, DepositAccountInterest_Tier, Charge, InterestCalculation, Bank, Vault, VaultAuthorizedPersonnel, VaultPendingApproval, Country, State, WorkflowProcess, WorkflowSubProcess, WorkflowItem, WorkflowQueue, WorkflowBusinessRoleQueue, WorkflowSubProcessPolicy, CustomerWorkflowRouting, Notification, SMS, Report, Dashboard, Analytics, AccountStatement, IncomeExpense, TriftReport, DisbursementReport, LoanAccountSummary, DepositAccountSummary, Counter, SystemDate, License, Configuration, TransactionPolicy, ProductTypeMapping, RateIndex, Identifier, Subfolder, Event, AutoReclassifyInformation, UploadFile, CleanupDB, TellerStat, DepositAccountApplication, IdentificationInformation, Portfolio, LoanCalculator, AML, GuarantorAudit, RelationshipOfficer, GLClosingPeriod","timestamp":"2026-02-28 04:12:45"}
{"level":"info","message":"📊 Model Statistics:","timestamp":"2026-02-28 04:12:45"}
{"level":"info","message":"   Total models loaded: 113","timestamp":"2026-02-28 04:12:45"}
{"level":"info","message":"   CUSTOMER: 5 models","timestamp":"2026-02-28 04:12:45"}
{"level":"info","message":"   LOAN: 4 models","timestamp":"2026-02-28 04:12:45"}
{"level":"info","message":"   DEPOSIT: 4 models","timestamp":"2026-02-28 04:12:45"}
{"level":"info","message":"   TRANSACTION: 3 models","timestamp":"2026-02-28 04:12:45"}
{"level":"info","message":"   USER: 2 models","timestamp":"2026-02-28 04:12:45"}
{"level":"info","message":"   SYSTEM: 4 models","timestamp":"2026-02-28 04:12:45"}
{"level":"info","message":"   ACCOUNTING: 2 models","timestamp":"2026-02-28 04:12:45"}
{"level":"info","message":"   AUDIT: 1 models","timestamp":"2026-02-28 04:12:45"}
{"level":"info","message":"   NOTIFICATION: 1 models","timestamp":"2026-02-28 04:12:45"}
{"level":"info","message":"   THRIFT: 3 models","timestamp":"2026-02-28 04:12:45"}
{"level":"info","message":"✅ Thrift model successfully loaded and available","timestamp":"2026-02-28 04:12:45"}
{"level":"info","logDir":"logs","message":"🚀 Winston logger initialized","nodeVersion":"v24.13.0","platform":"win32","timestamp":"2026-02-28 04:23:19"}
{"level":"info","message":"ℹ️ Using regular HTTP agent (no valid SSL certificates configured)","timestamp":"2026-02-28 04:23:20"}
{"errors":["Role 19: Permission undefined not found in APPROVAL","Role 19: Permission undefined not found in DASHBOARD","Role 19: Permission undefined not found in REPORT","Role 19: Permission undefined not found in QUEUE","Role 19: Permission undefined not found in NOTIFICATION","Role 19: Permission undefined not found in AUDIT","Role 20: Permission undefined not found in APPROVAL","Role 20: Permission undefined not found in DASHBOARD","Role 20: Permission undefined not found in REPORT","Role 20: Permission undefined not found in QUEUE","Role 20: Permission undefined not found in NOTIFICATION","Role 28: Permission undefined not found in DASHBOARD","Role 28: Permission undefined not found in REPORT","Role 28: Permission undefined not found in REPORT","Role 28: Permission undefined not found in REPORT","Role 33: Permission undefined not found in ANALYTICS","Role 34: Permission undefined not found in RISK","Role 38: Permission undefined not found in VAULT"],"level":"warn","message":"Permission validation errors","timestamp":"2026-02-28 04:23:20"}
{"level":"info","message":"Server time initialized (WAT): 2026-02-28T13:23:23.332Z","timestamp":"2026-02-28 04:23:23"}
{"error":"auditLogger.info(...).catch is not a function","level":"warn","message":"Could not log startup audit","timestamp":"2026-02-28 04:23:23"}
{"errors":["Role 19: Permission undefined not found in APPROVAL","Role 19: Permission undefined not found in DASHBOARD","Role 19: Permission undefined not found in REPORT","Role 19: Permission undefined not found in QUEUE","Role 19: Permission undefined not found in NOTIFICATION","Role 19: Permission undefined not found in AUDIT","Role 20: Permission undefined not found in APPROVAL","Role 20: Permission undefined not found in DASHBOARD","Role 20: Permission undefined not found in REPORT","Role 20: Permission undefined not found in QUEUE","Role 20: Permission undefined not found in NOTIFICATION","Role 28: Permission undefined not found in DASHBOARD","Role 28: Permission undefined not found in REPORT","Role 28: Permission undefined not found in REPORT","Role 28: Permission undefined not found in REPORT","Role 33: Permission undefined not found in ANALYTICS","Role 34: Permission undefined not found in RISK","Role 38: Permission undefined not found in VAULT"],"level":"warn","message":"Permission validation errors","timestamp":"2026-02-28 04:23:23"}
{"level":"info","message":"🔧 Auto-initializing models in development mode...","timestamp":"2026-02-28 04:23:26"}
{"level":"info","message":"🚀 Initializing model loader...","timestamp":"2026-02-28 04:23:26"}
{"level":"info","message":"✅ Models loaded via index.js","timestamp":"2026-02-28 04:23:26"}
{"level":"info","message":"✅ Model loader initialized successfully","timestamp":"2026-02-28 04:23:26"}
{"level":"info","message":"📊 Loaded models: sequelize, Op, DataTypes, QueryTypes, AMLThreshold, AccountApplication, Drawer, DrawerCloseOut, DrawerUserRole, DrawerCurrencyDenomination, DrawerCurrency, AuditTrail, VaultAccessAttempt, VaultMaintenanceLog, User, Permissions, UserRole, BusinessRole, Role, BusinessUnit, Branch, Organization, Customer, CustomerType, NextOfKin, CreditOfficer, CustomerAccount, DepositAccount, LoanAccount, SavingsProduct, LoanProduct, TermDeposit, Thrift, Group, GroupSavings, LoanInterestRate, Transaction, Deposit, Withdrawal, CashWithdrawalTransaction, DepositTransaction, LoanRepayment, LoanRepaymentTransaction, DirectDebit, DirectDebitRequest, StandingOrder, GLAccount, ChartofAccount, GLCategory, GLTransaction, GLAccountTransaction, JournalEntry, ScheduledTask, EOYReport, Holiday, CreditApplication, LoanContractForm, Guarantor, Collection, OverdueLoan, LoanPortfolio, LoanFee, LoanPenalty, DepositAccountInterest, DepositAccountInterest_Tier, Charge, InterestCalculation, Bank, Vault, VaultAuthorizedPersonnel, VaultPendingApproval, Country, State, WorkflowProcess, WorkflowSubProcess, WorkflowItem, WorkflowQueue, WorkflowBusinessRoleQueue, WorkflowSubProcessPolicy, CustomerWorkflowRouting, Notification, SMS, Report, Dashboard, Analytics, AccountStatement, IncomeExpense, TriftReport, DisbursementReport, LoanAccountSummary, DepositAccountSummary, Counter, SystemDate, License, Configuration, TransactionPolicy, ProductTypeMapping, RateIndex, Identifier, Subfolder, Event, AutoReclassifyInformation, UploadFile, CleanupDB, TellerStat, DepositAccountApplication, IdentificationInformation, Portfolio, LoanCalculator, AML, GuarantorAudit, RelationshipOfficer, GLClosingPeriod","timestamp":"2026-02-28 04:23:26"}
{"level":"info","message":"📊 Model Statistics:","timestamp":"2026-02-28 04:23:26"}
{"level":"info","message":"   Total models loaded: 113","timestamp":"2026-02-28 04:23:26"}
{"level":"info","message":"   CUSTOMER: 5 models","timestamp":"2026-02-28 04:23:26"}
{"level":"info","message":"   LOAN: 4 models","timestamp":"2026-02-28 04:23:26"}
{"level":"info","message":"   DEPOSIT: 4 models","timestamp":"2026-02-28 04:23:26"}
{"level":"info","message":"   TRANSACTION: 3 models","timestamp":"2026-02-28 04:23:26"}
{"level":"info","message":"   USER: 2 models","timestamp":"2026-02-28 04:23:26"}
{"level":"info","message":"   SYSTEM: 4 models","timestamp":"2026-02-28 04:23:26"}
{"level":"info","message":"   ACCOUNTING: 2 models","timestamp":"2026-02-28 04:23:26"}
{"level":"info","message":"   AUDIT: 1 models","timestamp":"2026-02-28 04:23:26"}
{"level":"info","message":"   NOTIFICATION: 1 models","timestamp":"2026-02-28 04:23:26"}
{"level":"info","message":"   THRIFT: 3 models","timestamp":"2026-02-28 04:23:26"}
{"level":"info","message":"✅ Thrift model successfully loaded and available","timestamp":"2026-02-28 04:23:26"}
{"level":"info","logDir":"logs","message":"🚀 Winston logger initialized","nodeVersion":"v24.13.0","platform":"win32","timestamp":"2026-02-28 04:32:22"}
{"level":"info","message":"ℹ️ Using regular HTTP agent (no valid SSL certificates configured)","timestamp":"2026-02-28 04:32:22"}
{"errors":["Role 19: Permission undefined not found in APPROVAL","Role 19: Permission undefined not found in DASHBOARD","Role 19: Permission undefined not found in REPORT","Role 19: Permission undefined not found in QUEUE","Role 19: Permission undefined not found in NOTIFICATION","Role 19: Permission undefined not found in AUDIT","Role 20: Permission undefined not found in APPROVAL","Role 20: Permission undefined not found in DASHBOARD","Role 20: Permission undefined not found in REPORT","Role 20: Permission undefined not found in QUEUE","Role 20: Permission undefined not found in NOTIFICATION","Role 28: Permission undefined not found in DASHBOARD","Role 28: Permission undefined not found in REPORT","Role 28: Permission undefined not found in REPORT","Role 28: Permission undefined not found in REPORT","Role 33: Permission undefined not found in ANALYTICS","Role 34: Permission undefined not found in RISK","Role 38: Permission undefined not found in VAULT"],"level":"warn","message":"Permission validation errors","timestamp":"2026-02-28 04:32:23"}
{"level":"info","message":"Server time initialized (WAT): 2026-02-28T13:32:25.787Z","timestamp":"2026-02-28 04:32:25"}
{"error":"auditLogger.info(...).catch is not a function","level":"warn","message":"Could not log startup audit","timestamp":"2026-02-28 04:32:25"}
{"errors":["Role 19: Permission undefined not found in APPROVAL","Role 19: Permission undefined not found in DASHBOARD","Role 19: Permission undefined not found in REPORT","Role 19: Permission undefined not found in QUEUE","Role 19: Permission undefined not found in NOTIFICATION","Role 19: Permission undefined not found in AUDIT","Role 20: Permission undefined not found in APPROVAL","Role 20: Permission undefined not found in DASHBOARD","Role 20: Permission undefined not found in REPORT","Role 20: Permission undefined not found in QUEUE","Role 20: Permission undefined not found in NOTIFICATION","Role 28: Permission undefined not found in DASHBOARD","Role 28: Permission undefined not found in REPORT","Role 28: Permission undefined not found in REPORT","Role 28: Permission undefined not found in REPORT","Role 33: Permission undefined not found in ANALYTICS","Role 34: Permission undefined not found in RISK","Role 38: Permission undefined not found in VAULT"],"level":"warn","message":"Permission validation errors","timestamp":"2026-02-28 04:32:25"}
{"level":"info","message":"🔧 Auto-initializing models in development mode...","timestamp":"2026-02-28 04:32:28"}
{"level":"info","message":"🚀 Initializing model loader...","timestamp":"2026-02-28 04:32:28"}
{"level":"info","message":"✅ Models loaded via index.js","timestamp":"2026-02-28 04:32:28"}
{"level":"info","message":"✅ Model loader initialized successfully","timestamp":"2026-02-28 04:32:29"}
{"level":"info","message":"📊 Loaded models: sequelize, Op, DataTypes, QueryTypes, AMLThreshold, AccountApplication, Drawer, DrawerCloseOut, DrawerUserRole, DrawerCurrencyDenomination, DrawerCurrency, AuditTrail, VaultAccessAttempt, VaultMaintenanceLog, User, Permissions, UserRole, BusinessRole, Role, BusinessUnit, Branch, Organization, Customer, CustomerType, NextOfKin, CreditOfficer, CustomerAccount, DepositAccount, LoanAccount, SavingsProduct, LoanProduct, TermDeposit, Thrift, Group, GroupSavings, LoanInterestRate, Transaction, Deposit, Withdrawal, CashWithdrawalTransaction, DepositTransaction, LoanRepayment, LoanRepaymentTransaction, DirectDebit, DirectDebitRequest, StandingOrder, GLAccount, ChartofAccount, GLCategory, GLTransaction, GLAccountTransaction, JournalEntry, ScheduledTask, EOYReport, Holiday, CreditApplication, LoanContractForm, Guarantor, Collection, OverdueLoan, LoanPortfolio, LoanFee, LoanPenalty, DepositAccountInterest, DepositAccountInterest_Tier, Charge, InterestCalculation, Bank, Vault, VaultAuthorizedPersonnel, VaultPendingApproval, Country, State, WorkflowProcess, WorkflowSubProcess, WorkflowItem, WorkflowQueue, WorkflowBusinessRoleQueue, WorkflowSubProcessPolicy, CustomerWorkflowRouting, Notification, SMS, Report, Dashboard, Analytics, AccountStatement, IncomeExpense, TriftReport, DisbursementReport, LoanAccountSummary, DepositAccountSummary, Counter, SystemDate, License, Configuration, TransactionPolicy, ProductTypeMapping, RateIndex, Identifier, Subfolder, Event, AutoReclassifyInformation, UploadFile, CleanupDB, TellerStat, DepositAccountApplication, IdentificationInformation, Portfolio, LoanCalculator, AML, GuarantorAudit, RelationshipOfficer, GLClosingPeriod","timestamp":"2026-02-28 04:32:29"}
{"level":"info","message":"📊 Model Statistics:","timestamp":"2026-02-28 04:32:29"}
{"level":"info","message":"   Total models loaded: 113","timestamp":"2026-02-28 04:32:29"}
{"level":"info","message":"   CUSTOMER: 5 models","timestamp":"2026-02-28 04:32:29"}
{"level":"info","message":"   LOAN: 4 models","timestamp":"2026-02-28 04:32:29"}
{"level":"info","message":"   DEPOSIT: 4 models","timestamp":"2026-02-28 04:32:29"}
{"level":"info","message":"   TRANSACTION: 3 models","timestamp":"2026-02-28 04:32:29"}
{"level":"info","message":"   USER: 2 models","timestamp":"2026-02-28 04:32:29"}
{"level":"info","message":"   SYSTEM: 4 models","timestamp":"2026-02-28 04:32:29"}
{"level":"info","message":"   ACCOUNTING: 2 models","timestamp":"2026-02-28 04:32:29"}
{"level":"info","message":"   AUDIT: 1 models","timestamp":"2026-02-28 04:32:29"}
{"level":"info","message":"   NOTIFICATION: 1 models","timestamp":"2026-02-28 04:32:29"}
{"level":"info","message":"   THRIFT: 3 models","timestamp":"2026-02-28 04:32:29"}
{"level":"info","message":"✅ Thrift model successfully loaded and available","timestamp":"2026-02-28 04:32:29"}
{"level":"info","logDir":"logs","message":"🚀 Winston logger initialized","nodeVersion":"v24.13.0","platform":"win32","timestamp":"2026-02-28 04:41:01"}
{"level":"info","message":"ℹ️ Using regular HTTP agent (no valid SSL certificates configured)","timestamp":"2026-02-28 04:41:01"}
{"errors":["Role 19: Permission undefined not found in APPROVAL","Role 19: Permission undefined not found in DASHBOARD","Role 19: Permission undefined not found in REPORT","Role 19: Permission undefined not found in QUEUE","Role 19: Permission undefined not found in NOTIFICATION","Role 19: Permission undefined not found in AUDIT","Role 20: Permission undefined not found in APPROVAL","Role 20: Permission undefined not found in DASHBOARD","Role 20: Permission undefined not found in REPORT","Role 20: Permission undefined not found in QUEUE","Role 20: Permission undefined not found in NOTIFICATION","Role 28: Permission undefined not found in DASHBOARD","Role 28: Permission undefined not found in REPORT","Role 28: Permission undefined not found in REPORT","Role 28: Permission undefined not found in REPORT","Role 33: Permission undefined not found in ANALYTICS","Role 34: Permission undefined not found in RISK","Role 38: Permission undefined not found in VAULT"],"level":"warn","message":"Permission validation errors","timestamp":"2026-02-28 04:41:02"}
{"level":"info","message":"Server time initialized (WAT): 2026-02-28T13:41:04.610Z","timestamp":"2026-02-28 04:41:04"}
{"error":"auditLogger.info(...).catch is not a function","level":"warn","message":"Could not log startup audit","timestamp":"2026-02-28 04:41:04"}
{"errors":["Role 19: Permission undefined not found in APPROVAL","Role 19: Permission undefined not found in DASHBOARD","Role 19: Permission undefined not found in REPORT","Role 19: Permission undefined not found in QUEUE","Role 19: Permission undefined not found in NOTIFICATION","Role 19: Permission undefined not found in AUDIT","Role 20: Permission undefined not found in APPROVAL","Role 20: Permission undefined not found in DASHBOARD","Role 20: Permission undefined not found in REPORT","Role 20: Permission undefined not found in QUEUE","Role 20: Permission undefined not found in NOTIFICATION","Role 28: Permission undefined not found in DASHBOARD","Role 28: Permission undefined not found in REPORT","Role 28: Permission undefined not found in REPORT","Role 28: Permission undefined not found in REPORT","Role 33: Permission undefined not found in ANALYTICS","Role 34: Permission undefined not found in RISK","Role 38: Permission undefined not found in VAULT"],"level":"warn","message":"Permission validation errors","timestamp":"2026-02-28 04:41:04"}
{"level":"info","message":"🔧 Auto-initializing models in development mode...","timestamp":"2026-02-28 04:41:07"}
{"level":"info","message":"🚀 Initializing model loader...","timestamp":"2026-02-28 04:41:07"}
{"level":"info","message":"✅ Models loaded via index.js","timestamp":"2026-02-28 04:41:07"}
{"level":"info","message":"✅ Model loader initialized successfully","timestamp":"2026-02-28 04:41:07"}
{"level":"info","message":"📊 Loaded models: sequelize, Op, DataTypes, QueryTypes, AMLThreshold, AccountApplication, Drawer, DrawerCloseOut, DrawerUserRole, DrawerCurrencyDenomination, DrawerCurrency, AuditTrail, VaultAccessAttempt, VaultMaintenanceLog, User, Permissions, UserRole, BusinessRole, Role, BusinessUnit, Branch, Organization, Customer, CustomerType, NextOfKin, CreditOfficer, CustomerAccount, DepositAccount, LoanAccount, SavingsProduct, LoanProduct, TermDeposit, Thrift, Group, GroupSavings, LoanInterestRate, Transaction, Deposit, Withdrawal, CashWithdrawalTransaction, DepositTransaction, LoanRepayment, LoanRepaymentTransaction, DirectDebit, DirectDebitRequest, StandingOrder, GLAccount, ChartofAccount, GLCategory, GLTransaction, GLAccountTransaction, JournalEntry, ScheduledTask, EOYReport, Holiday, CreditApplication, LoanContractForm, Guarantor, Collection, OverdueLoan, LoanPortfolio, LoanFee, LoanPenalty, DepositAccountInterest, DepositAccountInterest_Tier, Charge, InterestCalculation, Bank, Vault, VaultAuthorizedPersonnel, VaultPendingApproval, Country, State, WorkflowProcess, WorkflowSubProcess, WorkflowItem, WorkflowQueue, WorkflowBusinessRoleQueue, WorkflowSubProcessPolicy, CustomerWorkflowRouting, Notification, SMS, Report, Dashboard, Analytics, AccountStatement, IncomeExpense, TriftReport, DisbursementReport, LoanAccountSummary, DepositAccountSummary, Counter, SystemDate, License, Configuration, TransactionPolicy, ProductTypeMapping, RateIndex, Identifier, Subfolder, Event, AutoReclassifyInformation, UploadFile, CleanupDB, TellerStat, DepositAccountApplication, IdentificationInformation, Portfolio, LoanCalculator, AML, GuarantorAudit, RelationshipOfficer, GLClosingPeriod","timestamp":"2026-02-28 04:41:07"}
{"level":"info","message":"📊 Model Statistics:","timestamp":"2026-02-28 04:41:07"}
{"level":"info","message":"   Total models loaded: 113","timestamp":"2026-02-28 04:41:07"}
{"level":"info","message":"   CUSTOMER: 5 models","timestamp":"2026-02-28 04:41:07"}
{"level":"info","message":"   LOAN: 4 models","timestamp":"2026-02-28 04:41:07"}
{"level":"info","message":"   DEPOSIT: 4 models","timestamp":"2026-02-28 04:41:07"}
{"level":"info","message":"   TRANSACTION: 3 models","timestamp":"2026-02-28 04:41:07"}
{"level":"info","message":"   USER: 2 models","timestamp":"2026-02-28 04:41:07"}
{"level":"info","message":"   SYSTEM: 4 models","timestamp":"2026-02-28 04:41:07"}
{"level":"info","message":"   ACCOUNTING: 2 models","timestamp":"2026-02-28 04:41:07"}
{"level":"info","message":"   AUDIT: 1 models","timestamp":"2026-02-28 04:41:07"}
{"level":"info","message":"   NOTIFICATION: 1 models","timestamp":"2026-02-28 04:41:07"}
{"level":"info","message":"   THRIFT: 3 models","timestamp":"2026-02-28 04:41:07"}
{"level":"info","message":"✅ Thrift model successfully loaded and available","timestamp":"2026-02-28 04:41:07"}
{"level":"info","logDir":"logs","message":"🚀 Winston logger initialized","nodeVersion":"v24.13.0","platform":"win32","timestamp":"2026-02-28 04:56:45"}
{"level":"info","message":"ℹ️ Using regular HTTP agent (no valid SSL certificates configured)","timestamp":"2026-02-28 04:56:45"}
{"errors":["Role 19: Permission undefined not found in APPROVAL","Role 19: Permission undefined not found in DASHBOARD","Role 19: Permission undefined not found in REPORT","Role 19: Permission undefined not found in QUEUE","Role 19: Permission undefined not found in NOTIFICATION","Role 19: Permission undefined not found in AUDIT","Role 20: Permission undefined not found in APPROVAL","Role 20: Permission undefined not found in DASHBOARD","Role 20: Permission undefined not found in REPORT","Role 20: Permission undefined not found in QUEUE","Role 20: Permission undefined not found in NOTIFICATION","Role 28: Permission undefined not found in DASHBOARD","Role 28: Permission undefined not found in REPORT","Role 28: Permission undefined not found in REPORT","Role 28: Permission undefined not found in REPORT","Role 33: Permission undefined not found in ANALYTICS","Role 34: Permission undefined not found in RISK","Role 38: Permission undefined not found in VAULT"],"level":"warn","message":"Permission validation errors","timestamp":"2026-02-28 04:56:46"}
{"level":"info","message":"Server time initialized (WAT): 2026-02-28T13:56:49.619Z","timestamp":"2026-02-28 04:56:49"}
{"error":"auditLogger.info(...).catch is not a function","level":"warn","message":"Could not log startup audit","timestamp":"2026-02-28 04:56:49"}
{"errors":["Role 19: Permission undefined not found in APPROVAL","Role 19: Permission undefined not found in DASHBOARD","Role 19: Permission undefined not found in REPORT","Role 19: Permission undefined not found in QUEUE","Role 19: Permission undefined not found in NOTIFICATION","Role 19: Permission undefined not found in AUDIT","Role 20: Permission undefined not found in APPROVAL","Role 20: Permission undefined not found in DASHBOARD","Role 20: Permission undefined not found in REPORT","Role 20: Permission undefined not found in QUEUE","Role 20: Permission undefined not found in NOTIFICATION","Role 28: Permission undefined not found in DASHBOARD","Role 28: Permission undefined not found in REPORT","Role 28: Permission undefined not found in REPORT","Role 28: Permission undefined not found in REPORT","Role 33: Permission undefined not found in ANALYTICS","Role 34: Permission undefined not found in RISK","Role 38: Permission undefined not found in VAULT"],"level":"warn","message":"Permission validation errors","timestamp":"2026-02-28 04:56:49"}
{"level":"info","message":"🔧 Auto-initializing models in development mode...","timestamp":"2026-02-28 04:56:52"}
{"level":"info","message":"🚀 Initializing model loader...","timestamp":"2026-02-28 04:56:52"}
{"level":"info","message":"✅ Models loaded via index.js","timestamp":"2026-02-28 04:56:52"}
{"level":"info","message":"✅ Model loader initialized successfully","timestamp":"2026-02-28 04:56:52"}
{"level":"info","message":"📊 Loaded models: sequelize, Op, DataTypes, QueryTypes, AMLThreshold, AccountApplication, Drawer, DrawerCloseOut, DrawerUserRole, DrawerCurrencyDenomination, DrawerCurrency, AuditTrail, VaultAccessAttempt, VaultMaintenanceLog, User, Permissions, UserRole, BusinessRole, Role, BusinessUnit, Branch, Organization, Customer, CustomerType, NextOfKin, CreditOfficer, CustomerAccount, DepositAccount, LoanAccount, SavingsProduct, LoanProduct, TermDeposit, Thrift, Group, GroupSavings, LoanInterestRate, Transaction, Deposit, Withdrawal, CashWithdrawalTransaction, DepositTransaction, LoanRepayment, LoanRepaymentTransaction, DirectDebit, DirectDebitRequest, StandingOrder, GLAccount, ChartofAccount, GLCategory, GLTransaction, GLAccountTransaction, JournalEntry, ScheduledTask, EOYReport, Holiday, CreditApplication, LoanContractForm, Guarantor, Collection, OverdueLoan, LoanPortfolio, LoanFee, LoanPenalty, DepositAccountInterest, DepositAccountInterest_Tier, Charge, InterestCalculation, Bank, Vault, VaultAuthorizedPersonnel, VaultPendingApproval, Country, State, WorkflowProcess, WorkflowSubProcess, WorkflowItem, WorkflowQueue, WorkflowBusinessRoleQueue, WorkflowSubProcessPolicy, CustomerWorkflowRouting, Notification, SMS, Report, Dashboard, Analytics, AccountStatement, IncomeExpense, TriftReport, DisbursementReport, LoanAccountSummary, DepositAccountSummary, Counter, SystemDate, License, Configuration, TransactionPolicy, ProductTypeMapping, RateIndex, Identifier, Subfolder, Event, AutoReclassifyInformation, UploadFile, CleanupDB, TellerStat, DepositAccountApplication, IdentificationInformation, Portfolio, LoanCalculator, AML, GuarantorAudit, RelationshipOfficer, GLClosingPeriod","timestamp":"2026-02-28 04:56:52"}
{"level":"info","message":"📊 Model Statistics:","timestamp":"2026-02-28 04:56:52"}
{"level":"info","message":"   Total models loaded: 113","timestamp":"2026-02-28 04:56:52"}
{"level":"info","message":"   CUSTOMER: 5 models","timestamp":"2026-02-28 04:56:52"}
{"level":"info","message":"   LOAN: 4 models","timestamp":"2026-02-28 04:56:52"}
{"level":"info","message":"   DEPOSIT: 4 models","timestamp":"2026-02-28 04:56:52"}
{"level":"info","message":"   TRANSACTION: 3 models","timestamp":"2026-02-28 04:56:52"}
{"level":"info","message":"   USER: 2 models","timestamp":"2026-02-28 04:56:52"}
{"level":"info","message":"   SYSTEM: 4 models","timestamp":"2026-02-28 04:56:52"}
{"level":"info","message":"   ACCOUNTING: 2 models","timestamp":"2026-02-28 04:56:52"}
{"level":"info","message":"   AUDIT: 1 models","timestamp":"2026-02-28 04:56:52"}
{"level":"info","message":"   NOTIFICATION: 1 models","timestamp":"2026-02-28 04:56:52"}
{"level":"info","message":"   THRIFT: 3 models","timestamp":"2026-02-28 04:56:52"}
{"level":"info","message":"✅ Thrift model successfully loaded and available","timestamp":"2026-02-28 04:56:52"}
{"level":"info","logDir":"logs","message":"🚀 Winston logger initialized","nodeVersion":"v24.13.0","platform":"win32","timestamp":"2026-02-28 05:10:49"}
{"level":"info","message":"ℹ️ Using regular HTTP agent (no valid SSL certificates configured)","timestamp":"2026-02-28 05:10:49"}
{"errors":["Role 19: Permission undefined not found in APPROVAL","Role 19: Permission undefined not found in DASHBOARD","Role 19: Permission undefined not found in REPORT","Role 19: Permission undefined not found in QUEUE","Role 19: Permission undefined not found in NOTIFICATION","Role 19: Permission undefined not found in AUDIT","Role 20: Permission undefined not found in APPROVAL","Role 20: Permission undefined not found in DASHBOARD","Role 20: Permission undefined not found in REPORT","Role 20: Permission undefined not found in QUEUE","Role 20: Permission undefined not found in NOTIFICATION","Role 28: Permission undefined not found in DASHBOARD","Role 28: Permission undefined not found in REPORT","Role 28: Permission undefined not found in REPORT","Role 28: Permission undefined not found in REPORT","Role 33: Permission undefined not found in ANALYTICS","Role 34: Permission undefined not found in RISK","Role 38: Permission undefined not found in VAULT"],"level":"warn","message":"Permission validation errors","timestamp":"2026-02-28 05:10:50"}
{"level":"info","message":"Server time initialized (WAT): 2026-02-28T14:10:53.655Z","timestamp":"2026-02-28 05:10:53"}
{"error":"auditLogger.info(...).catch is not a function","level":"warn","message":"Could not log startup audit","timestamp":"2026-02-28 05:10:53"}
{"errors":["Role 19: Permission undefined not found in APPROVAL","Role 19: Permission undefined not found in DASHBOARD","Role 19: Permission undefined not found in REPORT","Role 19: Permission undefined not found in QUEUE","Role 19: Permission undefined not found in NOTIFICATION","Role 19: Permission undefined not found in AUDIT","Role 20: Permission undefined not found in APPROVAL","Role 20: Permission undefined not found in DASHBOARD","Role 20: Permission undefined not found in REPORT","Role 20: Permission undefined not found in QUEUE","Role 20: Permission undefined not found in NOTIFICATION","Role 28: Permission undefined not found in DASHBOARD","Role 28: Permission undefined not found in REPORT","Role 28: Permission undefined not found in REPORT","Role 28: Permission undefined not found in REPORT","Role 33: Permission undefined not found in ANALYTICS","Role 34: Permission undefined not found in RISK","Role 38: Permission undefined not found in VAULT"],"level":"warn","message":"Permission validation errors","timestamp":"2026-02-28 05:10:53"}
{"level":"info","message":"🔧 Auto-initializing models in development mode...","timestamp":"2026-02-28 05:10:57"}
{"level":"info","message":"🚀 Initializing model loader...","timestamp":"2026-02-28 05:10:57"}
{"level":"info","message":"✅ Models loaded via index.js","timestamp":"2026-02-28 05:10:57"}
{"level":"info","message":"✅ Model loader initialized successfully","timestamp":"2026-02-28 05:10:57"}
{"level":"info","message":"📊 Loaded models: sequelize, Op, DataTypes, QueryTypes, AMLThreshold, AccountApplication, Drawer, DrawerCloseOut, DrawerUserRole, DrawerCurrencyDenomination, DrawerCurrency, AuditTrail, VaultAccessAttempt, VaultMaintenanceLog, User, Permissions, UserRole, BusinessRole, Role, BusinessUnit, Branch, Organization, Customer, CustomerType, NextOfKin, CreditOfficer, CustomerAccount, DepositAccount, LoanAccount, SavingsProduct, LoanProduct, TermDeposit, Thrift, Group, GroupSavings, LoanInterestRate, Transaction, Deposit, Withdrawal, CashWithdrawalTransaction, DepositTransaction, LoanRepayment, LoanRepaymentTransaction, DirectDebit, DirectDebitRequest, StandingOrder, GLAccount, ChartofAccount, GLCategory, GLTransaction, GLAccountTransaction, JournalEntry, ScheduledTask, EOYReport, Holiday, CreditApplication, LoanContractForm, Guarantor, Collection, OverdueLoan, LoanPortfolio, LoanFee, LoanPenalty, DepositAccountInterest, DepositAccountInterest_Tier, Charge, InterestCalculation, Bank, Vault, VaultAuthorizedPersonnel, VaultPendingApproval, Country, State, WorkflowProcess, WorkflowSubProcess, WorkflowItem, WorkflowQueue, WorkflowBusinessRoleQueue, WorkflowSubProcessPolicy, CustomerWorkflowRouting, Notification, SMS, Report, Dashboard, Analytics, AccountStatement, IncomeExpense, TriftReport, DisbursementReport, LoanAccountSummary, DepositAccountSummary, Counter, SystemDate, License, Configuration, TransactionPolicy, ProductTypeMapping, RateIndex, Identifier, Subfolder, Event, AutoReclassifyInformation, UploadFile, CleanupDB, TellerStat, DepositAccountApplication, IdentificationInformation, Portfolio, LoanCalculator, AML, GuarantorAudit, RelationshipOfficer, GLClosingPeriod","timestamp":"2026-02-28 05:10:57"}
{"level":"info","message":"📊 Model Statistics:","timestamp":"2026-02-28 05:10:57"}
{"level":"info","message":"   Total models loaded: 113","timestamp":"2026-02-28 05:10:57"}
{"level":"info","message":"   CUSTOMER: 5 models","timestamp":"2026-02-28 05:10:57"}
{"level":"info","message":"   LOAN: 4 models","timestamp":"2026-02-28 05:10:57"}
{"level":"info","message":"   DEPOSIT: 4 models","timestamp":"2026-02-28 05:10:57"}
{"level":"info","message":"   TRANSACTION: 3 models","timestamp":"2026-02-28 05:10:57"}
{"level":"info","message":"   USER: 2 models","timestamp":"2026-02-28 05:10:57"}
{"level":"info","message":"   SYSTEM: 4 models","timestamp":"2026-02-28 05:10:57"}
{"level":"info","message":"   ACCOUNTING: 2 models","timestamp":"2026-02-28 05:10:57"}
{"level":"info","message":"   AUDIT: 1 models","timestamp":"2026-02-28 05:10:57"}
{"level":"info","message":"   NOTIFICATION: 1 models","timestamp":"2026-02-28 05:10:57"}
{"level":"info","message":"   THRIFT: 3 models","timestamp":"2026-02-28 05:10:57"}
{"level":"info","message":"✅ Thrift model successfully loaded and available","timestamp":"2026-02-28 05:10:57"}
{"level":"info","logDir":"logs","message":"🚀 Winston logger initialized","nodeVersion":"v24.13.0","platform":"win32","timestamp":"2026-02-28 05:18:57"}
{"level":"info","message":"ℹ️ Using regular HTTP agent (no valid SSL certificates configured)","timestamp":"2026-02-28 05:18:57"}
{"errors":["Role 19: Permission undefined not found in APPROVAL","Role 19: Permission undefined not found in DASHBOARD","Role 19: Permission undefined not found in REPORT","Role 19: Permission undefined not found in QUEUE","Role 19: Permission undefined not found in NOTIFICATION","Role 19: Permission undefined not found in AUDIT","Role 20: Permission undefined not found in APPROVAL","Role 20: Permission undefined not found in DASHBOARD","Role 20: Permission undefined not found in REPORT","Role 20: Permission undefined not found in QUEUE","Role 20: Permission undefined not found in NOTIFICATION","Role 28: Permission undefined not found in DASHBOARD","Role 28: Permission undefined not found in REPORT","Role 28: Permission undefined not found in REPORT","Role 28: Permission undefined not found in REPORT","Role 33: Permission undefined not found in ANALYTICS","Role 34: Permission undefined not found in RISK","Role 38: Permission undefined not found in VAULT"],"level":"warn","message":"Permission validation errors","timestamp":"2026-02-28 05:18:58"}
{"level":"info","message":"Server time initialized (WAT): 2026-02-28T14:19:00.731Z","timestamp":"2026-02-28 05:19:00"}
{"error":"auditLogger.info(...).catch is not a function","level":"warn","message":"Could not log startup audit","timestamp":"2026-02-28 05:19:00"}
{"errors":["Role 19: Permission undefined not found in APPROVAL","Role 19: Permission undefined not found in DASHBOARD","Role 19: Permission undefined not found in REPORT","Role 19: Permission undefined not found in QUEUE","Role 19: Permission undefined not found in NOTIFICATION","Role 19: Permission undefined not found in AUDIT","Role 20: Permission undefined not found in APPROVAL","Role 20: Permission undefined not found in DASHBOARD","Role 20: Permission undefined not found in REPORT","Role 20: Permission undefined not found in QUEUE","Role 20: Permission undefined not found in NOTIFICATION","Role 28: Permission undefined not found in DASHBOARD","Role 28: Permission undefined not found in REPORT","Role 28: Permission undefined not found in REPORT","Role 28: Permission undefined not found in REPORT","Role 33: Permission undefined not found in ANALYTICS","Role 34: Permission undefined not found in RISK","Role 38: Permission undefined not found in VAULT"],"level":"warn","message":"Permission validation errors","timestamp":"2026-02-28 05:19:00"}
{"level":"info","message":"🔧 Auto-initializing models in development mode...","timestamp":"2026-02-28 05:19:03"}
{"level":"info","message":"🚀 Initializing model loader...","timestamp":"2026-02-28 05:19:03"}
{"level":"info","message":"✅ Models loaded via index.js","timestamp":"2026-02-28 05:19:03"}
{"level":"info","message":"✅ Model loader initialized successfully","timestamp":"2026-02-28 05:19:03"}
{"level":"info","message":"📊 Loaded models: sequelize, Op, DataTypes, QueryTypes, AMLThreshold, AccountApplication, Drawer, DrawerCloseOut, DrawerUserRole, DrawerCurrencyDenomination, DrawerCurrency, AuditTrail, VaultAccessAttempt, VaultMaintenanceLog, User, Permissions, UserRole, BusinessRole, Role, BusinessUnit, Branch, Organization, Customer, CustomerType, NextOfKin, CreditOfficer, CustomerAccount, DepositAccount, LoanAccount, SavingsProduct, LoanProduct, TermDeposit, Thrift, Group, GroupSavings, LoanInterestRate, Transaction, Deposit, Withdrawal, CashWithdrawalTransaction, DepositTransaction, LoanRepayment, LoanRepaymentTransaction, DirectDebit, DirectDebitRequest, StandingOrder, GLAccount, ChartofAccount, GLCategory, GLTransaction, GLAccountTransaction, JournalEntry, ScheduledTask, EOYReport, Holiday, CreditApplication, LoanContractForm, Guarantor, Collection, OverdueLoan, LoanPortfolio, LoanFee, LoanPenalty, DepositAccountInterest, DepositAccountInterest_Tier, Charge, InterestCalculation, Bank, Vault, VaultAuthorizedPersonnel, VaultPendingApproval, Country, State, WorkflowProcess, WorkflowSubProcess, WorkflowItem, WorkflowQueue, WorkflowBusinessRoleQueue, WorkflowSubProcessPolicy, CustomerWorkflowRouting, Notification, SMS, Report, Dashboard, Analytics, AccountStatement, IncomeExpense, TriftReport, DisbursementReport, LoanAccountSummary, DepositAccountSummary, Counter, SystemDate, License, Configuration, TransactionPolicy, ProductTypeMapping, RateIndex, Identifier, Subfolder, Event, AutoReclassifyInformation, UploadFile, CleanupDB, TellerStat, DepositAccountApplication, IdentificationInformation, Portfolio, LoanCalculator, AML, GuarantorAudit, RelationshipOfficer, GLClosingPeriod","timestamp":"2026-02-28 05:19:03"}
{"level":"info","message":"📊 Model Statistics:","timestamp":"2026-02-28 05:19:03"}
{"level":"info","message":"   Total models loaded: 113","timestamp":"2026-02-28 05:19:03"}
{"level":"info","message":"   CUSTOMER: 5 models","timestamp":"2026-02-28 05:19:03"}
{"level":"info","message":"   LOAN: 4 models","timestamp":"2026-02-28 05:19:03"}
{"level":"info","message":"   DEPOSIT: 4 models","timestamp":"2026-02-28 05:19:03"}
{"level":"info","message":"   TRANSACTION: 3 models","timestamp":"2026-02-28 05:19:03"}
{"level":"info","message":"   USER: 2 models","timestamp":"2026-02-28 05:19:03"}
{"level":"info","message":"   SYSTEM: 4 models","timestamp":"2026-02-28 05:19:03"}
{"level":"info","message":"   ACCOUNTING: 2 models","timestamp":"2026-02-28 05:19:03"}
{"level":"info","message":"   AUDIT: 1 models","timestamp":"2026-02-28 05:19:03"}
{"level":"info","message":"   NOTIFICATION: 1 models","timestamp":"2026-02-28 05:19:03"}
{"level":"info","message":"   THRIFT: 3 models","timestamp":"2026-02-28 05:19:03"}
{"level":"info","message":"✅ Thrift model successfully loaded and available","timestamp":"2026-02-28 05:19:03"}
{"level":"info","logDir":"logs","message":"🚀 Winston logger initialized","nodeVersion":"v24.13.0","platform":"win32","timestamp":"2026-02-28 05:25:20"}
{"level":"info","message":"ℹ️ Using regular HTTP agent (no valid SSL certificates configured)","timestamp":"2026-02-28 05:25:21"}
{"errors":["Role 19: Permission undefined not found in APPROVAL","Role 19: Permission undefined not found in DASHBOARD","Role 19: Permission undefined not found in REPORT","Role 19: Permission undefined not found in QUEUE","Role 19: Permission undefined not found in NOTIFICATION","Role 19: Permission undefined not found in AUDIT","Role 20: Permission undefined not found in APPROVAL","Role 20: Permission undefined not found in DASHBOARD","Role 20: Permission undefined not found in REPORT","Role 20: Permission undefined not found in QUEUE","Role 20: Permission undefined not found in NOTIFICATION","Role 28: Permission undefined not found in DASHBOARD","Role 28: Permission undefined not found in REPORT","Role 28: Permission undefined not found in REPORT","Role 28: Permission undefined not found in REPORT","Role 33: Permission undefined not found in ANALYTICS","Role 34: Permission undefined not found in RISK","Role 38: Permission undefined not found in VAULT"],"level":"warn","message":"Permission validation errors","timestamp":"2026-02-28 05:25:21"}
{"level":"info","message":"Server time initialized (WAT): 2026-02-28T14:25:23.712Z","timestamp":"2026-02-28 05:25:23"}
{"error":"auditLogger.info(...).catch is not a function","level":"warn","message":"Could not log startup audit","timestamp":"2026-02-28 05:25:23"}
{"errors":["Role 19: Permission undefined not found in APPROVAL","Role 19: Permission undefined not found in DASHBOARD","Role 19: Permission undefined not found in REPORT","Role 19: Permission undefined not found in QUEUE","Role 19: Permission undefined not found in NOTIFICATION","Role 19: Permission undefined not found in AUDIT","Role 20: Permission undefined not found in APPROVAL","Role 20: Permission undefined not found in DASHBOARD","Role 20: Permission undefined not found in REPORT","Role 20: Permission undefined not found in QUEUE","Role 20: Permission undefined not found in NOTIFICATION","Role 28: Permission undefined not found in DASHBOARD","Role 28: Permission undefined not found in REPORT","Role 28: Permission undefined not found in REPORT","Role 28: Permission undefined not found in REPORT","Role 33: Permission undefined not found in ANALYTICS","Role 34: Permission undefined not found in RISK","Role 38: Permission undefined not found in VAULT"],"level":"warn","message":"Permission validation errors","timestamp":"2026-02-28 05:25:23"}
{"level":"info","message":"🔧 Auto-initializing models in development mode...","timestamp":"2026-02-28 05:25:26"}
{"level":"info","message":"🚀 Initializing model loader...","timestamp":"2026-02-28 05:25:26"}
{"level":"info","message":"✅ Models loaded via index.js","timestamp":"2026-02-28 05:25:26"}
{"level":"info","message":"✅ Model loader initialized successfully","timestamp":"2026-02-28 05:25:26"}
{"level":"info","message":"📊 Loaded models: sequelize, Op, DataTypes, QueryTypes, AMLThreshold, AccountApplication, Drawer, DrawerCloseOut, DrawerUserRole, DrawerCurrencyDenomination, DrawerCurrency, AuditTrail, VaultAccessAttempt, VaultMaintenanceLog, User, Permissions, UserRole, BusinessRole, Role, BusinessUnit, Branch, Organization, Customer, CustomerType, NextOfKin, CreditOfficer, CustomerAccount, DepositAccount, LoanAccount, SavingsProduct, LoanProduct, TermDeposit, Thrift, Group, GroupSavings, LoanInterestRate, Transaction, Deposit, Withdrawal, CashWithdrawalTransaction, DepositTransaction, LoanRepayment, LoanRepaymentTransaction, DirectDebit, DirectDebitRequest, StandingOrder, GLAccount, ChartofAccount, GLCategory, GLTransaction, GLAccountTransaction, JournalEntry, ScheduledTask, EOYReport, Holiday, CreditApplication, LoanContractForm, Guarantor, Collection, OverdueLoan, LoanPortfolio, LoanFee, LoanPenalty, DepositAccountInterest, DepositAccountInterest_Tier, Charge, InterestCalculation, Bank, Vault, VaultAuthorizedPersonnel, VaultPendingApproval, Country, State, WorkflowProcess, WorkflowSubProcess, WorkflowItem, WorkflowQueue, WorkflowBusinessRoleQueue, WorkflowSubProcessPolicy, CustomerWorkflowRouting, Notification, SMS, Report, Dashboard, Analytics, AccountStatement, IncomeExpense, TriftReport, DisbursementReport, LoanAccountSummary, DepositAccountSummary, Counter, SystemDate, License, Configuration, TransactionPolicy, ProductTypeMapping, RateIndex, Identifier, Subfolder, Event, AutoReclassifyInformation, UploadFile, CleanupDB, TellerStat, DepositAccountApplication, IdentificationInformation, Portfolio, LoanCalculator, AML, GuarantorAudit, RelationshipOfficer, GLClosingPeriod","timestamp":"2026-02-28 05:25:26"}
{"level":"info","message":"📊 Model Statistics:","timestamp":"2026-02-28 05:25:26"}
{"level":"info","message":"   Total models loaded: 113","timestamp":"2026-02-28 05:25:26"}
{"level":"info","message":"   CUSTOMER: 5 models","timestamp":"2026-02-28 05:25:26"}
{"level":"info","message":"   LOAN: 4 models","timestamp":"2026-02-28 05:25:26"}
{"level":"info","message":"   DEPOSIT: 4 models","timestamp":"2026-02-28 05:25:26"}
{"level":"info","message":"   TRANSACTION: 3 models","timestamp":"2026-02-28 05:25:26"}
{"level":"info","message":"   USER: 2 models","timestamp":"2026-02-28 05:25:26"}
{"level":"info","message":"   SYSTEM: 4 models","timestamp":"2026-02-28 05:25:26"}
{"level":"info","message":"   ACCOUNTING: 2 models","timestamp":"2026-02-28 05:25:26"}
{"level":"info","message":"   AUDIT: 1 models","timestamp":"2026-02-28 05:25:26"}
{"level":"info","message":"   NOTIFICATION: 1 models","timestamp":"2026-02-28 05:25:26"}
{"level":"info","message":"   THRIFT: 3 models","timestamp":"2026-02-28 05:25:26"}
{"level":"info","message":"✅ Thrift model successfully loaded and available","timestamp":"2026-02-28 05:25:26"}
{"level":"info","logDir":"logs","message":"🚀 Winston logger initialized","nodeVersion":"v24.13.0","platform":"win32","timestamp":"2026-02-28 05:31:23"}
{"level":"info","message":"ℹ️ Using regular HTTP agent (no valid SSL certificates configured)","timestamp":"2026-02-28 05:31:24"}
{"errors":["Role 19: Permission undefined not found in APPROVAL","Role 19: Permission undefined not found in DASHBOARD","Role 19: Permission undefined not found in REPORT","Role 19: Permission undefined not found in QUEUE","Role 19: Permission undefined not found in NOTIFICATION","Role 19: Permission undefined not found in AUDIT","Role 20: Permission undefined not found in APPROVAL","Role 20: Permission undefined not found in DASHBOARD","Role 20: Permission undefined not found in REPORT","Role 20: Permission undefined not found in QUEUE","Role 20: Permission undefined not found in NOTIFICATION","Role 28: Permission undefined not found in DASHBOARD","Role 28: Permission undefined not found in REPORT","Role 28: Permission undefined not found in REPORT","Role 28: Permission undefined not found in REPORT","Role 33: Permission undefined not found in ANALYTICS","Role 34: Permission undefined not found in RISK","Role 38: Permission undefined not found in VAULT"],"level":"warn","message":"Permission validation errors","timestamp":"2026-02-28 05:31:25"}
{"level":"info","message":"Server time initialized (WAT): 2026-02-28T14:31:28.976Z","timestamp":"2026-02-28 05:31:28"}
{"error":"auditLogger.info(...).catch is not a function","level":"warn","message":"Could not log startup audit","timestamp":"2026-02-28 05:31:28"}
{"errors":["Role 19: Permission undefined not found in APPROVAL","Role 19: Permission undefined not found in DASHBOARD","Role 19: Permission undefined not found in REPORT","Role 19: Permission undefined not found in QUEUE","Role 19: Permission undefined not found in NOTIFICATION","Role 19: Permission undefined not found in AUDIT","Role 20: Permission undefined not found in APPROVAL","Role 20: Permission undefined not found in DASHBOARD","Role 20: Permission undefined not found in REPORT","Role 20: Permission undefined not found in QUEUE","Role 20: Permission undefined not found in NOTIFICATION","Role 28: Permission undefined not found in DASHBOARD","Role 28: Permission undefined not found in REPORT","Role 28: Permission undefined not found in REPORT","Role 28: Permission undefined not found in REPORT","Role 33: Permission undefined not found in ANALYTICS","Role 34: Permission undefined not found in RISK","Role 38: Permission undefined not found in VAULT"],"level":"warn","message":"Permission validation errors","timestamp":"2026-02-28 05:31:28"}
{"level":"info","message":"🔧 Auto-initializing models in development mode...","timestamp":"2026-02-28 05:31:32"}
{"level":"info","message":"🚀 Initializing model loader...","timestamp":"2026-02-28 05:31:32"}
{"level":"info","message":"✅ Models loaded via index.js","timestamp":"2026-02-28 05:31:32"}
{"level":"info","message":"✅ Model loader initialized successfully","timestamp":"2026-02-28 05:31:32"}
{"level":"info","message":"📊 Loaded models: sequelize, Op, DataTypes, QueryTypes, AMLThreshold, AccountApplication, Drawer, DrawerCloseOut, DrawerUserRole, DrawerCurrencyDenomination, DrawerCurrency, AuditTrail, VaultAccessAttempt, VaultMaintenanceLog, User, Permissions, UserRole, BusinessRole, Role, BusinessUnit, Branch, Organization, Customer, CustomerType, NextOfKin, CreditOfficer, CustomerAccount, DepositAccount, LoanAccount, SavingsProduct, LoanProduct, TermDeposit, Thrift, Group, GroupSavings, LoanInterestRate, Transaction, Deposit, Withdrawal, CashWithdrawalTransaction, DepositTransaction, LoanRepayment, LoanRepaymentTransaction, DirectDebit, DirectDebitRequest, StandingOrder, GLAccount, ChartofAccount, GLCategory, GLTransaction, GLAccountTransaction, JournalEntry, ScheduledTask, EOYReport, Holiday, CreditApplication, LoanContractForm, Guarantor, Collection, OverdueLoan, LoanPortfolio, LoanFee, LoanPenalty, DepositAccountInterest, DepositAccountInterest_Tier, Charge, InterestCalculation, Bank, Vault, VaultAuthorizedPersonnel, VaultPendingApproval, Country, State, WorkflowProcess, WorkflowSubProcess, WorkflowItem, WorkflowQueue, WorkflowBusinessRoleQueue, WorkflowSubProcessPolicy, CustomerWorkflowRouting, Notification, SMS, Report, Dashboard, Analytics, AccountStatement, IncomeExpense, TriftReport, DisbursementReport, LoanAccountSummary, DepositAccountSummary, Counter, SystemDate, License, Configuration, TransactionPolicy, ProductTypeMapping, RateIndex, Identifier, Subfolder, Event, AutoReclassifyInformation, UploadFile, CleanupDB, TellerStat, DepositAccountApplication, IdentificationInformation, Portfolio, LoanCalculator, AML, GuarantorAudit, RelationshipOfficer, GLClosingPeriod","timestamp":"2026-02-28 05:31:32"}
{"level":"info","message":"📊 Model Statistics:","timestamp":"2026-02-28 05:31:32"}
{"level":"info","message":"   Total models loaded: 113","timestamp":"2026-02-28 05:31:32"}
{"level":"info","message":"   CUSTOMER: 5 models","timestamp":"2026-02-28 05:31:32"}
{"level":"info","message":"   LOAN: 4 models","timestamp":"2026-02-28 05:31:32"}
{"level":"info","message":"   DEPOSIT: 4 models","timestamp":"2026-02-28 05:31:32"}
{"level":"info","message":"   TRANSACTION: 3 models","timestamp":"2026-02-28 05:31:32"}
{"level":"info","message":"   USER: 2 models","timestamp":"2026-02-28 05:31:32"}
{"level":"info","message":"   SYSTEM: 4 models","timestamp":"2026-02-28 05:31:32"}
{"level":"info","message":"   ACCOUNTING: 2 models","timestamp":"2026-02-28 05:31:32"}
{"level":"info","message":"   AUDIT: 1 models","timestamp":"2026-02-28 05:31:32"}
{"level":"info","message":"   NOTIFICATION: 1 models","timestamp":"2026-02-28 05:31:32"}
{"level":"info","message":"   THRIFT: 3 models","timestamp":"2026-02-28 05:31:32"}
{"level":"info","message":"✅ Thrift model successfully loaded and available","timestamp":"2026-02-28 05:31:32"}
{"level":"info","logDir":"logs","message":"🚀 Winston logger initialized","nodeVersion":"v24.13.0","platform":"win32","timestamp":"2026-02-28 05:46:21"}
{"level":"info","message":"ℹ️ Using regular HTTP agent (no valid SSL certificates configured)","timestamp":"2026-02-28 05:46:22"}
{"errors":["Role 19: Permission undefined not found in APPROVAL","Role 19: Permission undefined not found in DASHBOARD","Role 19: Permission undefined not found in REPORT","Role 19: Permission undefined not found in QUEUE","Role 19: Permission undefined not found in NOTIFICATION","Role 19: Permission undefined not found in AUDIT","Role 20: Permission undefined not found in APPROVAL","Role 20: Permission undefined not found in DASHBOARD","Role 20: Permission undefined not found in REPORT","Role 20: Permission undefined not found in QUEUE","Role 20: Permission undefined not found in NOTIFICATION","Role 28: Permission undefined not found in DASHBOARD","Role 28: Permission undefined not found in REPORT","Role 28: Permission undefined not found in REPORT","Role 28: Permission undefined not found in REPORT","Role 33: Permission undefined not found in ANALYTICS","Role 34: Permission undefined not found in RISK","Role 38: Permission undefined not found in VAULT"],"level":"warn","message":"Permission validation errors","timestamp":"2026-02-28 05:46:23"}
{"level":"info","message":"Server time initialized (WAT): 2026-02-28T14:46:26.166Z","timestamp":"2026-02-28 05:46:26"}
{"error":"auditLogger.info(...).catch is not a function","level":"warn","message":"Could not log startup audit","timestamp":"2026-02-28 05:46:26"}
{"errors":["Role 19: Permission undefined not found in APPROVAL","Role 19: Permission undefined not found in DASHBOARD","Role 19: Permission undefined not found in REPORT","Role 19: Permission undefined not found in QUEUE","Role 19: Permission undefined not found in NOTIFICATION","Role 19: Permission undefined not found in AUDIT","Role 20: Permission undefined not found in APPROVAL","Role 20: Permission undefined not found in DASHBOARD","Role 20: Permission undefined not found in REPORT","Role 20: Permission undefined not found in QUEUE","Role 20: Permission undefined not found in NOTIFICATION","Role 28: Permission undefined not found in DASHBOARD","Role 28: Permission undefined not found in REPORT","Role 28: Permission undefined not found in REPORT","Role 28: Permission undefined not found in REPORT","Role 33: Permission undefined not found in ANALYTICS","Role 34: Permission undefined not found in RISK","Role 38: Permission undefined not found in VAULT"],"level":"warn","message":"Permission validation errors","timestamp":"2026-02-28 05:46:26"}
{"level":"info","message":"🔧 Auto-initializing models in development mode...","timestamp":"2026-02-28 05:46:29"}
{"level":"info","message":"🚀 Initializing model loader...","timestamp":"2026-02-28 05:46:29"}
{"level":"info","message":"✅ Models loaded via index.js","timestamp":"2026-02-28 05:46:29"}
{"level":"info","message":"✅ Model loader initialized successfully","timestamp":"2026-02-28 05:46:29"}
{"level":"info","message":"📊 Loaded models: sequelize, Op, DataTypes, QueryTypes, AMLThreshold, AccountApplication, Drawer, DrawerCloseOut, DrawerUserRole, DrawerCurrencyDenomination, DrawerCurrency, AuditTrail, VaultAccessAttempt, VaultMaintenanceLog, User, Permissions, UserRole, BusinessRole, Role, BusinessUnit, Branch, Organization, Customer, CustomerType, NextOfKin, CreditOfficer, CustomerAccount, DepositAccount, LoanAccount, SavingsProduct, LoanProduct, TermDeposit, Thrift, Group, GroupSavings, LoanInterestRate, Transaction, Deposit, Withdrawal, CashWithdrawalTransaction, DepositTransaction, LoanRepayment, LoanRepaymentTransaction, DirectDebit, DirectDebitRequest, StandingOrder, GLAccount, ChartofAccount, GLCategory, GLTransaction, GLAccountTransaction, JournalEntry, ScheduledTask, EOYReport, Holiday, CreditApplication, LoanContractForm, Guarantor, Collection, OverdueLoan, LoanPortfolio, LoanFee, LoanPenalty, DepositAccountInterest, DepositAccountInterest_Tier, Charge, InterestCalculation, Bank, Vault, VaultAuthorizedPersonnel, VaultPendingApproval, Country, State, WorkflowProcess, WorkflowSubProcess, WorkflowItem, WorkflowQueue, WorkflowBusinessRoleQueue, WorkflowSubProcessPolicy, CustomerWorkflowRouting, Notification, SMS, Report, Dashboard, Analytics, AccountStatement, IncomeExpense, TriftReport, DisbursementReport, LoanAccountSummary, DepositAccountSummary, Counter, SystemDate, License, Configuration, TransactionPolicy, ProductTypeMapping, RateIndex, Identifier, Subfolder, Event, AutoReclassifyInformation, UploadFile, CleanupDB, TellerStat, DepositAccountApplication, IdentificationInformation, Portfolio, LoanCalculator, AML, GuarantorAudit, RelationshipOfficer, GLClosingPeriod","timestamp":"2026-02-28 05:46:29"}
{"level":"info","message":"📊 Model Statistics:","timestamp":"2026-02-28 05:46:29"}
{"level":"info","message":"   Total models loaded: 113","timestamp":"2026-02-28 05:46:29"}
{"level":"info","message":"   CUSTOMER: 5 models","timestamp":"2026-02-28 05:46:29"}
{"level":"info","message":"   LOAN: 4 models","timestamp":"2026-02-28 05:46:29"}
{"level":"info","message":"   DEPOSIT: 4 models","timestamp":"2026-02-28 05:46:29"}
{"level":"info","message":"   TRANSACTION: 3 models","timestamp":"2026-02-28 05:46:29"}
{"level":"info","message":"   USER: 2 models","timestamp":"2026-02-28 05:46:29"}
{"level":"info","message":"   SYSTEM: 4 models","timestamp":"2026-02-28 05:46:29"}
{"level":"info","message":"   ACCOUNTING: 2 models","timestamp":"2026-02-28 05:46:29"}
{"level":"info","message":"   AUDIT: 1 models","timestamp":"2026-02-28 05:46:29"}
{"level":"info","message":"   NOTIFICATION: 1 models","timestamp":"2026-02-28 05:46:29"}
{"level":"info","message":"   THRIFT: 3 models","timestamp":"2026-02-28 05:46:29"}
{"level":"info","message":"✅ Thrift model successfully loaded and available","timestamp":"2026-02-28 05:46:29"}
{"level":"info","logDir":"logs","message":"🚀 Winston logger initialized","nodeVersion":"v24.13.0","platform":"win32","timestamp":"2026-02-28 05:51:27"}
{"level":"info","message":"ℹ️ Using regular HTTP agent (no valid SSL certificates configured)","timestamp":"2026-02-28 05:51:28"}
{"errors":["Role 19: Permission undefined not found in APPROVAL","Role 19: Permission undefined not found in DASHBOARD","Role 19: Permission undefined not found in REPORT","Role 19: Permission undefined not found in QUEUE","Role 19: Permission undefined not found in NOTIFICATION","Role 19: Permission undefined not found in AUDIT","Role 20: Permission undefined not found in APPROVAL","Role 20: Permission undefined not found in DASHBOARD","Role 20: Permission undefined not found in REPORT","Role 20: Permission undefined not found in QUEUE","Role 20: Permission undefined not found in NOTIFICATION","Role 28: Permission undefined not found in DASHBOARD","Role 28: Permission undefined not found in REPORT","Role 28: Permission undefined not found in REPORT","Role 28: Permission undefined not found in REPORT","Role 33: Permission undefined not found in ANALYTICS","Role 34: Permission undefined not found in RISK","Role 38: Permission undefined not found in VAULT"],"level":"warn","message":"Permission validation errors","timestamp":"2026-02-28 05:51:29"}
{"level":"info","message":"Server time initialized (WAT): 2026-02-28T14:51:32.572Z","timestamp":"2026-02-28 05:51:32"}
{"error":"auditLogger.info(...).catch is not a function","level":"warn","message":"Could not log startup audit","timestamp":"2026-02-28 05:51:32"}
{"errors":["Role 19: Permission undefined not found in APPROVAL","Role 19: Permission undefined not found in DASHBOARD","Role 19: Permission undefined not found in REPORT","Role 19: Permission undefined not found in QUEUE","Role 19: Permission undefined not found in NOTIFICATION","Role 19: Permission undefined not found in AUDIT","Role 20: Permission undefined not found in APPROVAL","Role 20: Permission undefined not found in DASHBOARD","Role 20: Permission undefined not found in REPORT","Role 20: Permission undefined not found in QUEUE","Role 20: Permission undefined not found in NOTIFICATION","Role 28: Permission undefined not found in DASHBOARD","Role 28: Permission undefined not found in REPORT","Role 28: Permission undefined not found in REPORT","Role 28: Permission undefined not found in REPORT","Role 33: Permission undefined not found in ANALYTICS","Role 34: Permission undefined not found in RISK","Role 38: Permission undefined not found in VAULT"],"level":"warn","message":"Permission validation errors","timestamp":"2026-02-28 05:51:32"}
{"level":"info","message":"🔧 Auto-initializing models in development mode...","timestamp":"2026-02-28 05:51:36"}
{"level":"info","message":"🚀 Initializing model loader...","timestamp":"2026-02-28 05:51:36"}
{"level":"info","message":"✅ Models loaded via index.js","timestamp":"2026-02-28 05:51:36"}
{"level":"info","message":"✅ Model loader initialized successfully","timestamp":"2026-02-28 05:51:36"}
{"level":"info","message":"📊 Loaded models: sequelize, Op, DataTypes, QueryTypes, AMLThreshold, AccountApplication, Drawer, DrawerCloseOut, DrawerUserRole, DrawerCurrencyDenomination, DrawerCurrency, AuditTrail, VaultAccessAttempt, VaultMaintenanceLog, User, Permissions, UserRole, BusinessRole, Role, BusinessUnit, Branch, Organization, Customer, CustomerType, NextOfKin, CreditOfficer, CustomerAccount, DepositAccount, LoanAccount, SavingsProduct, LoanProduct, TermDeposit, Thrift, Group, GroupSavings, LoanInterestRate, Transaction, Deposit, Withdrawal, CashWithdrawalTransaction, DepositTransaction, LoanRepayment, LoanRepaymentTransaction, DirectDebit, DirectDebitRequest, StandingOrder, GLAccount, ChartofAccount, GLCategory, GLTransaction, GLAccountTransaction, JournalEntry, ScheduledTask, EOYReport, Holiday, CreditApplication, LoanContractForm, Guarantor, Collection, OverdueLoan, LoanPortfolio, LoanFee, LoanPenalty, DepositAccountInterest, DepositAccountInterest_Tier, Charge, InterestCalculation, Bank, Vault, VaultAuthorizedPersonnel, VaultPendingApproval, Country, State, WorkflowProcess, WorkflowSubProcess, WorkflowItem, WorkflowQueue, WorkflowBusinessRoleQueue, WorkflowSubProcessPolicy, CustomerWorkflowRouting, Notification, SMS, Report, Dashboard, Analytics, AccountStatement, IncomeExpense, TriftReport, DisbursementReport, LoanAccountSummary, DepositAccountSummary, Counter, SystemDate, License, Configuration, TransactionPolicy, ProductTypeMapping, RateIndex, Identifier, Subfolder, Event, AutoReclassifyInformation, UploadFile, CleanupDB, TellerStat, DepositAccountApplication, IdentificationInformation, Portfolio, LoanCalculator, AML, GuarantorAudit, RelationshipOfficer, GLClosingPeriod","timestamp":"2026-02-28 05:51:36"}
{"level":"info","message":"📊 Model Statistics:","timestamp":"2026-02-28 05:51:36"}
{"level":"info","message":"   Total models loaded: 113","timestamp":"2026-02-28 05:51:36"}
{"level":"info","message":"   CUSTOMER: 5 models","timestamp":"2026-02-28 05:51:36"}
{"level":"info","message":"   LOAN: 4 models","timestamp":"2026-02-28 05:51:36"}
{"level":"info","message":"   DEPOSIT: 4 models","timestamp":"2026-02-28 05:51:36"}
{"level":"info","message":"   TRANSACTION: 3 models","timestamp":"2026-02-28 05:51:36"}
{"level":"info","message":"   USER: 2 models","timestamp":"2026-02-28 05:51:36"}
{"level":"info","message":"   SYSTEM: 4 models","timestamp":"2026-02-28 05:51:36"}
{"level":"info","message":"   ACCOUNTING: 2 models","timestamp":"2026-02-28 05:51:36"}
{"level":"info","message":"   AUDIT: 1 models","timestamp":"2026-02-28 05:51:36"}
{"level":"info","message":"   NOTIFICATION: 1 models","timestamp":"2026-02-28 05:51:36"}
{"level":"info","message":"   THRIFT: 3 models","timestamp":"2026-02-28 05:51:36"}
{"level":"info","message":"✅ Thrift model successfully loaded and available","timestamp":"2026-02-28 05:51:36"}
{"level":"info","logDir":"logs","message":"🚀 Winston logger initialized","nodeVersion":"v24.13.0","platform":"win32","timestamp":"2026-02-28 05:57:05"}
{"level":"info","message":"ℹ️ Using regular HTTP agent (no valid SSL certificates configured)","timestamp":"2026-02-28 05:57:06"}
{"errors":["Role 19: Permission undefined not found in APPROVAL","Role 19: Permission undefined not found in DASHBOARD","Role 19: Permission undefined not found in REPORT","Role 19: Permission undefined not found in QUEUE","Role 19: Permission undefined not found in NOTIFICATION","Role 19: Permission undefined not found in AUDIT","Role 20: Permission undefined not found in APPROVAL","Role 20: Permission undefined not found in DASHBOARD","Role 20: Permission undefined not found in REPORT","Role 20: Permission undefined not found in QUEUE","Role 20: Permission undefined not found in NOTIFICATION","Role 28: Permission undefined not found in DASHBOARD","Role 28: Permission undefined not found in REPORT","Role 28: Permission undefined not found in REPORT","Role 28: Permission undefined not found in REPORT","Role 33: Permission undefined not found in ANALYTICS","Role 34: Permission undefined not found in RISK","Role 38: Permission undefined not found in VAULT"],"level":"warn","message":"Permission validation errors","timestamp":"2026-02-28 05:57:06"}
{"level":"info","message":"Server time initialized (WAT): 2026-02-28T14:57:09.301Z","timestamp":"2026-02-28 05:57:09"}
{"error":"auditLogger.info(...).catch is not a function","level":"warn","message":"Could not log startup audit","timestamp":"2026-02-28 05:57:09"}
{"errors":["Role 19: Permission undefined not found in APPROVAL","Role 19: Permission undefined not found in DASHBOARD","Role 19: Permission undefined not found in REPORT","Role 19: Permission undefined not found in QUEUE","Role 19: Permission undefined not found in NOTIFICATION","Role 19: Permission undefined not found in AUDIT","Role 20: Permission undefined not found in APPROVAL","Role 20: Permission undefined not found in DASHBOARD","Role 20: Permission undefined not found in REPORT","Role 20: Permission undefined not found in QUEUE","Role 20: Permission undefined not found in NOTIFICATION","Role 28: Permission undefined not found in DASHBOARD","Role 28: Permission undefined not found in REPORT","Role 28: Permission undefined not found in REPORT","Role 28: Permission undefined not found in REPORT","Role 33: Permission undefined not found in ANALYTICS","Role 34: Permission undefined not found in RISK","Role 38: Permission undefined not found in VAULT"],"level":"warn","message":"Permission validation errors","timestamp":"2026-02-28 05:57:09"}
{"level":"info","message":"🔧 Auto-initializing models in development mode...","timestamp":"2026-02-28 05:57:12"}
{"level":"info","message":"🚀 Initializing model loader...","timestamp":"2026-02-28 05:57:12"}
{"level":"info","message":"✅ Models loaded via index.js","timestamp":"2026-02-28 05:57:12"}
{"level":"info","message":"✅ Model loader initialized successfully","timestamp":"2026-02-28 05:57:12"}
{"level":"info","message":"📊 Loaded models: sequelize, Op, DataTypes, QueryTypes, AMLThreshold, AccountApplication, Drawer, DrawerCloseOut, DrawerUserRole, DrawerCurrencyDenomination, DrawerCurrency, AuditTrail, VaultAccessAttempt, VaultMaintenanceLog, User, Permissions, UserRole, BusinessRole, Role, BusinessUnit, Branch, Organization, Customer, CustomerType, NextOfKin, CreditOfficer, CustomerAccount, DepositAccount, LoanAccount, SavingsProduct, LoanProduct, TermDeposit, Thrift, Group, GroupSavings, LoanInterestRate, Transaction, Deposit, Withdrawal, CashWithdrawalTransaction, DepositTransaction, LoanRepayment, LoanRepaymentTransaction, DirectDebit, DirectDebitRequest, StandingOrder, GLAccount, ChartofAccount, GLCategory, GLTransaction, GLAccountTransaction, JournalEntry, ScheduledTask, EOYReport, Holiday, CreditApplication, LoanContractForm, Guarantor, Collection, OverdueLoan, LoanPortfolio, LoanFee, LoanPenalty, DepositAccountInterest, DepositAccountInterest_Tier, Charge, InterestCalculation, Bank, Vault, VaultAuthorizedPersonnel, VaultPendingApproval, Country, State, WorkflowProcess, WorkflowSubProcess, WorkflowItem, WorkflowQueue, WorkflowBusinessRoleQueue, WorkflowSubProcessPolicy, CustomerWorkflowRouting, Notification, SMS, Report, Dashboard, Analytics, AccountStatement, IncomeExpense, TriftReport, DisbursementReport, LoanAccountSummary, DepositAccountSummary, Counter, SystemDate, License, Configuration, TransactionPolicy, ProductTypeMapping, RateIndex, Identifier, Subfolder, Event, AutoReclassifyInformation, UploadFile, CleanupDB, TellerStat, DepositAccountApplication, IdentificationInformation, Portfolio, LoanCalculator, AML, GuarantorAudit, RelationshipOfficer, GLClosingPeriod","timestamp":"2026-02-28 05:57:12"}
{"level":"info","message":"📊 Model Statistics:","timestamp":"2026-02-28 05:57:12"}
{"level":"info","message":"   Total models loaded: 113","timestamp":"2026-02-28 05:57:12"}
{"level":"info","message":"   CUSTOMER: 5 models","timestamp":"2026-02-28 05:57:12"}
{"level":"info","message":"   LOAN: 4 models","timestamp":"2026-02-28 05:57:12"}
{"level":"info","message":"   DEPOSIT: 4 models","timestamp":"2026-02-28 05:57:12"}
{"level":"info","message":"   TRANSACTION: 3 models","timestamp":"2026-02-28 05:57:12"}
{"level":"info","message":"   USER: 2 models","timestamp":"2026-02-28 05:57:12"}
{"level":"info","message":"   SYSTEM: 4 models","timestamp":"2026-02-28 05:57:12"}
{"level":"info","message":"   ACCOUNTING: 2 models","timestamp":"2026-02-28 05:57:12"}
{"level":"info","message":"   AUDIT: 1 models","timestamp":"2026-02-28 05:57:12"}
{"level":"info","message":"   NOTIFICATION: 1 models","timestamp":"2026-02-28 05:57:12"}
{"level":"info","message":"   THRIFT: 3 models","timestamp":"2026-02-28 05:57:12"}
{"level":"info","message":"✅ Thrift model successfully loaded and available","timestamp":"2026-02-28 05:57:12"}
{"level":"info","logDir":"logs","message":"🚀 Winston logger initialized","nodeVersion":"v24.13.0","platform":"win32","timestamp":"2026-02-28 06:08:37"}
{"errors":["Role 19: Permission undefined not found in APPROVAL","Role 19: Permission undefined not found in DASHBOARD","Role 19: Permission undefined not found in REPORT","Role 19: Permission undefined not found in QUEUE","Role 19: Permission undefined not found in NOTIFICATION","Role 19: Permission undefined not found in AUDIT","Role 20: Permission undefined not found in APPROVAL","Role 20: Permission undefined not found in DASHBOARD","Role 20: Permission undefined not found in REPORT","Role 20: Permission undefined not found in QUEUE","Role 20: Permission undefined not found in NOTIFICATION","Role 28: Permission undefined not found in DASHBOARD","Role 28: Permission undefined not found in REPORT","Role 28: Permission undefined not found in REPORT","Role 28: Permission undefined not found in REPORT","Role 33: Permission undefined not found in ANALYTICS","Role 34: Permission undefined not found in RISK","Role 38: Permission undefined not found in VAULT"],"level":"warn","message":"Permission validation errors","timestamp":"2026-02-28 06:08:37"}
{"level":"info","message":"ℹ️ Using regular HTTP agent (no valid SSL certificates configured)","timestamp":"2026-02-28 06:10:12"}
{"level":"info","logDir":"logs","message":"🚀 Winston logger initialized","nodeVersion":"v24.13.0","platform":"win32","timestamp":"2026-02-28 06:56:09"}
{"level":"info","message":"ℹ️ Using regular HTTP agent (no valid SSL certificates configured)","timestamp":"2026-02-28 06:56:10"}
{"level":"info","logDir":"logs","message":"🚀 Winston logger initialized","nodeVersion":"v24.13.0","platform":"win32","timestamp":"2026-02-28 12:23:49"}
{"level":"info","message":"ℹ️ Using regular HTTP agent (no valid SSL certificates configured)","timestamp":"2026-02-28 12:23:51"}
{"errors":["Role 19: Permission undefined not found in APPROVAL","Role 19: Permission undefined not found in DASHBOARD","Role 19: Permission undefined not found in REPORT","Role 19: Permission undefined not found in QUEUE","Role 19: Permission undefined not found in NOTIFICATION","Role 19: Permission undefined not found in AUDIT","Role 20: Permission undefined not found in APPROVAL","Role 20: Permission undefined not found in DASHBOARD","Role 20: Permission undefined not found in REPORT","Role 20: Permission undefined not found in QUEUE","Role 20: Permission undefined not found in NOTIFICATION","Role 28: Permission undefined not found in DASHBOARD","Role 28: Permission undefined not found in REPORT","Role 28: Permission undefined not found in REPORT","Role 28: Permission undefined not found in REPORT","Role 33: Permission undefined not found in ANALYTICS","Role 34: Permission undefined not found in RISK","Role 38: Permission undefined not found in VAULT"],"level":"warn","message":"Permission validation errors","timestamp":"2026-02-28 12:23:55"}
{"level":"info","message":"Server time initialized (WAT): 2026-02-28T21:24:04.110Z","timestamp":"2026-02-28 12:24:04"}
{"error":"auditLogger.info(...).catch is not a function","level":"warn","message":"Could not log startup audit","timestamp":"2026-02-28 12:24:04"}
{"errors":["Role 19: Permission undefined not found in APPROVAL","Role 19: Permission undefined not found in DASHBOARD","Role 19: Permission undefined not found in REPORT","Role 19: Permission undefined not found in QUEUE","Role 19: Permission undefined not found in NOTIFICATION","Role 19: Permission undefined not found in AUDIT","Role 20: Permission undefined not found in APPROVAL","Role 20: Permission undefined not found in DASHBOARD","Role 20: Permission undefined not found in REPORT","Role 20: Permission undefined not found in QUEUE","Role 20: Permission undefined not found in NOTIFICATION","Role 28: Permission undefined not found in DASHBOARD","Role 28: Permission undefined not found in REPORT","Role 28: Permission undefined not found in REPORT","Role 28: Permission undefined not found in REPORT","Role 33: Permission undefined not found in ANALYTICS","Role 34: Permission undefined not found in RISK","Role 38: Permission undefined not found in VAULT"],"level":"warn","message":"Permission validation errors","timestamp":"2026-02-28 12:24:04"}
{"level":"info","message":"🔧 Auto-initializing models in development mode...","timestamp":"2026-02-28 12:24:09"}
{"level":"info","message":"🚀 Initializing model loader...","timestamp":"2026-02-28 12:24:09"}
{"level":"info","message":"✅ Models loaded via index.js","timestamp":"2026-02-28 12:24:09"}
{"level":"info","message":"✅ Model loader initialized successfully","timestamp":"2026-02-28 12:24:09"}
{"level":"info","message":"📊 Loaded models: sequelize, Op, DataTypes, QueryTypes, AMLThreshold, AccountApplication, Drawer, DrawerCloseOut, DrawerUserRole, DrawerCurrencyDenomination, DrawerCurrency, AuditTrail, VaultAccessAttempt, VaultMaintenanceLog, User, Permissions, UserRole, BusinessRole, Role, BusinessUnit, Branch, Organization, Customer, CustomerType, NextOfKin, CreditOfficer, CustomerAccount, DepositAccount, LoanAccount, SavingsProduct, LoanProduct, TermDeposit, Thrift, Group, GroupSavings, LoanInterestRate, Transaction, Deposit, Withdrawal, CashWithdrawalTransaction, DepositTransaction, LoanRepayment, LoanRepaymentTransaction, DirectDebit, DirectDebitRequest, StandingOrder, GLAccount, ChartofAccount, GLCategory, GLTransaction, GLAccountTransaction, JournalEntry, ScheduledTask, EOYReport, Holiday, CreditApplication, LoanContractForm, Guarantor, Collection, OverdueLoan, LoanPortfolio, LoanFee, LoanPenalty, DepositAccountInterest, DepositAccountInterest_Tier, Charge, InterestCalculation, Bank, Vault, VaultAuthorizedPersonnel, VaultPendingApproval, Country, State, WorkflowProcess, WorkflowSubProcess, WorkflowItem, WorkflowQueue, WorkflowBusinessRoleQueue, WorkflowSubProcessPolicy, CustomerWorkflowRouting, Notification, SMS, Report, Dashboard, Analytics, AccountStatement, IncomeExpense, TriftReport, DisbursementReport, LoanAccountSummary, DepositAccountSummary, Counter, SystemDate, License, Configuration, TransactionPolicy, ProductTypeMapping, RateIndex, Identifier, Subfolder, Event, AutoReclassifyInformation, UploadFile, CleanupDB, TellerStat, DepositAccountApplication, IdentificationInformation, Portfolio, LoanCalculator, AML, GuarantorAudit, RelationshipOfficer, GLClosingPeriod","timestamp":"2026-02-28 12:24:09"}
{"level":"info","message":"📊 Model Statistics:","timestamp":"2026-02-28 12:24:09"}
{"level":"info","message":"   Total models loaded: 113","timestamp":"2026-02-28 12:24:09"}
{"level":"info","message":"   CUSTOMER: 5 models","timestamp":"2026-02-28 12:24:09"}
{"level":"info","message":"   LOAN: 4 models","timestamp":"2026-02-28 12:24:09"}
{"level":"info","message":"   DEPOSIT: 4 models","timestamp":"2026-02-28 12:24:09"}
{"level":"info","message":"   TRANSACTION: 3 models","timestamp":"2026-02-28 12:24:09"}
{"level":"info","message":"   USER: 2 models","timestamp":"2026-02-28 12:24:09"}
{"level":"info","message":"   SYSTEM: 4 models","timestamp":"2026-02-28 12:24:09"}
{"level":"info","message":"   ACCOUNTING: 2 models","timestamp":"2026-02-28 12:24:09"}
{"level":"info","message":"   AUDIT: 1 models","timestamp":"2026-02-28 12:24:09"}
{"level":"info","message":"   NOTIFICATION: 1 models","timestamp":"2026-02-28 12:24:09"}
{"level":"info","message":"   THRIFT: 3 models","timestamp":"2026-02-28 12:24:09"}
{"level":"info","message":"✅ Thrift model successfully loaded and available","timestamp":"2026-02-28 12:24:09"}
{"level":"info","logDir":"logs","message":"🚀 Winston logger initialized","nodeVersion":"v24.13.0","platform":"win32","timestamp":"2026-02-28 12:37:00"}
{"BENEFICIARY_ACCT":"2867582897","BENEFICIARY_BANK_CNTRY_ID":1,"BENEFICIARY_BANK_NM":"Test Bank","BENEFICIARY_NM":"Paul Matthew","PAYMENT_MTD_CD":"GENERIC","PAY_CRNCY_ID":1,"PRIORITY_LEVEL_CD":"NORMAL","RECIEVING_BANK_CHRG":15,"REMITTER_NM":"Jane Smith","SENDING_BANK_CHRG":25,"VALUE_DT":"2026-02-28","XFER_AMT":5000,"XFER_CRNCY_ID":1,"XFER_REF":"TRF_123456678899","level":"info","message":"📥 Received inward funds webhook:","timestamp":"2026-02-28 12:37:00"}
{"level":"error","message":"❌ Error processing inward funds webhook: InwardFundsTransfer.mapWebhookData is not a function","stack":"TypeError: InwardFundsTransfer.mapWebhookData is not a function\n    at file:///F:/WORKON/CODE/PCO_BANKING/EVOLUTION%20BANKING%20BACKEND/src/routes/InwardFundsTransferRoutes.js:33:48\n    at process.processTicksAndRejections (node:internal/process/task_queues:103:5)","timestamp":"2026-02-28 12:37:00"}
{"level":"info","logDir":"logs","message":"🚀 Winston logger initialized","nodeVersion":"v24.13.0","platform":"win32","timestamp":"2026-02-28 12:50:42"}
{"BENEFICIARY_ACCT":"2867582897","BENEFICIARY_BANK_CNTRY_ID":1,"BENEFICIARY_BANK_NM":"Test Bank","BENEFICIARY_NM":"Paul Matthew","PAYMENT_MTD_CD":"GENERIC","PAY_CRNCY_ID":1,"PRIORITY_LEVEL_CD":"NORMAL","RECIEVING_BANK_CHRG":15,"REMITTER_NM":"Jane Smith","SENDING_BANK_CHRG":25,"VALUE_DT":"2026-02-28","XFER_AMT":5000,"XFER_CRNCY_ID":1,"XFER_REF":"TRF_123456678899","level":"info","message":"📥 Received inward funds webhook:","timestamp":"2026-02-28 12:50:42"}
{"level":"error","message":"❌ Error processing inward funds webhook: Field 'x_f_e_r__r_e_f' doesn't have a default value","name":"SequelizeDatabaseError","original":{"code":"ER_NO_DEFAULT_FOR_FIELD","errno":1364,"parameters":[null,0,4960,"P",1,"2026-02-28 20:50:42","2026-02-28 20:50:42","2026-02-28 20:50:42","N","N",false],"sql":"INSERT INTO `INWARD_FUNDS_TRANSFERS` (`i_n_w_d__f_u_n_d_s__x_f_e_r__i_d`,`x_f_e_r__a_m_t`,`n_e_t__a_m_t__x_f_e_r_e_d`,`r_e_c__s_t`,`v_e_r_s_i_o_n__n_o`,`r_o_w__t_s`,`c_r_e_a_t_e__d_t`,`s_y_s__c_r_e_a_t_e__t_s`,`r_e_p_a_i_r__f_g`,`f_o_r_e_i_g_n__i_f_t__f_g`,`i_s__r_e_v_e_r_s_a_l`) VALUES (?,?,?,?,?,?,?,?,?,?,?);","sqlMessage":"Field 'x_f_e_r__r_e_f' doesn't have a default value","sqlState":"HY000"},"parameters":[null,0,4960,"P",1,"2026-02-28 20:50:42","2026-02-28 20:50:42","2026-02-28 20:50:42","N","N",false],"parent":{"code":"ER_NO_DEFAULT_FOR_FIELD","errno":1364,"parameters":[null,0,4960,"P",1,"2026-02-28 20:50:42","2026-02-28 20:50:42","2026-02-28 20:50:42","N","N",false],"sql":"INSERT INTO `INWARD_FUNDS_TRANSFERS` (`i_n_w_d__f_u_n_d_s__x_f_e_r__i_d`,`x_f_e_r__a_m_t`,`n_e_t__a_m_t__x_f_e_r_e_d`,`r_e_c__s_t`,`v_e_r_s_i_o_n__n_o`,`r_o_w__t_s`,`c_r_e_a_t_e__d_t`,`s_y_s__c_r_e_a_t_e__t_s`,`r_e_p_a_i_r__f_g`,`f_o_r_e_i_g_n__i_f_t__f_g`,`i_s__r_e_v_e_r_s_a_l`) VALUES (?,?,?,?,?,?,?,?,?,?,?);","sqlMessage":"Field 'x_f_e_r__r_e_f' doesn't have a default value","sqlState":"HY000"},"sql":"INSERT INTO `INWARD_FUNDS_TRANSFERS` (`i_n_w_d__f_u_n_d_s__x_f_e_r__i_d`,`x_f_e_r__a_m_t`,`n_e_t__a_m_t__x_f_e_r_e_d`,`r_e_c__s_t`,`v_e_r_s_i_o_n__n_o`,`r_o_w__t_s`,`c_r_e_a_t_e__d_t`,`s_y_s__c_r_e_a_t_e__t_s`,`r_e_p_a_i_r__f_g`,`f_o_r_e_i_g_n__i_f_t__f_g`,`i_s__r_e_v_e_r_s_a_l`) VALUES (?,?,?,?,?,?,?,?,?,?,?);","stack":"Error\n    at Query.run (F:\\WORKON\\CODE\\PCO_BANKING\\EVOLUTION BANKING BACKEND\\node_modules\\sequelize\\lib\\dialects\\mysql\\query.js:52:25)\n    at F:\\WORKON\\CODE\\PCO_BANKING\\EVOLUTION BANKING BACKEND\\node_modules\\sequelize\\lib\\sequelize.js:315:28\n    at process.processTicksAndRejections (node:internal/process/task_queues:103:5)\n    at async MySQLQueryInterface.insert (F:\\WORKON\\CODE\\PCO_BANKING\\EVOLUTION BANKING BACKEND\\node_modules\\sequelize\\lib\\dialects\\abstract\\query-interface.js:308:21)\n    at async InwardFundsTransfer.save (F:\\WORKON\\CODE\\PCO_BANKING\\EVOLUTION BANKING BACKEND\\node_modules\\sequelize\\lib\\model.js:2490:35)\n    at async InwardFundsTransfer.create (F:\\WORKON\\CODE\\PCO_BANKING\\EVOLUTION BANKING BACKEND\\node_modules\\sequelize\\lib\\model.js:1362:12)\n    at async file:///F:/WORKON/CODE/PCO_BANKING/EVOLUTION%20BANKING%20BACKEND/src/routes/InwardFundsTransferRoutes.js:33:30","timestamp":"2026-02-28 12:50:42"}
{"level":"info","logDir":"logs","message":"🚀 Winston logger initialized","nodeVersion":"v24.13.0","platform":"win32","timestamp":"2026-02-28 13:04:04"}
{"BENEFICIARY_ACCT":"2867582897","BENEFICIARY_BANK_CNTRY_ID":1,"BENEFICIARY_BANK_NM":"Test Bank","BENEFICIARY_NM":"Paul Matthew","PAYMENT_MTD_CD":"GENERIC","PAY_CRNCY_ID":1,"PRIORITY_LEVEL_CD":"NORMAL","RECIEVING_BANK_CHRG":15,"REMITTER_NM":"Jane Smith","SENDING_BANK_CHRG":25,"VALUE_DT":"2026-02-28","XFER_AMT":5000,"XFER_CRNCY_ID":1,"XFER_REF":"TRF_123456678899","level":"info","message":"📥 Received inward funds webhook:","timestamp":"2026-02-28 13:04:04"}
{"level":"error","message":"❌ Error processing inward funds webhook: Field 'x_f_e_r__r_e_f' doesn't have a default value","name":"SequelizeDatabaseError","original":{"code":"ER_NO_DEFAULT_FOR_FIELD","errno":1364,"parameters":[0,4960,1,"P",1,"2026-02-28 21:04:04","2026-02-28 21:04:04","2026-02-28 21:04:04","N","N",false],"sql":"INSERT INTO `INWARD_FUNDS_TRANSFERS` (`i_n_w_d__f_u_n_d_s__x_f_e_r__i_d`,`x_f_e_r__a_m_t`,`n_e_t__a_m_t__x_f_e_r_e_d`,`p_a_y__e_x_c_h__r_a_t_e`,`r_e_c__s_t`,`v_e_r_s_i_o_n__n_o`,`r_o_w__t_s`,`c_r_e_a_t_e__d_t`,`s_y_s__c_r_e_a_t_e__t_s`,`r_e_p_a_i_r__f_g`,`f_o_r_e_i_g_n__i_f_t__f_g`,`i_s__r_e_v_e_r_s_a_l`) VALUES (DEFAULT,?,?,?,?,?,?,?,?,?,?,?);","sqlMessage":"Field 'x_f_e_r__r_e_f' doesn't have a default value","sqlState":"HY000"},"parameters":[0,4960,1,"P",1,"2026-02-28 21:04:04","2026-02-28 21:04:04","2026-02-28 21:04:04","N","N",false],"parent":{"code":"ER_NO_DEFAULT_FOR_FIELD","errno":1364,"parameters":[0,4960,1,"P",1,"2026-02-28 21:04:04","2026-02-28 21:04:04","2026-02-28 21:04:04","N","N",false],"sql":"INSERT INTO `INWARD_FUNDS_TRANSFERS` (`i_n_w_d__f_u_n_d_s__x_f_e_r__i_d`,`x_f_e_r__a_m_t`,`n_e_t__a_m_t__x_f_e_r_e_d`,`p_a_y__e_x_c_h__r_a_t_e`,`r_e_c__s_t`,`v_e_r_s_i_o_n__n_o`,`r_o_w__t_s`,`c_r_e_a_t_e__d_t`,`s_y_s__c_r_e_a_t_e__t_s`,`r_e_p_a_i_r__f_g`,`f_o_r_e_i_g_n__i_f_t__f_g`,`i_s__r_e_v_e_r_s_a_l`) VALUES (DEFAULT,?,?,?,?,?,?,?,?,?,?,?);","sqlMessage":"Field 'x_f_e_r__r_e_f' doesn't have a default value","sqlState":"HY000"},"sql":"INSERT INTO `INWARD_FUNDS_TRANSFERS` (`i_n_w_d__f_u_n_d_s__x_f_e_r__i_d`,`x_f_e_r__a_m_t`,`n_e_t__a_m_t__x_f_e_r_e_d`,`p_a_y__e_x_c_h__r_a_t_e`,`r_e_c__s_t`,`v_e_r_s_i_o_n__n_o`,`r_o_w__t_s`,`c_r_e_a_t_e__d_t`,`s_y_s__c_r_e_a_t_e__t_s`,`r_e_p_a_i_r__f_g`,`f_o_r_e_i_g_n__i_f_t__f_g`,`i_s__r_e_v_e_r_s_a_l`) VALUES (DEFAULT,?,?,?,?,?,?,?,?,?,?,?);","stack":"Error\n    at Query.run (F:\\WORKON\\CODE\\PCO_BANKING\\EVOLUTION BANKING BACKEND\\node_modules\\sequelize\\lib\\dialects\\mysql\\query.js:52:25)\n    at F:\\WORKON\\CODE\\PCO_BANKING\\EVOLUTION BANKING BACKEND\\node_modules\\sequelize\\lib\\sequelize.js:315:28\n    at process.processTicksAndRejections (node:internal/process/task_queues:103:5)\n    at async MySQLQueryInterface.insert (F:\\WORKON\\CODE\\PCO_BANKING\\EVOLUTION BANKING BACKEND\\node_modules\\sequelize\\lib\\dialects\\abstract\\query-interface.js:308:21)\n    at async InwardFundsTransfer.save (F:\\WORKON\\CODE\\PCO_BANKING\\EVOLUTION BANKING BACKEND\\node_modules\\sequelize\\lib\\model.js:2490:35)\n    at async InwardFundsTransfer.create (F:\\WORKON\\CODE\\PCO_BANKING\\EVOLUTION BANKING BACKEND\\node_modules\\sequelize\\lib\\model.js:1362:12)\n    at async file:///F:/WORKON/CODE/PCO_BANKING/EVOLUTION%20BANKING%20BACKEND/src/routes/InwardFundsTransferRoutes.js:33:30","timestamp":"2026-02-28 13:04:04"}
{"level":"info","logDir":"logs","message":"🚀 Winston logger initialized","nodeVersion":"v24.13.0","platform":"win32","timestamp":"2026-02-28 13:32:50"}
{"BENEFICIARY_ACCT":"2867582897","BENEFICIARY_BANK_CNTRY_ID":1,"BENEFICIARY_BANK_NM":"Test Bank","BENEFICIARY_NM":"Paul Matthew","PAYMENT_MTD_CD":"GENERIC","PAY_CRNCY_ID":1,"PRIORITY_LEVEL_CD":"NORMAL","RECIEVING_BANK_CHRG":15,"REMITTER_NM":"Jane Smith","SENDING_BANK_CHRG":25,"VALUE_DT":"2026-02-28","XFER_AMT":5000,"XFER_CRNCY_ID":1,"XFER_REF":"TRF_123456678899","level":"info","message":"📥 Received inward funds webhook:","timestamp":"2026-02-28 13:32:50"}
{"level":"error","message":"❌ Error processing inward funds webhook: Field 'i_n_w_d__f_u_n_d_s__x_f_e_r__i_d' doesn't have a default value","name":"SequelizeDatabaseError","original":{"code":"ER_NO_DEFAULT_FOR_FIELD","errno":1364,"parameters":["TRF_123456678899","GENERIC",1,5000,25,15,4960,1,1,"2026-02-28 00:00:00","NORMAL","Paul Matthew","2867582897",null,"Test Bank",1,"Jane Smith","P",1,"2026-02-28 21:32:50","WEBHOOK","2026-02-28 21:32:50","WEBHOOK","2026-02-28 21:32:50","N","N",false],"sql":"INSERT INTO `INWARD_FUNDS_TRANSFERS` (`i_n_w_d__f_u_n_d_s__x_f_e_r__i_d`,`x_f_e_r__r_e_f`,`p_a_y_m_e_n_t__m_t_d__c_d`,`x_f_e_r__c_r_n_c_y__i_d`,`x_f_e_r__a_m_t`,`s_e_n_d_i_n_g__b_a_n_k__c_h_r_g`,`r_e_c_i_e_v_i_n_g__b_a_n_k__c_h_r_g`,`n_e_t__a_m_t__x_f_e_r_e_d`,`p_a_y__c_r_n_c_y__i_d`,`p_a_y__e_x_c_h__r_a_t_e`,`v_a_l_u_e__d_t`,`p_r_i_o_r_i_t_y__l_e_v_e_l__c_d`,`b_e_n_e_f_i_c_i_a_r_y__n_m`,`b_e_n_e_f_i_c_i_a_r_y__a_c_c_t`,`b_e_n_e_f_i_c_i_a_r_y__b_i_c__i_d`,`b_e_n_e_f_i_c_i_a_r_y__b_a_n_k__n_m`,`b_e_n_e_f_i_c_i_a_r_y__b_a_n_k__c_n_t_r_y__i_d`,`r_e_m_i_t_t_e_r__n_m`,`r_e_c__s_t`,`v_e_r_s_i_o_n__n_o`,`r_o_w__t_s`,`u_s_e_r__i_d`,`c_r_e_a_t_e__d_t`,`c_r_e_a_t_e_d__b_y`,`s_y_s__c_r_e_a_t_e__t_s`,`r_e_p_a_i_r__f_g`,`f_o_r_e_i_g_n__i_f_t__f_g`,`i_s__r_e_v_e_r_s_a_l`) VALUES (DEFAULT,?,?,?,?,?,?,?,?,?,?,?,?,?,?,?,?,?,?,?,?,?,?,?,?,?,?,?);","sqlMessage":"Field 'i_n_w_d__f_u_n_d_s__x_f_e_r__i_d' doesn't have a default value","sqlState":"HY000"},"parameters":["TRF_123456678899","GENERIC",1,5000,25,15,4960,1,1,"2026-02-28 00:00:00","NORMAL","Paul Matthew","2867582897",null,"Test Bank",1,"Jane Smith","P",1,"2026-02-28 21:32:50","WEBHOOK","2026-02-28 21:32:50","WEBHOOK","2026-02-28 21:32:50","N","N",false],"parent":{"code":"ER_NO_DEFAULT_FOR_FIELD","errno":1364,"parameters":["TRF_123456678899","GENERIC",1,5000,25,15,4960,1,1,"2026-02-28 00:00:00","NORMAL","Paul Matthew","2867582897",null,"Test Bank",1,"Jane Smith","P",1,"2026-02-28 21:32:50","WEBHOOK","2026-02-28 21:32:50","WEBHOOK","2026-02-28 21:32:50","N","N",false],"sql":"INSERT INTO `INWARD_FUNDS_TRANSFERS` (`i_n_w_d__f_u_n_d_s__x_f_e_r__i_d`,`x_f_e_r__r_e_f`,`p_a_y_m_e_n_t__m_t_d__c_d`,`x_f_e_r__c_r_n_c_y__i_d`,`x_f_e_r__a_m_t`,`s_e_n_d_i_n_g__b_a_n_k__c_h_r_g`,`r_e_c_i_e_v_i_n_g__b_a_n_k__c_h_r_g`,`n_e_t__a_m_t__x_f_e_r_e_d`,`p_a_y__c_r_n_c_y__i_d`,`p_a_y__e_x_c_h__r_a_t_e`,`v_a_l_u_e__d_t`,`p_r_i_o_r_i_t_y__l_e_v_e_l__c_d`,`b_e_n_e_f_i_c_i_a_r_y__n_m`,`b_e_n_e_f_i_c_i_a_r_y__a_c_c_t`,`b_e_n_e_f_i_c_i_a_r_y__b_i_c__i_d`,`b_e_n_e_f_i_c_i_a_r_y__b_a_n_k__n_m`,`b_e_n_e_f_i_c_i_a_r_y__b_a_n_k__c_n_t_r_y__i_d`,`r_e_m_i_t_t_e_r__n_m`,`r_e_c__s_t`,`v_e_r_s_i_o_n__n_o`,`r_o_w__t_s`,`u_s_e_r__i_d`,`c_r_e_a_t_e__d_t`,`c_r_e_a_t_e_d__b_y`,`s_y_s__c_r_e_a_t_e__t_s`,`r_e_p_a_i_r__f_g`,`f_o_r_e_i_g_n__i_f_t__f_g`,`i_s__r_e_v_e_r_s_a_l`) VALUES (DEFAULT,?,?,?,?,?,?,?,?,?,?,?,?,?,?,?,?,?,?,?,?,?,?,?,?,?,?,?);","sqlMessage":"Field 'i_n_w_d__f_u_n_d_s__x_f_e_r__i_d' doesn't have a default value","sqlState":"HY000"},"sql":"INSERT INTO `INWARD_FUNDS_TRANSFERS` (`i_n_w_d__f_u_n_d_s__x_f_e_r__i_d`,`x_f_e_r__r_e_f`,`p_a_y_m_e_n_t__m_t_d__c_d`,`x_f_e_r__c_r_n_c_y__i_d`,`x_f_e_r__a_m_t`,`s_e_n_d_i_n_g__b_a_n_k__c_h_r_g`,`r_e_c_i_e_v_i_n_g__b_a_n_k__c_h_r_g`,`n_e_t__a_m_t__x_f_e_r_e_d`,`p_a_y__c_r_n_c_y__i_d`,`p_a_y__e_x_c_h__r_a_t_e`,`v_a_l_u_e__d_t`,`p_r_i_o_r_i_t_y__l_e_v_e_l__c_d`,`b_e_n_e_f_i_c_i_a_r_y__n_m`,`b_e_n_e_f_i_c_i_a_r_y__a_c_c_t`,`b_e_n_e_f_i_c_i_a_r_y__b_i_c__i_d`,`b_e_n_e_f_i_c_i_a_r_y__b_a_n_k__n_m`,`b_e_n_e_f_i_c_i_a_r_y__b_a_n_k__c_n_t_r_y__i_d`,`r_e_m_i_t_t_e_r__n_m`,`r_e_c__s_t`,`v_e_r_s_i_o_n__n_o`,`r_o_w__t_s`,`u_s_e_r__i_d`,`c_r_e_a_t_e__d_t`,`c_r_e_a_t_e_d__b_y`,`s_y_s__c_r_e_a_t_e__t_s`,`r_e_p_a_i_r__f_g`,`f_o_r_e_i_g_n__i_f_t__f_g`,`i_s__r_e_v_e_r_s_a_l`) VALUES (DEFAULT,?,?,?,?,?,?,?,?,?,?,?,?,?,?,?,?,?,?,?,?,?,?,?,?,?,?,?);","stack":"Error\n    at Query.run (F:\\WORKON\\CODE\\PCO_BANKING\\EVOLUTION BANKING BACKEND\\node_modules\\sequelize\\lib\\dialects\\mysql\\query.js:52:25)\n    at F:\\WORKON\\CODE\\PCO_BANKING\\EVOLUTION BANKING BACKEND\\node_modules\\sequelize\\lib\\sequelize.js:315:28\n    at process.processTicksAndRejections (node:internal/process/task_queues:103:5)\n    at async MySQLQueryInterface.insert (F:\\WORKON\\CODE\\PCO_BANKING\\EVOLUTION BANKING BACKEND\\node_modules\\sequelize\\lib\\dialects\\abstract\\query-interface.js:308:21)\n    at async InwardFundsTransfer.save (F:\\WORKON\\CODE\\PCO_BANKING\\EVOLUTION BANKING BACKEND\\node_modules\\sequelize\\lib\\model.js:2490:35)\n    at async InwardFundsTransfer.create (F:\\WORKON\\CODE\\PCO_BANKING\\EVOLUTION BANKING BACKEND\\node_modules\\sequelize\\lib\\model.js:1362:12)\n    at async file:///F:/WORKON/CODE/PCO_BANKING/EVOLUTION%20BANKING%20BACKEND/src/routes/InwardFundsTransferRoutes.js:33:30","timestamp":"2026-02-28 13:32:50"}
{"level":"info","logDir":"logs","message":"🚀 Winston logger initialized","nodeVersion":"v24.13.0","platform":"win32","timestamp":"2026-02-28 13:37:55"}
{"BENEFICIARY_ACCT":"2867582897","BENEFICIARY_BANK_CNTRY_ID":1,"BENEFICIARY_BANK_NM":"Test Bank","BENEFICIARY_NM":"Paul Matthew","PAYMENT_MTD_CD":"GENERIC","PAY_CRNCY_ID":1,"PRIORITY_LEVEL_CD":"NORMAL","RECIEVING_BANK_CHRG":15,"REMITTER_NM":"Jane Smith","SENDING_BANK_CHRG":25,"VALUE_DT":"2026-02-28","XFER_AMT":5000,"XFER_CRNCY_ID":1,"XFER_REF":"TRF_123456678899","level":"info","message":"📥 Received inward funds webhook:","timestamp":"2026-02-28 13:37:55"}
{"level":"error","message":"❌ Error processing inward funds webhook: Field 'i_n_w_d__f_u_n_d_s__x_f_e_r__i_d' doesn't have a default value","name":"SequelizeDatabaseError","original":{"code":"ER_NO_DEFAULT_FOR_FIELD","errno":1364,"parameters":["TRF_123456678899","GENERIC",1,5000,25,15,4960,1,1,"2026-02-28 00:00:00","NORMAL","Paul Matthew","2867582897",null,"Test Bank",1,"Jane Smith","P",1,"2026-02-28 21:37:55","WEBHOOK","2026-02-28 21:37:55","WEBHOOK","2026-02-28 21:37:55","N","N",false],"sql":"INSERT INTO `INWARD_FUNDS_TRANSFERS` (`i_n_w_d__f_u_n_d_s__x_f_e_r__i_d`,`x_f_e_r__r_e_f`,`p_a_y_m_e_n_t__m_t_d__c_d`,`x_f_e_r__c_r_n_c_y__i_d`,`x_f_e_r__a_m_t`,`s_e_n_d_i_n_g__b_a_n_k__c_h_r_g`,`r_e_c_i_e_v_i_n_g__b_a_n_k__c_h_r_g`,`n_e_t__a_m_t__x_f_e_r_e_d`,`p_a_y__c_r_n_c_y__i_d`,`p_a_y__e_x_c_h__r_a_t_e`,`v_a_l_u_e__d_t`,`p_r_i_o_r_i_t_y__l_e_v_e_l__c_d`,`b_e_n_e_f_i_c_i_a_r_y__n_m`,`b_e_n_e_f_i_c_i_a_r_y__a_c_c_t`,`b_e_n_e_f_i_c_i_a_r_y__b_i_c__i_d`,`b_e_n_e_f_i_c_i_a_r_y__b_a_n_k__n_m`,`b_e_n_e_f_i_c_i_a_r_y__b_a_n_k__c_n_t_r_y__i_d`,`r_e_m_i_t_t_e_r__n_m`,`r_e_c__s_t`,`v_e_r_s_i_o_n__n_o`,`r_o_w__t_s`,`u_s_e_r__i_d`,`c_r_e_a_t_e__d_t`,`c_r_e_a_t_e_d__b_y`,`s_y_s__c_r_e_a_t_e__t_s`,`r_e_p_a_i_r__f_g`,`f_o_r_e_i_g_n__i_f_t__f_g`,`i_s__r_e_v_e_r_s_a_l`) VALUES (DEFAULT,?,?,?,?,?,?,?,?,?,?,?,?,?,?,?,?,?,?,?,?,?,?,?,?,?,?,?);","sqlMessage":"Field 'i_n_w_d__f_u_n_d_s__x_f_e_r__i_d' doesn't have a default value","sqlState":"HY000"},"parameters":["TRF_123456678899","GENERIC",1,5000,25,15,4960,1,1,"2026-02-28 00:00:00","NORMAL","Paul Matthew","2867582897",null,"Test Bank",1,"Jane Smith","P",1,"2026-02-28 21:37:55","WEBHOOK","2026-02-28 21:37:55","WEBHOOK","2026-02-28 21:37:55","N","N",false],"parent":{"code":"ER_NO_DEFAULT_FOR_FIELD","errno":1364,"parameters":["TRF_123456678899","GENERIC",1,5000,25,15,4960,1,1,"2026-02-28 00:00:00","NORMAL","Paul Matthew","2867582897",null,"Test Bank",1,"Jane Smith","P",1,"2026-02-28 21:37:55","WEBHOOK","2026-02-28 21:37:55","WEBHOOK","2026-02-28 21:37:55","N","N",false],"sql":"INSERT INTO `INWARD_FUNDS_TRANSFERS` (`i_n_w_d__f_u_n_d_s__x_f_e_r__i_d`,`x_f_e_r__r_e_f`,`p_a_y_m_e_n_t__m_t_d__c_d`,`x_f_e_r__c_r_n_c_y__i_d`,`x_f_e_r__a_m_t`,`s_e_n_d_i_n_g__b_a_n_k__c_h_r_g`,`r_e_c_i_e_v_i_n_g__b_a_n_k__c_h_r_g`,`n_e_t__a_m_t__x_f_e_r_e_d`,`p_a_y__c_r_n_c_y__i_d`,`p_a_y__e_x_c_h__r_a_t_e`,`v_a_l_u_e__d_t`,`p_r_i_o_r_i_t_y__l_e_v_e_l__c_d`,`b_e_n_e_f_i_c_i_a_r_y__n_m`,`b_e_n_e_f_i_c_i_a_r_y__a_c_c_t`,`b_e_n_e_f_i_c_i_a_r_y__b_i_c__i_d`,`b_e_n_e_f_i_c_i_a_r_y__b_a_n_k__n_m`,`b_e_n_e_f_i_c_i_a_r_y__b_a_n_k__c_n_t_r_y__i_d`,`r_e_m_i_t_t_e_r__n_m`,`r_e_c__s_t`,`v_e_r_s_i_o_n__n_o`,`r_o_w__t_s`,`u_s_e_r__i_d`,`c_r_e_a_t_e__d_t`,`c_r_e_a_t_e_d__b_y`,`s_y_s__c_r_e_a_t_e__t_s`,`r_e_p_a_i_r__f_g`,`f_o_r_e_i_g_n__i_f_t__f_g`,`i_s__r_e_v_e_r_s_a_l`) VALUES (DEFAULT,?,?,?,?,?,?,?,?,?,?,?,?,?,?,?,?,?,?,?,?,?,?,?,?,?,?,?);","sqlMessage":"Field 'i_n_w_d__f_u_n_d_s__x_f_e_r__i_d' doesn't have a default value","sqlState":"HY000"},"sql":"INSERT INTO `INWARD_FUNDS_TRANSFERS` (`i_n_w_d__f_u_n_d_s__x_f_e_r__i_d`,`x_f_e_r__r_e_f`,`p_a_y_m_e_n_t__m_t_d__c_d`,`x_f_e_r__c_r_n_c_y__i_d`,`x_f_e_r__a_m_t`,`s_e_n_d_i_n_g__b_a_n_k__c_h_r_g`,`r_e_c_i_e_v_i_n_g__b_a_n_k__c_h_r_g`,`n_e_t__a_m_t__x_f_e_r_e_d`,`p_a_y__c_r_n_c_y__i_d`,`p_a_y__e_x_c_h__r_a_t_e`,`v_a_l_u_e__d_t`,`p_r_i_o_r_i_t_y__l_e_v_e_l__c_d`,`b_e_n_e_f_i_c_i_a_r_y__n_m`,`b_e_n_e_f_i_c_i_a_r_y__a_c_c_t`,`b_e_n_e_f_i_c_i_a_r_y__b_i_c__i_d`,`b_e_n_e_f_i_c_i_a_r_y__b_a_n_k__n_m`,`b_e_n_e_f_i_c_i_a_r_y__b_a_n_k__c_n_t_r_y__i_d`,`r_e_m_i_t_t_e_r__n_m`,`r_e_c__s_t`,`v_e_r_s_i_o_n__n_o`,`r_o_w__t_s`,`u_s_e_r__i_d`,`c_r_e_a_t_e__d_t`,`c_r_e_a_t_e_d__b_y`,`s_y_s__c_r_e_a_t_e__t_s`,`r_e_p_a_i_r__f_g`,`f_o_r_e_i_g_n__i_f_t__f_g`,`i_s__r_e_v_e_r_s_a_l`) VALUES (DEFAULT,?,?,?,?,?,?,?,?,?,?,?,?,?,?,?,?,?,?,?,?,?,?,?,?,?,?,?);","stack":"Error\n    at Query.run (F:\\WORKON\\CODE\\PCO_BANKING\\EVOLUTION BANKING BACKEND\\node_modules\\sequelize\\lib\\dialects\\mysql\\query.js:52:25)\n    at F:\\WORKON\\CODE\\PCO_BANKING\\EVOLUTION BANKING BACKEND\\node_modules\\sequelize\\lib\\sequelize.js:315:28\n    at process.processTicksAndRejections (node:internal/process/task_queues:103:5)\n    at async MySQLQueryInterface.insert (F:\\WORKON\\CODE\\PCO_BANKING\\EVOLUTION BANKING BACKEND\\node_modules\\sequelize\\lib\\dialects\\abstract\\query-interface.js:308:21)\n    at async InwardFundsTransfer.save (F:\\WORKON\\CODE\\PCO_BANKING\\EVOLUTION BANKING BACKEND\\node_modules\\sequelize\\lib\\model.js:2490:35)\n    at async InwardFundsTransfer.create (F:\\WORKON\\CODE\\PCO_BANKING\\EVOLUTION BANKING BACKEND\\node_modules\\sequelize\\lib\\model.js:1362:12)\n    at async file:///F:/WORKON/CODE/PCO_BANKING/EVOLUTION%20BANKING%20BACKEND/src/routes/InwardFundsTransferRoutes.js:33:30","timestamp":"2026-02-28 13:37:55"}
{"level":"info","logDir":"logs","message":"🚀 Winston logger initialized","nodeVersion":"v24.13.0","platform":"win32","timestamp":"2026-02-28 14:01:02"}
{"BENEFICIARY_ACCT":"2867582897","BENEFICIARY_BANK_CNTRY_ID":1,"BENEFICIARY_BANK_NM":"Test Bank","BENEFICIARY_NM":"Paul Matthew","PAYMENT_MTD_CD":"GENERIC","PAY_CRNCY_ID":1,"PRIORITY_LEVEL_CD":"NORMAL","RECIEVING_BANK_CHRG":15,"REMITTER_NM":"Jane Smith","SENDING_BANK_CHRG":25,"VALUE_DT":"2026-02-28","XFER_AMT":5000,"XFER_CRNCY_ID":1,"XFER_REF":"TRF_123456678899","level":"info","message":"📥 Received inward funds webhook:","timestamp":"2026-02-28 14:01:02"}
{"level":"error","message":"❌ Error processing inward funds webhook: Field 'b_e_n_e_f_i_c_i_a_r_y__b_i_c__i_d' doesn't have a default value","name":"SequelizeDatabaseError","original":{"code":"ER_NO_DEFAULT_FOR_FIELD","errno":1364,"parameters":["TRF_123456678899","GENERIC",1,5000,25,15,4960,1,1,"2026-02-28 00:00:00","NORMAL","Paul Matthew","2867582897","Test Bank",1,"Jane Smith","P",1,"2026-02-28 22:01:02","WEBHOOK","2026-02-28 22:01:02","WEBHOOK","2026-02-28 22:01:02","N","N",false],"sql":"INSERT INTO `INWARD_FUNDS_TRANSFERS` (`i_n_w_d__f_u_n_d_s__x_f_e_r__i_d`,`x_f_e_r__r_e_f`,`p_a_y_m_e_n_t__m_t_d__c_d`,`x_f_e_r__c_r_n_c_y__i_d`,`x_f_e_r__a_m_t`,`s_e_n_d_i_n_g__b_a_n_k__c_h_r_g`,`r_e_c_i_e_v_i_n_g__b_a_n_k__c_h_r_g`,`n_e_t__a_m_t__x_f_e_r_e_d`,`p_a_y__c_r_n_c_y__i_d`,`p_a_y__e_x_c_h__r_a_t_e`,`v_a_l_u_e__d_t`,`p_r_i_o_r_i_t_y__l_e_v_e_l__c_d`,`b_e_n_e_f_i_c_i_a_r_y__n_m`,`b_e_n_e_f_i_c_i_a_r_y__a_c_c_t`,`b_e_n_e_f_i_c_i_a_r_y__b_a_n_k__n_m`,`b_e_n_e_f_i_c_i_a_r_y__b_a_n_k__c_n_t_r_y__i_d`,`r_e_m_i_t_t_e_r__n_m`,`r_e_c__s_t`,`v_e_r_s_i_o_n__n_o`,`r_o_w__t_s`,`u_s_e_r__i_d`,`c_r_e_a_t_e__d_t`,`c_r_e_a_t_e_d__b_y`,`s_y_s__c_r_e_a_t_e__t_s`,`r_e_p_a_i_r__f_g`,`f_o_r_e_i_g_n__i_f_t__f_g`,`i_s__r_e_v_e_r_s_a_l`) VALUES (DEFAULT,?,?,?,?,?,?,?,?,?,?,?,?,?,?,?,?,?,?,?,?,?,?,?,?,?,?);","sqlMessage":"Field 'b_e_n_e_f_i_c_i_a_r_y__b_i_c__i_d' doesn't have a default value","sqlState":"HY000"},"parameters":["TRF_123456678899","GENERIC",1,5000,25,15,4960,1,1,"2026-02-28 00:00:00","NORMAL","Paul Matthew","2867582897","Test Bank",1,"Jane Smith","P",1,"2026-02-28 22:01:02","WEBHOOK","2026-02-28 22:01:02","WEBHOOK","2026-02-28 22:01:02","N","N",false],"parent":{"code":"ER_NO_DEFAULT_FOR_FIELD","errno":1364,"parameters":["TRF_123456678899","GENERIC",1,5000,25,15,4960,1,1,"2026-02-28 00:00:00","NORMAL","Paul Matthew","2867582897","Test Bank",1,"Jane Smith","P",1,"2026-02-28 22:01:02","WEBHOOK","2026-02-28 22:01:02","WEBHOOK","2026-02-28 22:01:02","N","N",false],"sql":"INSERT INTO `INWARD_FUNDS_TRANSFERS` (`i_n_w_d__f_u_n_d_s__x_f_e_r__i_d`,`x_f_e_r__r_e_f`,`p_a_y_m_e_n_t__m_t_d__c_d`,`x_f_e_r__c_r_n_c_y__i_d`,`x_f_e_r__a_m_t`,`s_e_n_d_i_n_g__b_a_n_k__c_h_r_g`,`r_e_c_i_e_v_i_n_g__b_a_n_k__c_h_r_g`,`n_e_t__a_m_t__x_f_e_r_e_d`,`p_a_y__c_r_n_c_y__i_d`,`p_a_y__e_x_c_h__r_a_t_e`,`v_a_l_u_e__d_t`,`p_r_i_o_r_i_t_y__l_e_v_e_l__c_d`,`b_e_n_e_f_i_c_i_a_r_y__n_m`,`b_e_n_e_f_i_c_i_a_r_y__a_c_c_t`,`b_e_n_e_f_i_c_i_a_r_y__b_a_n_k__n_m`,`b_e_n_e_f_i_c_i_a_r_y__b_a_n_k__c_n_t_r_y__i_d`,`r_e_m_i_t_t_e_r__n_m`,`r_e_c__s_t`,`v_e_r_s_i_o_n__n_o`,`r_o_w__t_s`,`u_s_e_r__i_d`,`c_r_e_a_t_e__d_t`,`c_r_e_a_t_e_d__b_y`,`s_y_s__c_r_e_a_t_e__t_s`,`r_e_p_a_i_r__f_g`,`f_o_r_e_i_g_n__i_f_t__f_g`,`i_s__r_e_v_e_r_s_a_l`) VALUES (DEFAULT,?,?,?,?,?,?,?,?,?,?,?,?,?,?,?,?,?,?,?,?,?,?,?,?,?,?);","sqlMessage":"Field 'b_e_n_e_f_i_c_i_a_r_y__b_i_c__i_d' doesn't have a default value","sqlState":"HY000"},"sql":"INSERT INTO `INWARD_FUNDS_TRANSFERS` (`i_n_w_d__f_u_n_d_s__x_f_e_r__i_d`,`x_f_e_r__r_e_f`,`p_a_y_m_e_n_t__m_t_d__c_d`,`x_f_e_r__c_r_n_c_y__i_d`,`x_f_e_r__a_m_t`,`s_e_n_d_i_n_g__b_a_n_k__c_h_r_g`,`r_e_c_i_e_v_i_n_g__b_a_n_k__c_h_r_g`,`n_e_t__a_m_t__x_f_e_r_e_d`,`p_a_y__c_r_n_c_y__i_d`,`p_a_y__e_x_c_h__r_a_t_e`,`v_a_l_u_e__d_t`,`p_r_i_o_r_i_t_y__l_e_v_e_l__c_d`,`b_e_n_e_f_i_c_i_a_r_y__n_m`,`b_e_n_e_f_i_c_i_a_r_y__a_c_c_t`,`b_e_n_e_f_i_c_i_a_r_y__b_a_n_k__n_m`,`b_e_n_e_f_i_c_i_a_r_y__b_a_n_k__c_n_t_r_y__i_d`,`r_e_m_i_t_t_e_r__n_m`,`r_e_c__s_t`,`v_e_r_s_i_o_n__n_o`,`r_o_w__t_s`,`u_s_e_r__i_d`,`c_r_e_a_t_e__d_t`,`c_r_e_a_t_e_d__b_y`,`s_y_s__c_r_e_a_t_e__t_s`,`r_e_p_a_i_r__f_g`,`f_o_r_e_i_g_n__i_f_t__f_g`,`i_s__r_e_v_e_r_s_a_l`) VALUES (DEFAULT,?,?,?,?,?,?,?,?,?,?,?,?,?,?,?,?,?,?,?,?,?,?,?,?,?,?);","stack":"Error\n    at Query.run (F:\\WORKON\\CODE\\PCO_BANKING\\EVOLUTION BANKING BACKEND\\node_modules\\sequelize\\lib\\dialects\\mysql\\query.js:52:25)\n    at F:\\WORKON\\CODE\\PCO_BANKING\\EVOLUTION BANKING BACKEND\\node_modules\\sequelize\\lib\\sequelize.js:315:28\n    at process.processTicksAndRejections (node:internal/process/task_queues:103:5)\n    at async MySQLQueryInterface.insert (F:\\WORKON\\CODE\\PCO_BANKING\\EVOLUTION BANKING BACKEND\\node_modules\\sequelize\\lib\\dialects\\abstract\\query-interface.js:308:21)\n    at async InwardFundsTransfer.save (F:\\WORKON\\CODE\\PCO_BANKING\\EVOLUTION BANKING BACKEND\\node_modules\\sequelize\\lib\\model.js:2490:35)\n    at async InwardFundsTransfer.create (F:\\WORKON\\CODE\\PCO_BANKING\\EVOLUTION BANKING BACKEND\\node_modules\\sequelize\\lib\\model.js:1362:12)\n    at async file:///F:/WORKON/CODE/PCO_BANKING/EVOLUTION%20BANKING%20BACKEND/src/routes/InwardFundsTransferRoutes.js:46:30","timestamp":"2026-02-28 14:01:02"}
{"level":"info","logDir":"logs","message":"🚀 Winston logger initialized","nodeVersion":"v24.13.0","platform":"win32","timestamp":"2026-02-28 14:05:52"}
{"BENEFICIARY_ACCT":"2867582897","BENEFICIARY_BANK_CNTRY_ID":1,"BENEFICIARY_BANK_NM":"Test Bank","BENEFICIARY_NM":"Paul Matthew","PAYMENT_MTD_CD":"GENERIC","PAY_CRNCY_ID":1,"PRIORITY_LEVEL_CD":"NORMAL","RECIEVING_BANK_CHRG":15,"REMITTER_NM":"Jane Smith","SENDING_BANK_CHRG":25,"VALUE_DT":"2026-02-28","XFER_AMT":5000,"XFER_CRNCY_ID":1,"XFER_REF":"TRF_123456678899","level":"info","message":"📥 Received inward funds webhook:","timestamp":"2026-02-28 14:05:52"}
{"level":"error","message":"❌ Error processing inward funds webhook: Field 'b_e_n_e_f_i_c_i_a_r_y__b_i_c__i_d' doesn't have a default value","name":"SequelizeDatabaseError","original":{"code":"ER_NO_DEFAULT_FOR_FIELD","errno":1364,"parameters":["TRF_123456678899","GENERIC",1,5000,25,15,4960,1,1,"2026-02-28 00:00:00","NORMAL","Paul Matthew","2867582897","Test Bank",1,"Jane Smith","P",1,"2026-02-28 22:05:52","WEBHOOK","2026-02-28 22:05:52","WEBHOOK","2026-02-28 22:05:52","N","N",false],"sql":"INSERT INTO `INWARD_FUNDS_TRANSFERS` (`i_n_w_d__f_u_n_d_s__x_f_e_r__i_d`,`x_f_e_r__r_e_f`,`p_a_y_m_e_n_t__m_t_d__c_d`,`x_f_e_r__c_r_n_c_y__i_d`,`x_f_e_r__a_m_t`,`s_e_n_d_i_n_g__b_a_n_k__c_h_r_g`,`r_e_c_i_e_v_i_n_g__b_a_n_k__c_h_r_g`,`n_e_t__a_m_t__x_f_e_r_e_d`,`p_a_y__c_r_n_c_y__i_d`,`p_a_y__e_x_c_h__r_a_t_e`,`v_a_l_u_e__d_t`,`p_r_i_o_r_i_t_y__l_e_v_e_l__c_d`,`b_e_n_e_f_i_c_i_a_r_y__n_m`,`b_e_n_e_f_i_c_i_a_r_y__a_c_c_t`,`b_e_n_e_f_i_c_i_a_r_y__b_a_n_k__n_m`,`b_e_n_e_f_i_c_i_a_r_y__b_a_n_k__c_n_t_r_y__i_d`,`r_e_m_i_t_t_e_r__n_m`,`r_e_c__s_t`,`v_e_r_s_i_o_n__n_o`,`r_o_w__t_s`,`u_s_e_r__i_d`,`c_r_e_a_t_e__d_t`,`c_r_e_a_t_e_d__b_y`,`s_y_s__c_r_e_a_t_e__t_s`,`r_e_p_a_i_r__f_g`,`f_o_r_e_i_g_n__i_f_t__f_g`,`i_s__r_e_v_e_r_s_a_l`) VALUES (DEFAULT,?,?,?,?,?,?,?,?,?,?,?,?,?,?,?,?,?,?,?,?,?,?,?,?,?,?);","sqlMessage":"Field 'b_e_n_e_f_i_c_i_a_r_y__b_i_c__i_d' doesn't have a default value","sqlState":"HY000"},"parameters":["TRF_123456678899","GENERIC",1,5000,25,15,4960,1,1,"2026-02-28 00:00:00","NORMAL","Paul Matthew","2867582897","Test Bank",1,"Jane Smith","P",1,"2026-02-28 22:05:52","WEBHOOK","2026-02-28 22:05:52","WEBHOOK","2026-02-28 22:05:52","N","N",false],"parent":{"code":"ER_NO_DEFAULT_FOR_FIELD","errno":1364,"parameters":["TRF_123456678899","GENERIC",1,5000,25,15,4960,1,1,"2026-02-28 00:00:00","NORMAL","Paul Matthew","2867582897","Test Bank",1,"Jane Smith","P",1,"2026-02-28 22:05:52","WEBHOOK","2026-02-28 22:05:52","WEBHOOK","2026-02-28 22:05:52","N","N",false],"sql":"INSERT INTO `INWARD_FUNDS_TRANSFERS` (`i_n_w_d__f_u_n_d_s__x_f_e_r__i_d`,`x_f_e_r__r_e_f`,`p_a_y_m_e_n_t__m_t_d__c_d`,`x_f_e_r__c_r_n_c_y__i_d`,`x_f_e_r__a_m_t`,`s_e_n_d_i_n_g__b_a_n_k__c_h_r_g`,`r_e_c_i_e_v_i_n_g__b_a_n_k__c_h_r_g`,`n_e_t__a_m_t__x_f_e_r_e_d`,`p_a_y__c_r_n_c_y__i_d`,`p_a_y__e_x_c_h__r_a_t_e`,`v_a_l_u_e__d_t`,`p_r_i_o_r_i_t_y__l_e_v_e_l__c_d`,`b_e_n_e_f_i_c_i_a_r_y__n_m`,`b_e_n_e_f_i_c_i_a_r_y__a_c_c_t`,`b_e_n_e_f_i_c_i_a_r_y__b_a_n_k__n_m`,`b_e_n_e_f_i_c_i_a_r_y__b_a_n_k__c_n_t_r_y__i_d`,`r_e_m_i_t_t_e_r__n_m`,`r_e_c__s_t`,`v_e_r_s_i_o_n__n_o`,`r_o_w__t_s`,`u_s_e_r__i_d`,`c_r_e_a_t_e__d_t`,`c_r_e_a_t_e_d__b_y`,`s_y_s__c_r_e_a_t_e__t_s`,`r_e_p_a_i_r__f_g`,`f_o_r_e_i_g_n__i_f_t__f_g`,`i_s__r_e_v_e_r_s_a_l`) VALUES (DEFAULT,?,?,?,?,?,?,?,?,?,?,?,?,?,?,?,?,?,?,?,?,?,?,?,?,?,?);","sqlMessage":"Field 'b_e_n_e_f_i_c_i_a_r_y__b_i_c__i_d' doesn't have a default value","sqlState":"HY000"},"sql":"INSERT INTO `INWARD_FUNDS_TRANSFERS` (`i_n_w_d__f_u_n_d_s__x_f_e_r__i_d`,`x_f_e_r__r_e_f`,`p_a_y_m_e_n_t__m_t_d__c_d`,`x_f_e_r__c_r_n_c_y__i_d`,`x_f_e_r__a_m_t`,`s_e_n_d_i_n_g__b_a_n_k__c_h_r_g`,`r_e_c_i_e_v_i_n_g__b_a_n_k__c_h_r_g`,`n_e_t__a_m_t__x_f_e_r_e_d`,`p_a_y__c_r_n_c_y__i_d`,`p_a_y__e_x_c_h__r_a_t_e`,`v_a_l_u_e__d_t`,`p_r_i_o_r_i_t_y__l_e_v_e_l__c_d`,`b_e_n_e_f_i_c_i_a_r_y__n_m`,`b_e_n_e_f_i_c_i_a_r_y__a_c_c_t`,`b_e_n_e_f_i_c_i_a_r_y__b_a_n_k__n_m`,`b_e_n_e_f_i_c_i_a_r_y__b_a_n_k__c_n_t_r_y__i_d`,`r_e_m_i_t_t_e_r__n_m`,`r_e_c__s_t`,`v_e_r_s_i_o_n__n_o`,`r_o_w__t_s`,`u_s_e_r__i_d`,`c_r_e_a_t_e__d_t`,`c_r_e_a_t_e_d__b_y`,`s_y_s__c_r_e_a_t_e__t_s`,`r_e_p_a_i_r__f_g`,`f_o_r_e_i_g_n__i_f_t__f_g`,`i_s__r_e_v_e_r_s_a_l`) VALUES (DEFAULT,?,?,?,?,?,?,?,?,?,?,?,?,?,?,?,?,?,?,?,?,?,?,?,?,?,?);","stack":"Error\n    at Query.run (F:\\WORKON\\CODE\\PCO_BANKING\\EVOLUTION BANKING BACKEND\\node_modules\\sequelize\\lib\\dialects\\mysql\\query.js:52:25)\n    at F:\\WORKON\\CODE\\PCO_BANKING\\EVOLUTION BANKING BACKEND\\node_modules\\sequelize\\lib\\sequelize.js:315:28\n    at process.processTicksAndRejections (node:internal/process/task_queues:103:5)\n    at async MySQLQueryInterface.insert (F:\\WORKON\\CODE\\PCO_BANKING\\EVOLUTION BANKING BACKEND\\node_modules\\sequelize\\lib\\dialects\\abstract\\query-interface.js:308:21)\n    at async InwardFundsTransfer.save (F:\\WORKON\\CODE\\PCO_BANKING\\EVOLUTION BANKING BACKEND\\node_modules\\sequelize\\lib\\model.js:2490:35)\n    at async InwardFundsTransfer.create (F:\\WORKON\\CODE\\PCO_BANKING\\EVOLUTION BANKING BACKEND\\node_modules\\sequelize\\lib\\model.js:1362:12)\n    at async file:///F:/WORKON/CODE/PCO_BANKING/EVOLUTION%20BANKING%20BACKEND/src/routes/InwardFundsTransferRoutes.js:46:30","timestamp":"2026-02-28 14:05:52"}
{"BENEFICIARY_ACCT":"2867582897","BENEFICIARY_BANK_CNTRY_ID":1,"BENEFICIARY_BANK_NM":"Test Bank","BENEFICIARY_NM":"Paul Matthew","PAYMENT_MTD_CD":"GENERIC","PAY_CRNCY_ID":1,"PRIORITY_LEVEL_CD":"NORMAL","RECIEVING_BANK_CHRG":15,"REMITTER_NM":"Jane Smith","SENDING_BANK_CHRG":25,"VALUE_DT":"2026-02-28","XFER_AMT":5000,"XFER_CRNCY_ID":1,"XFER_REF":"TRF_123456678899","level":"info","message":"📥 Received inward funds webhook:","timestamp":"2026-02-28 14:07:00"}
{"level":"error","message":"❌ Error processing inward funds webhook: Field 'b_e_n_e_f_i_c_i_a_r_y__b_i_c__i_d' doesn't have a default value","name":"SequelizeDatabaseError","original":{"code":"ER_NO_DEFAULT_FOR_FIELD","errno":1364,"parameters":["TRF_123456678899","GENERIC",1,5000,25,15,4960,1,1,"2026-02-28 00:00:00","NORMAL","Paul Matthew","2867582897","Test Bank",1,"Jane Smith","P",1,"2026-02-28 22:07:00","WEBHOOK","2026-02-28 22:07:00","WEBHOOK","2026-02-28 22:07:00","N","N",false],"sql":"INSERT INTO `INWARD_FUNDS_TRANSFERS` (`i_n_w_d__f_u_n_d_s__x_f_e_r__i_d`,`x_f_e_r__r_e_f`,`p_a_y_m_e_n_t__m_t_d__c_d`,`x_f_e_r__c_r_n_c_y__i_d`,`x_f_e_r__a_m_t`,`s_e_n_d_i_n_g__b_a_n_k__c_h_r_g`,`r_e_c_i_e_v_i_n_g__b_a_n_k__c_h_r_g`,`n_e_t__a_m_t__x_f_e_r_e_d`,`p_a_y__c_r_n_c_y__i_d`,`p_a_y__e_x_c_h__r_a_t_e`,`v_a_l_u_e__d_t`,`p_r_i_o_r_i_t_y__l_e_v_e_l__c_d`,`b_e_n_e_f_i_c_i_a_r_y__n_m`,`b_e_n_e_f_i_c_i_a_r_y__a_c_c_t`,`b_e_n_e_f_i_c_i_a_r_y__b_a_n_k__n_m`,`b_e_n_e_f_i_c_i_a_r_y__b_a_n_k__c_n_t_r_y__i_d`,`r_e_m_i_t_t_e_r__n_m`,`r_e_c__s_t`,`v_e_r_s_i_o_n__n_o`,`r_o_w__t_s`,`u_s_e_r__i_d`,`c_r_e_a_t_e__d_t`,`c_r_e_a_t_e_d__b_y`,`s_y_s__c_r_e_a_t_e__t_s`,`r_e_p_a_i_r__f_g`,`f_o_r_e_i_g_n__i_f_t__f_g`,`i_s__r_e_v_e_r_s_a_l`) VALUES (DEFAULT,?,?,?,?,?,?,?,?,?,?,?,?,?,?,?,?,?,?,?,?,?,?,?,?,?,?);","sqlMessage":"Field 'b_e_n_e_f_i_c_i_a_r_y__b_i_c__i_d' doesn't have a default value","sqlState":"HY000"},"parameters":["TRF_123456678899","GENERIC",1,5000,25,15,4960,1,1,"2026-02-28 00:00:00","NORMAL","Paul Matthew","2867582897","Test Bank",1,"Jane Smith","P",1,"2026-02-28 22:07:00","WEBHOOK","2026-02-28 22:07:00","WEBHOOK","2026-02-28 22:07:00","N","N",false],"parent":{"code":"ER_NO_DEFAULT_FOR_FIELD","errno":1364,"parameters":["TRF_123456678899","GENERIC",1,5000,25,15,4960,1,1,"2026-02-28 00:00:00","NORMAL","Paul Matthew","2867582897","Test Bank",1,"Jane Smith","P",1,"2026-02-28 22:07:00","WEBHOOK","2026-02-28 22:07:00","WEBHOOK","2026-02-28 22:07:00","N","N",false],"sql":"INSERT INTO `INWARD_FUNDS_TRANSFERS` (`i_n_w_d__f_u_n_d_s__x_f_e_r__i_d`,`x_f_e_r__r_e_f`,`p_a_y_m_e_n_t__m_t_d__c_d`,`x_f_e_r__c_r_n_c_y__i_d`,`x_f_e_r__a_m_t`,`s_e_n_d_i_n_g__b_a_n_k__c_h_r_g`,`r_e_c_i_e_v_i_n_g__b_a_n_k__c_h_r_g`,`n_e_t__a_m_t__x_f_e_r_e_d`,`p_a_y__c_r_n_c_y__i_d`,`p_a_y__e_x_c_h__r_a_t_e`,`v_a_l_u_e__d_t`,`p_r_i_o_r_i_t_y__l_e_v_e_l__c_d`,`b_e_n_e_f_i_c_i_a_r_y__n_m`,`b_e_n_e_f_i_c_i_a_r_y__a_c_c_t`,`b_e_n_e_f_i_c_i_a_r_y__b_a_n_k__n_m`,`b_e_n_e_f_i_c_i_a_r_y__b_a_n_k__c_n_t_r_y__i_d`,`r_e_m_i_t_t_e_r__n_m`,`r_e_c__s_t`,`v_e_r_s_i_o_n__n_o`,`r_o_w__t_s`,`u_s_e_r__i_d`,`c_r_e_a_t_e__d_t`,`c_r_e_a_t_e_d__b_y`,`s_y_s__c_r_e_a_t_e__t_s`,`r_e_p_a_i_r__f_g`,`f_o_r_e_i_g_n__i_f_t__f_g`,`i_s__r_e_v_e_r_s_a_l`) VALUES (DEFAULT,?,?,?,?,?,?,?,?,?,?,?,?,?,?,?,?,?,?,?,?,?,?,?,?,?,?);","sqlMessage":"Field 'b_e_n_e_f_i_c_i_a_r_y__b_i_c__i_d' doesn't have a default value","sqlState":"HY000"},"sql":"INSERT INTO `INWARD_FUNDS_TRANSFERS` (`i_n_w_d__f_u_n_d_s__x_f_e_r__i_d`,`x_f_e_r__r_e_f`,`p_a_y_m_e_n_t__m_t_d__c_d`,`x_f_e_r__c_r_n_c_y__i_d`,`x_f_e_r__a_m_t`,`s_e_n_d_i_n_g__b_a_n_k__c_h_r_g`,`r_e_c_i_e_v_i_n_g__b_a_n_k__c_h_r_g`,`n_e_t__a_m_t__x_f_e_r_e_d`,`p_a_y__c_r_n_c_y__i_d`,`p_a_y__e_x_c_h__r_a_t_e`,`v_a_l_u_e__d_t`,`p_r_i_o_r_i_t_y__l_e_v_e_l__c_d`,`b_e_n_e_f_i_c_i_a_r_y__n_m`,`b_e_n_e_f_i_c_i_a_r_y__a_c_c_t`,`b_e_n_e_f_i_c_i_a_r_y__b_a_n_k__n_m`,`b_e_n_e_f_i_c_i_a_r_y__b_a_n_k__c_n_t_r_y__i_d`,`r_e_m_i_t_t_e_r__n_m`,`r_e_c__s_t`,`v_e_r_s_i_o_n__n_o`,`r_o_w__t_s`,`u_s_e_r__i_d`,`c_r_e_a_t_e__d_t`,`c_r_e_a_t_e_d__b_y`,`s_y_s__c_r_e_a_t_e__t_s`,`r_e_p_a_i_r__f_g`,`f_o_r_e_i_g_n__i_f_t__f_g`,`i_s__r_e_v_e_r_s_a_l`) VALUES (DEFAULT,?,?,?,?,?,?,?,?,?,?,?,?,?,?,?,?,?,?,?,?,?,?,?,?,?,?);","stack":"Error\n    at Query.run (F:\\WORKON\\CODE\\PCO_BANKING\\EVOLUTION BANKING BACKEND\\node_modules\\sequelize\\lib\\dialects\\mysql\\query.js:52:25)\n    at F:\\WORKON\\CODE\\PCO_BANKING\\EVOLUTION BANKING BACKEND\\node_modules\\sequelize\\lib\\sequelize.js:315:28\n    at process.processTicksAndRejections (node:internal/process/task_queues:103:5)\n    at async MySQLQueryInterface.insert (F:\\WORKON\\CODE\\PCO_BANKING\\EVOLUTION BANKING BACKEND\\node_modules\\sequelize\\lib\\dialects\\abstract\\query-interface.js:308:21)\n    at async InwardFundsTransfer.save (F:\\WORKON\\CODE\\PCO_BANKING\\EVOLUTION BANKING BACKEND\\node_modules\\sequelize\\lib\\model.js:2490:35)\n    at async InwardFundsTransfer.create (F:\\WORKON\\CODE\\PCO_BANKING\\EVOLUTION BANKING BACKEND\\node_modules\\sequelize\\lib\\model.js:1362:12)\n    at async file:///F:/WORKON/CODE/PCO_BANKING/EVOLUTION%20BANKING%20BACKEND/src/routes/InwardFundsTransferRoutes.js:46:30","timestamp":"2026-02-28 14:07:00"}
{"level":"info","logDir":"logs","message":"🚀 Winston logger initialized","nodeVersion":"v24.13.0","platform":"win32","timestamp":"2026-02-28 14:12:54"}
{"BENEFICIARY_ACCT":"2867582897","BENEFICIARY_BANK_CNTRY_ID":1,"BENEFICIARY_BANK_NM":"Test Bank","BENEFICIARY_NM":"Paul Matthew","PAYMENT_MTD_CD":"GENERIC","PAY_CRNCY_ID":1,"PRIORITY_LEVEL_CD":"NORMAL","RECIEVING_BANK_CHRG":15,"REMITTER_NM":"Jane Smith","SENDING_BANK_CHRG":25,"VALUE_DT":"2026-02-28","XFER_AMT":5000,"XFER_CRNCY_ID":1,"XFER_REF":"TRF_123456678899","level":"info","message":"📥 Received inward funds webhook:","timestamp":"2026-02-28 14:12:54"}
{"level":"error","message":"❌ Error processing inward funds webhook: Field 'b_e_n_e_f_i_c_i_a_r_y__b_i_c__i_d' doesn't have a default value","name":"SequelizeDatabaseError","original":{"code":"ER_NO_DEFAULT_FOR_FIELD","errno":1364,"parameters":["TRF_123456678899","GENERIC",1,5000,25,15,4960,1,1,"2026-02-28 00:00:00","NORMAL","Paul Matthew","2867582897","Test Bank",1,"Jane Smith","P",1,"2026-02-28 22:12:54","WEBHOOK","2026-02-28 22:12:54","WEBHOOK","2026-02-28 22:12:54","N","N",false],"sql":"INSERT INTO `INWARD_FUNDS_TRANSFERS` (`i_n_w_d__f_u_n_d_s__x_f_e_r__i_d`,`x_f_e_r__r_e_f`,`p_a_y_m_e_n_t__m_t_d__c_d`,`x_f_e_r__c_r_n_c_y__i_d`,`x_f_e_r__a_m_t`,`s_e_n_d_i_n_g__b_a_n_k__c_h_r_g`,`r_e_c_i_e_v_i_n_g__b_a_n_k__c_h_r_g`,`n_e_t__a_m_t__x_f_e_r_e_d`,`p_a_y__c_r_n_c_y__i_d`,`p_a_y__e_x_c_h__r_a_t_e`,`v_a_l_u_e__d_t`,`p_r_i_o_r_i_t_y__l_e_v_e_l__c_d`,`b_e_n_e_f_i_c_i_a_r_y__n_m`,`b_e_n_e_f_i_c_i_a_r_y__a_c_c_t`,`b_e_n_e_f_i_c_i_a_r_y__b_a_n_k__n_m`,`b_e_n_e_f_i_c_i_a_r_y__b_a_n_k__c_n_t_r_y__i_d`,`r_e_m_i_t_t_e_r__n_m`,`r_e_c__s_t`,`v_e_r_s_i_o_n__n_o`,`r_o_w__t_s`,`u_s_e_r__i_d`,`c_r_e_a_t_e__d_t`,`c_r_e_a_t_e_d__b_y`,`s_y_s__c_r_e_a_t_e__t_s`,`r_e_p_a_i_r__f_g`,`f_o_r_e_i_g_n__i_f_t__f_g`,`i_s__r_e_v_e_r_s_a_l`) VALUES (DEFAULT,?,?,?,?,?,?,?,?,?,?,?,?,?,?,?,?,?,?,?,?,?,?,?,?,?,?);","sqlMessage":"Field 'b_e_n_e_f_i_c_i_a_r_y__b_i_c__i_d' doesn't have a default value","sqlState":"HY000"},"parameters":["TRF_123456678899","GENERIC",1,5000,25,15,4960,1,1,"2026-02-28 00:00:00","NORMAL","Paul Matthew","2867582897","Test Bank",1,"Jane Smith","P",1,"2026-02-28 22:12:54","WEBHOOK","2026-02-28 22:12:54","WEBHOOK","2026-02-28 22:12:54","N","N",false],"parent":{"code":"ER_NO_DEFAULT_FOR_FIELD","errno":1364,"parameters":["TRF_123456678899","GENERIC",1,5000,25,15,4960,1,1,"2026-02-28 00:00:00","NORMAL","Paul Matthew","2867582897","Test Bank",1,"Jane Smith","P",1,"2026-02-28 22:12:54","WEBHOOK","2026-02-28 22:12:54","WEBHOOK","2026-02-28 22:12:54","N","N",false],"sql":"INSERT INTO `INWARD_FUNDS_TRANSFERS` (`i_n_w_d__f_u_n_d_s__x_f_e_r__i_d`,`x_f_e_r__r_e_f`,`p_a_y_m_e_n_t__m_t_d__c_d`,`x_f_e_r__c_r_n_c_y__i_d`,`x_f_e_r__a_m_t`,`s_e_n_d_i_n_g__b_a_n_k__c_h_r_g`,`r_e_c_i_e_v_i_n_g__b_a_n_k__c_h_r_g`,`n_e_t__a_m_t__x_f_e_r_e_d`,`p_a_y__c_r_n_c_y__i_d`,`p_a_y__e_x_c_h__r_a_t_e`,`v_a_l_u_e__d_t`,`p_r_i_o_r_i_t_y__l_e_v_e_l__c_d`,`b_e_n_e_f_i_c_i_a_r_y__n_m`,`b_e_n_e_f_i_c_i_a_r_y__a_c_c_t`,`b_e_n_e_f_i_c_i_a_r_y__b_a_n_k__n_m`,`b_e_n_e_f_i_c_i_a_r_y__b_a_n_k__c_n_t_r_y__i_d`,`r_e_m_i_t_t_e_r__n_m`,`r_e_c__s_t`,`v_e_r_s_i_o_n__n_o`,`r_o_w__t_s`,`u_s_e_r__i_d`,`c_r_e_a_t_e__d_t`,`c_r_e_a_t_e_d__b_y`,`s_y_s__c_r_e_a_t_e__t_s`,`r_e_p_a_i_r__f_g`,`f_o_r_e_i_g_n__i_f_t__f_g`,`i_s__r_e_v_e_r_s_a_l`) VALUES (DEFAULT,?,?,?,?,?,?,?,?,?,?,?,?,?,?,?,?,?,?,?,?,?,?,?,?,?,?);","sqlMessage":"Field 'b_e_n_e_f_i_c_i_a_r_y__b_i_c__i_d' doesn't have a default value","sqlState":"HY000"},"sql":"INSERT INTO `INWARD_FUNDS_TRANSFERS` (`i_n_w_d__f_u_n_d_s__x_f_e_r__i_d`,`x_f_e_r__r_e_f`,`p_a_y_m_e_n_t__m_t_d__c_d`,`x_f_e_r__c_r_n_c_y__i_d`,`x_f_e_r__a_m_t`,`s_e_n_d_i_n_g__b_a_n_k__c_h_r_g`,`r_e_c_i_e_v_i_n_g__b_a_n_k__c_h_r_g`,`n_e_t__a_m_t__x_f_e_r_e_d`,`p_a_y__c_r_n_c_y__i_d`,`p_a_y__e_x_c_h__r_a_t_e`,`v_a_l_u_e__d_t`,`p_r_i_o_r_i_t_y__l_e_v_e_l__c_d`,`b_e_n_e_f_i_c_i_a_r_y__n_m`,`b_e_n_e_f_i_c_i_a_r_y__a_c_c_t`,`b_e_n_e_f_i_c_i_a_r_y__b_a_n_k__n_m`,`b_e_n_e_f_i_c_i_a_r_y__b_a_n_k__c_n_t_r_y__i_d`,`r_e_m_i_t_t_e_r__n_m`,`r_e_c__s_t`,`v_e_r_s_i_o_n__n_o`,`r_o_w__t_s`,`u_s_e_r__i_d`,`c_r_e_a_t_e__d_t`,`c_r_e_a_t_e_d__b_y`,`s_y_s__c_r_e_a_t_e__t_s`,`r_e_p_a_i_r__f_g`,`f_o_r_e_i_g_n__i_f_t__f_g`,`i_s__r_e_v_e_r_s_a_l`) VALUES (DEFAULT,?,?,?,?,?,?,?,?,?,?,?,?,?,?,?,?,?,?,?,?,?,?,?,?,?,?);","stack":"Error\n    at Query.run (F:\\WORKON\\CODE\\PCO_BANKING\\EVOLUTION BANKING BACKEND\\node_modules\\sequelize\\lib\\dialects\\mysql\\query.js:52:25)\n    at F:\\WORKON\\CODE\\PCO_BANKING\\EVOLUTION BANKING BACKEND\\node_modules\\sequelize\\lib\\sequelize.js:315:28\n    at process.processTicksAndRejections (node:internal/process/task_queues:103:5)\n    at async MySQLQueryInterface.insert (F:\\WORKON\\CODE\\PCO_BANKING\\EVOLUTION BANKING BACKEND\\node_modules\\sequelize\\lib\\dialects\\abstract\\query-interface.js:308:21)\n    at async InwardFundsTransfer.save (F:\\WORKON\\CODE\\PCO_BANKING\\EVOLUTION BANKING BACKEND\\node_modules\\sequelize\\lib\\model.js:2490:35)\n    at async InwardFundsTransfer.create (F:\\WORKON\\CODE\\PCO_BANKING\\EVOLUTION BANKING BACKEND\\node_modules\\sequelize\\lib\\model.js:1362:12)\n    at async file:///F:/WORKON/CODE/PCO_BANKING/EVOLUTION%20BANKING%20BACKEND/src/routes/InwardFundsTransferRoutes.js:46:30","timestamp":"2026-02-28 14:12:54"}
{"level":"info","logDir":"logs","message":"🚀 Winston logger initialized","nodeVersion":"v24.13.0","platform":"win32","timestamp":"2026-02-28 16:13:41"}
{"BENEFICIARY_ACCT":"2867582897","BENEFICIARY_BANK_CNTRY_ID":1,"BENEFICIARY_BANK_NM":"Test Bank","BENEFICIARY_NM":"Paul Matthew","PAYMENT_MTD_CD":"GENERIC","PAY_CRNCY_ID":1,"PRIORITY_LEVEL_CD":"NORMAL","RECIEVING_BANK_CHRG":15,"REMITTER_NM":"Jane Smith","SENDING_BANK_CHRG":25,"VALUE_DT":"2026-02-28","XFER_AMT":5000,"XFER_CRNCY_ID":1,"XFER_REF":"TRF_123456678899","level":"info","message":"📥 Received inward funds webhook:","timestamp":"2026-02-28 16:13:41"}
{"level":"error","message":"❌ Error processing inward funds webhook: Field 'i_n_w_d__f_u_n_d_s__x_f_e_r__i_d' doesn't have a default value","name":"SequelizeDatabaseError","original":{"code":"ER_NO_DEFAULT_FOR_FIELD","errno":1364,"parameters":["TRF_123456678899","GENERIC",1,5000,25,15,4960,1,1,"2026-02-28 00:00:00","NORMAL","Paul Matthew","2867582897",1,"Test Bank",1,"Jane Smith","P",1,"2026-03-01 00:13:41","WEBHOOK","2026-03-01 00:13:41","WEBHOOK","2026-03-01 00:13:41","N","N",false],"sql":"INSERT INTO `INWARD_FUNDS_TRANSFERS` (`i_n_w_d__f_u_n_d_s__x_f_e_r__i_d`,`x_f_e_r__r_e_f`,`p_a_y_m_e_n_t__m_t_d__c_d`,`x_f_e_r__c_r_n_c_y__i_d`,`x_f_e_r__a_m_t`,`s_e_n_d_i_n_g__b_a_n_k__c_h_r_g`,`r_e_c_i_e_v_i_n_g__b_a_n_k__c_h_r_g`,`n_e_t__a_m_t__x_f_e_r_e_d`,`p_a_y__c_r_n_c_y__i_d`,`p_a_y__e_x_c_h__r_a_t_e`,`v_a_l_u_e__d_t`,`p_r_i_o_r_i_t_y__l_e_v_e_l__c_d`,`b_e_n_e_f_i_c_i_a_r_y__n_m`,`b_e_n_e_f_i_c_i_a_r_y__a_c_c_t`,`b_e_n_e_f_i_c_i_a_r_y__b_i_c__i_d`,`b_e_n_e_f_i_c_i_a_r_y__b_a_n_k__n_m`,`b_e_n_e_f_i_c_i_a_r_y__b_a_n_k__c_n_t_r_y__i_d`,`r_e_m_i_t_t_e_r__n_m`,`r_e_c__s_t`,`v_e_r_s_i_o_n__n_o`,`r_o_w__t_s`,`u_s_e_r__i_d`,`c_r_e_a_t_e__d_t`,`c_r_e_a_t_e_d__b_y`,`s_y_s__c_r_e_a_t_e__t_s`,`r_e_p_a_i_r__f_g`,`f_o_r_e_i_g_n__i_f_t__f_g`,`i_s__r_e_v_e_r_s_a_l`) VALUES (DEFAULT,?,?,?,?,?,?,?,?,?,?,?,?,?,?,?,?,?,?,?,?,?,?,?,?,?,?,?);","sqlMessage":"Field 'i_n_w_d__f_u_n_d_s__x_f_e_r__i_d' doesn't have a default value","sqlState":"HY000"},"parameters":["TRF_123456678899","GENERIC",1,5000,25,15,4960,1,1,"2026-02-28 00:00:00","NORMAL","Paul Matthew","2867582897",1,"Test Bank",1,"Jane Smith","P",1,"2026-03-01 00:13:41","WEBHOOK","2026-03-01 00:13:41","WEBHOOK","2026-03-01 00:13:41","N","N",false],"parent":{"code":"ER_NO_DEFAULT_FOR_FIELD","errno":1364,"parameters":["TRF_123456678899","GENERIC",1,5000,25,15,4960,1,1,"2026-02-28 00:00:00","NORMAL","Paul Matthew","2867582897",1,"Test Bank",1,"Jane Smith","P",1,"2026-03-01 00:13:41","WEBHOOK","2026-03-01 00:13:41","WEBHOOK","2026-03-01 00:13:41","N","N",false],"sql":"INSERT INTO `INWARD_FUNDS_TRANSFERS` (`i_n_w_d__f_u_n_d_s__x_f_e_r__i_d`,`x_f_e_r__r_e_f`,`p_a_y_m_e_n_t__m_t_d__c_d`,`x_f_e_r__c_r_n_c_y__i_d`,`x_f_e_r__a_m_t`,`s_e_n_d_i_n_g__b_a_n_k__c_h_r_g`,`r_e_c_i_e_v_i_n_g__b_a_n_k__c_h_r_g`,`n_e_t__a_m_t__x_f_e_r_e_d`,`p_a_y__c_r_n_c_y__i_d`,`p_a_y__e_x_c_h__r_a_t_e`,`v_a_l_u_e__d_t`,`p_r_i_o_r_i_t_y__l_e_v_e_l__c_d`,`b_e_n_e_f_i_c_i_a_r_y__n_m`,`b_e_n_e_f_i_c_i_a_r_y__a_c_c_t`,`b_e_n_e_f_i_c_i_a_r_y__b_i_c__i_d`,`b_e_n_e_f_i_c_i_a_r_y__b_a_n_k__n_m`,`b_e_n_e_f_i_c_i_a_r_y__b_a_n_k__c_n_t_r_y__i_d`,`r_e_m_i_t_t_e_r__n_m`,`r_e_c__s_t`,`v_e_r_s_i_o_n__n_o`,`r_o_w__t_s`,`u_s_e_r__i_d`,`c_r_e_a_t_e__d_t`,`c_r_e_a_t_e_d__b_y`,`s_y_s__c_r_e_a_t_e__t_s`,`r_e_p_a_i_r__f_g`,`f_o_r_e_i_g_n__i_f_t__f_g`,`i_s__r_e_v_e_r_s_a_l`) VALUES (DEFAULT,?,?,?,?,?,?,?,?,?,?,?,?,?,?,?,?,?,?,?,?,?,?,?,?,?,?,?);","sqlMessage":"Field 'i_n_w_d__f_u_n_d_s__x_f_e_r__i_d' doesn't have a default value","sqlState":"HY000"},"sql":"INSERT INTO `INWARD_FUNDS_TRANSFERS` (`i_n_w_d__f_u_n_d_s__x_f_e_r__i_d`,`x_f_e_r__r_e_f`,`p_a_y_m_e_n_t__m_t_d__c_d`,`x_f_e_r__c_r_n_c_y__i_d`,`x_f_e_r__a_m_t`,`s_e_n_d_i_n_g__b_a_n_k__c_h_r_g`,`r_e_c_i_e_v_i_n_g__b_a_n_k__c_h_r_g`,`n_e_t__a_m_t__x_f_e_r_e_d`,`p_a_y__c_r_n_c_y__i_d`,`p_a_y__e_x_c_h__r_a_t_e`,`v_a_l_u_e__d_t`,`p_r_i_o_r_i_t_y__l_e_v_e_l__c_d`,`b_e_n_e_f_i_c_i_a_r_y__n_m`,`b_e_n_e_f_i_c_i_a_r_y__a_c_c_t`,`b_e_n_e_f_i_c_i_a_r_y__b_i_c__i_d`,`b_e_n_e_f_i_c_i_a_r_y__b_a_n_k__n_m`,`b_e_n_e_f_i_c_i_a_r_y__b_a_n_k__c_n_t_r_y__i_d`,`r_e_m_i_t_t_e_r__n_m`,`r_e_c__s_t`,`v_e_r_s_i_o_n__n_o`,`r_o_w__t_s`,`u_s_e_r__i_d`,`c_r_e_a_t_e__d_t`,`c_r_e_a_t_e_d__b_y`,`s_y_s__c_r_e_a_t_e__t_s`,`r_e_p_a_i_r__f_g`,`f_o_r_e_i_g_n__i_f_t__f_g`,`i_s__r_e_v_e_r_s_a_l`) VALUES (DEFAULT,?,?,?,?,?,?,?,?,?,?,?,?,?,?,?,?,?,?,?,?,?,?,?,?,?,?,?);","stack":"Error\n    at Query.run (F:\\WORKON\\CODE\\PCO_BANKING\\EVOLUTION BANKING BACKEND\\node_modules\\sequelize\\lib\\dialects\\mysql\\query.js:52:25)\n    at F:\\WORKON\\CODE\\PCO_BANKING\\EVOLUTION BANKING BACKEND\\node_modules\\sequelize\\lib\\sequelize.js:315:28\n    at process.processTicksAndRejections (node:internal/process/task_queues:103:5)\n    at async MySQLQueryInterface.insert (F:\\WORKON\\CODE\\PCO_BANKING\\EVOLUTION BANKING BACKEND\\node_modules\\sequelize\\lib\\dialects\\abstract\\query-interface.js:308:21)\n    at async InwardFundsTransfer.save (F:\\WORKON\\CODE\\PCO_BANKING\\EVOLUTION BANKING BACKEND\\node_modules\\sequelize\\lib\\model.js:2490:35)\n    at async InwardFundsTransfer.create (F:\\WORKON\\CODE\\PCO_BANKING\\EVOLUTION BANKING BACKEND\\node_modules\\sequelize\\lib\\model.js:1362:12)\n    at async file:///F:/WORKON/CODE/PCO_BANKING/EVOLUTION%20BANKING%20BACKEND/src/routes/InwardFundsTransferRoutes.js:46:30","timestamp":"2026-02-28 16:13:42"}
{"BENEFICIARY_ACCT":"2867582897","BENEFICIARY_BANK_CNTRY_ID":1,"BENEFICIARY_BANK_NM":"Test Bank","BENEFICIARY_NM":"Paul Matthew","PAYMENT_MTD_CD":"GENERIC","PAY_CRNCY_ID":1,"PRIORITY_LEVEL_CD":"NORMAL","RECIEVING_BANK_CHRG":15,"REMITTER_NM":"Jane Smith","SENDING_BANK_CHRG":25,"VALUE_DT":"2026-02-28","XFER_AMT":5000,"XFER_CRNCY_ID":1,"XFER_REF":"TRF_123456678899","level":"info","message":"📥 Received inward funds webhook:","timestamp":"2026-02-28 16:28:01"}
{"level":"error","message":"❌ Error processing inward funds webhook: Field 'i_n_w_d__f_u_n_d_s__x_f_e_r__i_d' doesn't have a default value","name":"SequelizeDatabaseError","original":{"code":"ER_NO_DEFAULT_FOR_FIELD","errno":1364,"parameters":["TRF_123456678899","GENERIC",1,5000,25,15,4960,1,1,"2026-02-28 00:00:00","NORMAL","Paul Matthew","2867582897",1,"Test Bank",1,"Jane Smith","P",1,"2026-03-01 00:28:01","WEBHOOK","2026-03-01 00:28:01","WEBHOOK","2026-03-01 00:28:01","N","N",false],"sql":"INSERT INTO `INWARD_FUNDS_TRANSFERS` (`i_n_w_d__f_u_n_d_s__x_f_e_r__i_d`,`x_f_e_r__r_e_f`,`p_a_y_m_e_n_t__m_t_d__c_d`,`x_f_e_r__c_r_n_c_y__i_d`,`x_f_e_r__a_m_t`,`s_e_n_d_i_n_g__b_a_n_k__c_h_r_g`,`r_e_c_i_e_v_i_n_g__b_a_n_k__c_h_r_g`,`n_e_t__a_m_t__x_f_e_r_e_d`,`p_a_y__c_r_n_c_y__i_d`,`p_a_y__e_x_c_h__r_a_t_e`,`v_a_l_u_e__d_t`,`p_r_i_o_r_i_t_y__l_e_v_e_l__c_d`,`b_e_n_e_f_i_c_i_a_r_y__n_m`,`b_e_n_e_f_i_c_i_a_r_y__a_c_c_t`,`b_e_n_e_f_i_c_i_a_r_y__b_i_c__i_d`,`b_e_n_e_f_i_c_i_a_r_y__b_a_n_k__n_m`,`b_e_n_e_f_i_c_i_a_r_y__b_a_n_k__c_n_t_r_y__i_d`,`r_e_m_i_t_t_e_r__n_m`,`r_e_c__s_t`,`v_e_r_s_i_o_n__n_o`,`r_o_w__t_s`,`u_s_e_r__i_d`,`c_r_e_a_t_e__d_t`,`c_r_e_a_t_e_d__b_y`,`s_y_s__c_r_e_a_t_e__t_s`,`r_e_p_a_i_r__f_g`,`f_o_r_e_i_g_n__i_f_t__f_g`,`i_s__r_e_v_e_r_s_a_l`) VALUES (DEFAULT,?,?,?,?,?,?,?,?,?,?,?,?,?,?,?,?,?,?,?,?,?,?,?,?,?,?,?);","sqlMessage":"Field 'i_n_w_d__f_u_n_d_s__x_f_e_r__i_d' doesn't have a default value","sqlState":"HY000"},"parameters":["TRF_123456678899","GENERIC",1,5000,25,15,4960,1,1,"2026-02-28 00:00:00","NORMAL","Paul Matthew","2867582897",1,"Test Bank",1,"Jane Smith","P",1,"2026-03-01 00:28:01","WEBHOOK","2026-03-01 00:28:01","WEBHOOK","2026-03-01 00:28:01","N","N",false],"parent":{"code":"ER_NO_DEFAULT_FOR_FIELD","errno":1364,"parameters":["TRF_123456678899","GENERIC",1,5000,25,15,4960,1,1,"2026-02-28 00:00:00","NORMAL","Paul Matthew","2867582897",1,"Test Bank",1,"Jane Smith","P",1,"2026-03-01 00:28:01","WEBHOOK","2026-03-01 00:28:01","WEBHOOK","2026-03-01 00:28:01","N","N",false],"sql":"INSERT INTO `INWARD_FUNDS_TRANSFERS` (`i_n_w_d__f_u_n_d_s__x_f_e_r__i_d`,`x_f_e_r__r_e_f`,`p_a_y_m_e_n_t__m_t_d__c_d`,`x_f_e_r__c_r_n_c_y__i_d`,`x_f_e_r__a_m_t`,`s_e_n_d_i_n_g__b_a_n_k__c_h_r_g`,`r_e_c_i_e_v_i_n_g__b_a_n_k__c_h_r_g`,`n_e_t__a_m_t__x_f_e_r_e_d`,`p_a_y__c_r_n_c_y__i_d`,`p_a_y__e_x_c_h__r_a_t_e`,`v_a_l_u_e__d_t`,`p_r_i_o_r_i_t_y__l_e_v_e_l__c_d`,`b_e_n_e_f_i_c_i_a_r_y__n_m`,`b_e_n_e_f_i_c_i_a_r_y__a_c_c_t`,`b_e_n_e_f_i_c_i_a_r_y__b_i_c__i_d`,`b_e_n_e_f_i_c_i_a_r_y__b_a_n_k__n_m`,`b_e_n_e_f_i_c_i_a_r_y__b_a_n_k__c_n_t_r_y__i_d`,`r_e_m_i_t_t_e_r__n_m`,`r_e_c__s_t`,`v_e_r_s_i_o_n__n_o`,`r_o_w__t_s`,`u_s_e_r__i_d`,`c_r_e_a_t_e__d_t`,`c_r_e_a_t_e_d__b_y`,`s_y_s__c_r_e_a_t_e__t_s`,`r_e_p_a_i_r__f_g`,`f_o_r_e_i_g_n__i_f_t__f_g`,`i_s__r_e_v_e_r_s_a_l`) VALUES (DEFAULT,?,?,?,?,?,?,?,?,?,?,?,?,?,?,?,?,?,?,?,?,?,?,?,?,?,?,?);","sqlMessage":"Field 'i_n_w_d__f_u_n_d_s__x_f_e_r__i_d' doesn't have a default value","sqlState":"HY000"},"sql":"INSERT INTO `INWARD_FUNDS_TRANSFERS` (`i_n_w_d__f_u_n_d_s__x_f_e_r__i_d`,`x_f_e_r__r_e_f`,`p_a_y_m_e_n_t__m_t_d__c_d`,`x_f_e_r__c_r_n_c_y__i_d`,`x_f_e_r__a_m_t`,`s_e_n_d_i_n_g__b_a_n_k__c_h_r_g`,`r_e_c_i_e_v_i_n_g__b_a_n_k__c_h_r_g`,`n_e_t__a_m_t__x_f_e_r_e_d`,`p_a_y__c_r_n_c_y__i_d`,`p_a_y__e_x_c_h__r_a_t_e`,`v_a_l_u_e__d_t`,`p_r_i_o_r_i_t_y__l_e_v_e_l__c_d`,`b_e_n_e_f_i_c_i_a_r_y__n_m`,`b_e_n_e_f_i_c_i_a_r_y__a_c_c_t`,`b_e_n_e_f_i_c_i_a_r_y__b_i_c__i_d`,`b_e_n_e_f_i_c_i_a_r_y__b_a_n_k__n_m`,`b_e_n_e_f_i_c_i_a_r_y__b_a_n_k__c_n_t_r_y__i_d`,`r_e_m_i_t_t_e_r__n_m`,`r_e_c__s_t`,`v_e_r_s_i_o_n__n_o`,`r_o_w__t_s`,`u_s_e_r__i_d`,`c_r_e_a_t_e__d_t`,`c_r_e_a_t_e_d__b_y`,`s_y_s__c_r_e_a_t_e__t_s`,`r_e_p_a_i_r__f_g`,`f_o_r_e_i_g_n__i_f_t__f_g`,`i_s__r_e_v_e_r_s_a_l`) VALUES (DEFAULT,?,?,?,?,?,?,?,?,?,?,?,?,?,?,?,?,?,?,?,?,?,?,?,?,?,?,?);","stack":"Error\n    at Query.run (F:\\WORKON\\CODE\\PCO_BANKING\\EVOLUTION BANKING BACKEND\\node_modules\\sequelize\\lib\\dialects\\mysql\\query.js:52:25)\n    at F:\\WORKON\\CODE\\PCO_BANKING\\EVOLUTION BANKING BACKEND\\node_modules\\sequelize\\lib\\sequelize.js:315:28\n    at process.processTicksAndRejections (node:internal/process/task_queues:103:5)\n    at async MySQLQueryInterface.insert (F:\\WORKON\\CODE\\PCO_BANKING\\EVOLUTION BANKING BACKEND\\node_modules\\sequelize\\lib\\dialects\\abstract\\query-interface.js:308:21)\n    at async InwardFundsTransfer.save (F:\\WORKON\\CODE\\PCO_BANKING\\EVOLUTION BANKING BACKEND\\node_modules\\sequelize\\lib\\model.js:2490:35)\n    at async InwardFundsTransfer.create (F:\\WORKON\\CODE\\PCO_BANKING\\EVOLUTION BANKING BACKEND\\node_modules\\sequelize\\lib\\model.js:1362:12)\n    at async file:///F:/WORKON/CODE/PCO_BANKING/EVOLUTION%20BANKING%20BACKEND/src/routes/InwardFundsTransferRoutes.js:46:30","timestamp":"2026-02-28 16:28:01"}
{"level":"info","logDir":"logs","message":"🚀 Winston logger initialized","nodeVersion":"v24.13.0","platform":"win32","timestamp":"2026-02-28 21:27:48"}
{"BENEFICIARY_ACCT":"2867582897","BENEFICIARY_BANK_CNTRY_ID":1,"BENEFICIARY_BANK_NM":"Test Bank","BENEFICIARY_NM":"Paul Matthew","PAYMENT_MTD_CD":"GENERIC","PAY_CRNCY_ID":1,"PRIORITY_LEVEL_CD":"NORMAL","RECIEVING_BANK_CHRG":15,"REMITTER_NM":"Jane Smith","SENDING_BANK_CHRG":25,"VALUE_DT":"2026-02-28","XFER_AMT":5000,"XFER_CRNCY_ID":1,"XFER_REF":"TRF_123456678899","level":"info","message":"📥 Received inward funds webhook:","timestamp":"2026-02-28 21:27:48"}
{"level":"error","message":"❌ Error processing inward funds webhook: Field 'i_n_w_d__f_u_n_d_s__x_f_e_r__i_d' doesn't have a default value","name":"SequelizeDatabaseError","original":{"code":"ER_NO_DEFAULT_FOR_FIELD","errno":1364,"parameters":["TRF_123456678899","GENERIC",1,5000,25,15,4960,1,1,"2026-02-28 00:00:00","NORMAL","Paul Matthew","2867582897",1,"Test Bank",1,"Jane Smith","P",1,"2026-03-01 05:27:48","WEBHOOK","2026-03-01 05:27:48","WEBHOOK","2026-03-01 05:27:48","N","N",false],"sql":"INSERT INTO `INWARD_FUNDS_TRANSFERS` (`i_n_w_d__f_u_n_d_s__x_f_e_r__i_d`,`x_f_e_r__r_e_f`,`p_a_y_m_e_n_t__m_t_d__c_d`,`x_f_e_r__c_r_n_c_y__i_d`,`x_f_e_r__a_m_t`,`s_e_n_d_i_n_g__b_a_n_k__c_h_r_g`,`r_e_c_i_e_v_i_n_g__b_a_n_k__c_h_r_g`,`n_e_t__a_m_t__x_f_e_r_e_d`,`p_a_y__c_r_n_c_y__i_d`,`p_a_y__e_x_c_h__r_a_t_e`,`v_a_l_u_e__d_t`,`p_r_i_o_r_i_t_y__l_e_v_e_l__c_d`,`b_e_n_e_f_i_c_i_a_r_y__n_m`,`b_e_n_e_f_i_c_i_a_r_y__a_c_c_t`,`b_e_n_e_f_i_c_i_a_r_y__b_i_c__i_d`,`b_e_n_e_f_i_c_i_a_r_y__b_a_n_k__n_m`,`b_e_n_e_f_i_c_i_a_r_y__b_a_n_k__c_n_t_r_y__i_d`,`r_e_m_i_t_t_e_r__n_m`,`r_e_c__s_t`,`v_e_r_s_i_o_n__n_o`,`r_o_w__t_s`,`u_s_e_r__i_d`,`c_r_e_a_t_e__d_t`,`c_r_e_a_t_e_d__b_y`,`s_y_s__c_r_e_a_t_e__t_s`,`r_e_p_a_i_r__f_g`,`f_o_r_e_i_g_n__i_f_t__f_g`,`i_s__r_e_v_e_r_s_a_l`) VALUES (DEFAULT,?,?,?,?,?,?,?,?,?,?,?,?,?,?,?,?,?,?,?,?,?,?,?,?,?,?,?);","sqlMessage":"Field 'i_n_w_d__f_u_n_d_s__x_f_e_r__i_d' doesn't have a default value","sqlState":"HY000"},"parameters":["TRF_123456678899","GENERIC",1,5000,25,15,4960,1,1,"2026-02-28 00:00:00","NORMAL","Paul Matthew","2867582897",1,"Test Bank",1,"Jane Smith","P",1,"2026-03-01 05:27:48","WEBHOOK","2026-03-01 05:27:48","WEBHOOK","2026-03-01 05:27:48","N","N",false],"parent":{"code":"ER_NO_DEFAULT_FOR_FIELD","errno":1364,"parameters":["TRF_123456678899","GENERIC",1,5000,25,15,4960,1,1,"2026-02-28 00:00:00","NORMAL","Paul Matthew","2867582897",1,"Test Bank",1,"Jane Smith","P",1,"2026-03-01 05:27:48","WEBHOOK","2026-03-01 05:27:48","WEBHOOK","2026-03-01 05:27:48","N","N",false],"sql":"INSERT INTO `INWARD_FUNDS_TRANSFERS` (`i_n_w_d__f_u_n_d_s__x_f_e_r__i_d`,`x_f_e_r__r_e_f`,`p_a_y_m_e_n_t__m_t_d__c_d`,`x_f_e_r__c_r_n_c_y__i_d`,`x_f_e_r__a_m_t`,`s_e_n_d_i_n_g__b_a_n_k__c_h_r_g`,`r_e_c_i_e_v_i_n_g__b_a_n_k__c_h_r_g`,`n_e_t__a_m_t__x_f_e_r_e_d`,`p_a_y__c_r_n_c_y__i_d`,`p_a_y__e_x_c_h__r_a_t_e`,`v_a_l_u_e__d_t`,`p_r_i_o_r_i_t_y__l_e_v_e_l__c_d`,`b_e_n_e_f_i_c_i_a_r_y__n_m`,`b_e_n_e_f_i_c_i_a_r_y__a_c_c_t`,`b_e_n_e_f_i_c_i_a_r_y__b_i_c__i_d`,`b_e_n_e_f_i_c_i_a_r_y__b_a_n_k__n_m`,`b_e_n_e_f_i_c_i_a_r_y__b_a_n_k__c_n_t_r_y__i_d`,`r_e_m_i_t_t_e_r__n_m`,`r_e_c__s_t`,`v_e_r_s_i_o_n__n_o`,`r_o_w__t_s`,`u_s_e_r__i_d`,`c_r_e_a_t_e__d_t`,`c_r_e_a_t_e_d__b_y`,`s_y_s__c_r_e_a_t_e__t_s`,`r_e_p_a_i_r__f_g`,`f_o_r_e_i_g_n__i_f_t__f_g`,`i_s__r_e_v_e_r_s_a_l`) VALUES (DEFAULT,?,?,?,?,?,?,?,?,?,?,?,?,?,?,?,?,?,?,?,?,?,?,?,?,?,?,?);","sqlMessage":"Field 'i_n_w_d__f_u_n_d_s__x_f_e_r__i_d' doesn't have a default value","sqlState":"HY000"},"sql":"INSERT INTO `INWARD_FUNDS_TRANSFERS` (`i_n_w_d__f_u_n_d_s__x_f_e_r__i_d`,`x_f_e_r__r_e_f`,`p_a_y_m_e_n_t__m_t_d__c_d`,`x_f_e_r__c_r_n_c_y__i_d`,`x_f_e_r__a_m_t`,`s_e_n_d_i_n_g__b_a_n_k__c_h_r_g`,`r_e_c_i_e_v_i_n_g__b_a_n_k__c_h_r_g`,`n_e_t__a_m_t__x_f_e_r_e_d`,`p_a_y__c_r_n_c_y__i_d`,`p_a_y__e_x_c_h__r_a_t_e`,`v_a_l_u_e__d_t`,`p_r_i_o_r_i_t_y__l_e_v_e_l__c_d`,`b_e_n_e_f_i_c_i_a_r_y__n_m`,`b_e_n_e_f_i_c_i_a_r_y__a_c_c_t`,`b_e_n_e_f_i_c_i_a_r_y__b_i_c__i_d`,`b_e_n_e_f_i_c_i_a_r_y__b_a_n_k__n_m`,`b_e_n_e_f_i_c_i_a_r_y__b_a_n_k__c_n_t_r_y__i_d`,`r_e_m_i_t_t_e_r__n_m`,`r_e_c__s_t`,`v_e_r_s_i_o_n__n_o`,`r_o_w__t_s`,`u_s_e_r__i_d`,`c_r_e_a_t_e__d_t`,`c_r_e_a_t_e_d__b_y`,`s_y_s__c_r_e_a_t_e__t_s`,`r_e_p_a_i_r__f_g`,`f_o_r_e_i_g_n__i_f_t__f_g`,`i_s__r_e_v_e_r_s_a_l`) VALUES (DEFAULT,?,?,?,?,?,?,?,?,?,?,?,?,?,?,?,?,?,?,?,?,?,?,?,?,?,?,?);","stack":"Error\n    at Query.run (F:\\WORKON\\CODE\\PCO_BANKING\\EVOLUTION BANKING BACKEND\\node_modules\\sequelize\\lib\\dialects\\mysql\\query.js:52:25)\n    at F:\\WORKON\\CODE\\PCO_BANKING\\EVOLUTION BANKING BACKEND\\node_modules\\sequelize\\lib\\sequelize.js:315:28\n    at process.processTicksAndRejections (node:internal/process/task_queues:103:5)\n    at async MySQLQueryInterface.insert (F:\\WORKON\\CODE\\PCO_BANKING\\EVOLUTION BANKING BACKEND\\node_modules\\sequelize\\lib\\dialects\\abstract\\query-interface.js:308:21)\n    at async InwardFundsTransfer.save (F:\\WORKON\\CODE\\PCO_BANKING\\EVOLUTION BANKING BACKEND\\node_modules\\sequelize\\lib\\model.js:2490:35)\n    at async InwardFundsTransfer.create (F:\\WORKON\\CODE\\PCO_BANKING\\EVOLUTION BANKING BACKEND\\node_modules\\sequelize\\lib\\model.js:1362:12)\n    at async file:///F:/WORKON/CODE/PCO_BANKING/EVOLUTION%20BANKING%20BACKEND/src/routes/InwardFundsTransferRoutes.js:46:30","timestamp":"2026-02-28 21:27:48"}
{"BENEFICIARY_ACCT":"2867582897","BENEFICIARY_BANK_CNTRY_ID":1,"BENEFICIARY_BANK_NM":"Test Bank","BENEFICIARY_NM":"Paul Matthew","PAYMENT_MTD_CD":"GENERIC","PAY_CRNCY_ID":1,"PRIORITY_LEVEL_CD":"NORMAL","RECIEVING_BANK_CHRG":15,"REMITTER_NM":"Jane Smith","SENDING_BANK_CHRG":25,"VALUE_DT":"2026-02-28","XFER_AMT":5000,"XFER_CRNCY_ID":1,"XFER_REF":"TRF_123456678899","level":"info","message":"📥 Received inward funds webhook:","timestamp":"2026-02-28 21:34:23"}
{"level":"info","logDir":"logs","message":"🚀 Winston logger initialized","nodeVersion":"v24.13.0","platform":"win32","timestamp":"2026-02-28 21:39:57"}
{"BENEFICIARY_ACCT":"2867582897","BENEFICIARY_BANK_CNTRY_ID":1,"BENEFICIARY_BANK_NM":"Test Bank","BENEFICIARY_NM":"Paul Matthew","PAYMENT_MTD_CD":"GENERIC","PAY_CRNCY_ID":1,"PRIORITY_LEVEL_CD":"NORMAL","RECIEVING_BANK_CHRG":15,"REMITTER_NM":"Jane Smith","SENDING_BANK_CHRG":25,"VALUE_DT":"2026-02-28","XFER_AMT":5000,"XFER_CRNCY_ID":1,"XFER_REF":"TRF_123456678899","level":"info","message":"📥 Received inward funds webhook:","timestamp":"2026-02-28 21:39:57"}
{"BENEFICIARY_ACCT":"2867582897","BENEFICIARY_BANK_CNTRY_ID":1,"BENEFICIARY_BANK_NM":"Test Bank","BENEFICIARY_NM":"Paul Matthew","PAYMENT_MTD_CD":"GENERIC","PAY_CRNCY_ID":1,"PRIORITY_LEVEL_CD":"NORMAL","RECIEVING_BANK_CHRG":15,"REMITTER_NM":"Jane Smith","SENDING_BANK_CHRG":25,"VALUE_DT":"2026-02-28","XFER_AMT":5000,"XFER_CRNCY_ID":1,"XFER_REF":"TRF_123456678899","level":"info","message":"📥 Received inward funds webhook:","timestamp":"2026-02-28 21:40:48"}
{"level":"info","logDir":"logs","message":"🚀 Winston logger initialized","nodeVersion":"v24.13.0","platform":"win32","timestamp":"2026-02-28 22:43:17"}
{"BENEFICIARY_ACCT":"2867582897","BENEFICIARY_BANK_CNTRY_ID":1,"BENEFICIARY_BANK_NM":"Test Bank","BENEFICIARY_NM":"Paul Matthew","PAYMENT_MTD_CD":"GENERIC","PAY_CRNCY_ID":1,"PRIORITY_LEVEL_CD":"NORMAL","RECIEVING_BANK_CHRG":15,"REMITTER_NM":"Jane Smith","SENDING_BANK_CHRG":25,"VALUE_DT":"2026-02-28","XFER_AMT":5000,"XFER_CRNCY_ID":1,"XFER_REF":"TRF_123456678899","level":"info","message":"📥 Received inward funds webhook:","timestamp":"2026-02-28 22:43:17"}
{"level":"info","message":"ℹ️ Using regular HTTP agent (no valid SSL certificates configured)","timestamp":"2026-02-28 22:53:14"}
{"level":"info","message":"NIP funds transfer received","sessionId":"NIP123456789","timestamp":"2026-02-28 22:53:14"}
{"error":"sign.verify is not a function","level":"error","message":"NIP signature verification failed","timestamp":"2026-02-28 22:53:14"}
{"level":"warn","message":"Invalid NIP signature","sessionId":"NIP123456789","timestamp":"2026-02-28 22:53:14"}
{"level":"info","logDir":"logs","message":"🚀 Winston logger initialized","nodeVersion":"v24.13.0","platform":"win32","timestamp":"2026-02-28 23:16:23"}
{"BENEFICIARY_ACCT":"2867582897","BENEFICIARY_BANK_CNTRY_ID":1,"BENEFICIARY_BANK_NM":"Test Bank","BENEFICIARY_NM":"Paul Matthew","PAYMENT_MTD_CD":"GENERIC","PAY_CRNCY_ID":1,"PRIORITY_LEVEL_CD":"NORMAL","RECIEVING_BANK_CHRG":15,"REMITTER_NM":"Jane Smith","SENDING_BANK_CHRG":25,"VALUE_DT":"2026-02-28","XFER_AMT":5000,"XFER_CRNCY_ID":1,"XFER_REF":"TRF_123456678899","level":"info","message":"📥 Received inward funds webhook:","timestamp":"2026-02-28 23:16:23"}
{"level":"info","message":"✅ Created inward transfer: 6 (Status: ACTIVE)","timestamp":"2026-02-28 23:16:24"}
{"level":"info","message":"✅ Updated customer account: 2867582897","timestamp":"2026-02-28 23:16:24"}
{"level":"error","message":"❌ Error processing inward funds webhook: Table 'core_banking.pending_gl_transactions' doesn't exist","name":"SequelizeDatabaseError","original":{"code":"ER_NO_SUCH_TABLE","errno":1146,"parameters":["JNL-6-1772349384065","GL-6-1772349384065","2867582897","CR",5000,"WEBHOOK","000",1,"Inward Transfer: Jane Smith - TRF_123456678899","01","LIABILITY","NGN",1,"TRF_123456678899","PENDING","2026-03-01 07:16:24",305000,315000,315000,315000,300000,310000,310000,310000,6,"TRF_123456678899","Credit from Jane Smith",false,"\"{\\\"previous\\\":{\\\"current\\\":300000,\\\"ledger\\\":310000,\\\"cleared\\\":310000,\\\"available\\\":310000},\\\"after\\\":{\\\"current\\\":305000,\\\"ledger\\\":315000,\\\"cleared\\\":315000,\\\"available\\\":315000},\\\"change\\\":{\\\"current\\\":5000,\\\"ledger\\\":5000,\\\"cleared\\\":5000,\\\"available\\\":5000},\\\"transaction_type\\\":\\\"CR\\\",\\\"source\\\":\\\"INWARD_WEBHOOK\\\"}\"","2026-03-01 07:16:24","2026-03-01 07:16:24"],"sql":"INSERT INTO `pending_gl_transactions` (`id`,`j_o_u_r_n_a_l__i_d`,`t_r_a_n_s_a_c_t_i_o_n__i_d`,`g_l__a_c_c_t__n_o`,`t_r_a_n_s_a_c_t_i_o_n__t_y_p_e`,`a_m_o_u_n_t`,`c_r_e_a_t_e_d__b_y`,`s_u_b__l_e_d_g_e_r__n_o`,`s_e_g__n_o`,`a_c_c_t__d_e_s_c`,`b_a_l__c_d`,`g_l__a_c_c_t__c_a_t`,`c_u_r_r_e_n_c_y__c_o_d_e`,`e_x_c_h_a_n_g_e__r_a_t_e`,`r_e_f_e_r_e_n_c_e__i_d`,`s_t_a_t_u_s`,`t_r_a_n_s_a_c_t_i_o_n__d_a_t_e`,`b_a_l_a_n_c_e__a_f_t_e_r`,`l_e_d_g_e_r__b_a_l_a_n_c_e__a_f_t_e_r`,`c_l_e_a_r_e_d__b_a_l_a_n_c_e__a_f_t_e_r`,`a_v_a_i_l_a_b_l_e__b_a_l_a_n_c_e__a_f_t_e_r`,`p_r_e_v_i_o_u_s__b_a_l_a_n_c_e`,`p_r_e_v_i_o_u_s__l_e_d_g_e_r__b_a_l_a_n_c_e`,`p_r_e_v_i_o_u_s__c_l_e_a_r_e_d__b_a_l_a_n_c_e`,`p_r_e_v_i_o_u_s__a_v_a_i_l_a_b_l_e__b_a_l_a_n_c_e`,`i_n_w_d__f_u_n_d_s__x_f_e_r__i_d`,`x_f_e_r__r_e_f`,`n_a_r_r_a_t_i_o_n`,`i_s__r_e_v_e_r_s_a_l`,`b_a_l_a_n_c_e__i_m_p_a_c_t`,`created_at`,`updated_at`) VALUES (DEFAULT,?,?,?,?,?,?,?,?,?,?,?,?,?,?,?,?,?,?,?,?,?,?,?,?,?,?,?,?,?,?,?);","sqlMessage":"Table 'core_banking.pending_gl_transactions' doesn't exist","sqlState":"42S02"},"parameters":["JNL-6-1772349384065","GL-6-1772349384065","2867582897","CR",5000,"WEBHOOK","000",1,"Inward Transfer: Jane Smith - TRF_123456678899","01","LIABILITY","NGN",1,"TRF_123456678899","PENDING","2026-03-01 07:16:24",305000,315000,315000,315000,300000,310000,310000,310000,6,"TRF_123456678899","Credit from Jane Smith",false,"\"{\\\"previous\\\":{\\\"current\\\":300000,\\\"ledger\\\":310000,\\\"cleared\\\":310000,\\\"available\\\":310000},\\\"after\\\":{\\\"current\\\":305000,\\\"ledger\\\":315000,\\\"cleared\\\":315000,\\\"available\\\":315000},\\\"change\\\":{\\\"current\\\":5000,\\\"ledger\\\":5000,\\\"cleared\\\":5000,\\\"available\\\":5000},\\\"transaction_type\\\":\\\"CR\\\",\\\"source\\\":\\\"INWARD_WEBHOOK\\\"}\"","2026-03-01 07:16:24","2026-03-01 07:16:24"],"parent":{"code":"ER_NO_SUCH_TABLE","errno":1146,"parameters":["JNL-6-1772349384065","GL-6-1772349384065","2867582897","CR",5000,"WEBHOOK","000",1,"Inward Transfer: Jane Smith - TRF_123456678899","01","LIABILITY","NGN",1,"TRF_123456678899","PENDING","2026-03-01 07:16:24",305000,315000,315000,315000,300000,310000,310000,310000,6,"TRF_123456678899","Credit from Jane Smith",false,"\"{\\\"previous\\\":{\\\"current\\\":300000,\\\"ledger\\\":310000,\\\"cleared\\\":310000,\\\"available\\\":310000},\\\"after\\\":{\\\"current\\\":305000,\\\"ledger\\\":315000,\\\"cleared\\\":315000,\\\"available\\\":315000},\\\"change\\\":{\\\"current\\\":5000,\\\"ledger\\\":5000,\\\"cleared\\\":5000,\\\"available\\\":5000},\\\"transaction_type\\\":\\\"CR\\\",\\\"source\\\":\\\"INWARD_WEBHOOK\\\"}\"","2026-03-01 07:16:24","2026-03-01 07:16:24"],"sql":"INSERT INTO `pending_gl_transactions` (`id`,`j_o_u_r_n_a_l__i_d`,`t_r_a_n_s_a_c_t_i_o_n__i_d`,`g_l__a_c_c_t__n_o`,`t_r_a_n_s_a_c_t_i_o_n__t_y_p_e`,`a_m_o_u_n_t`,`c_r_e_a_t_e_d__b_y`,`s_u_b__l_e_d_g_e_r__n_o`,`s_e_g__n_o`,`a_c_c_t__d_e_s_c`,`b_a_l__c_d`,`g_l__a_c_c_t__c_a_t`,`c_u_r_r_e_n_c_y__c_o_d_e`,`e_x_c_h_a_n_g_e__r_a_t_e`,`r_e_f_e_r_e_n_c_e__i_d`,`s_t_a_t_u_s`,`t_r_a_n_s_a_c_t_i_o_n__d_a_t_e`,`b_a_l_a_n_c_e__a_f_t_e_r`,`l_e_d_g_e_r__b_a_l_a_n_c_e__a_f_t_e_r`,`c_l_e_a_r_e_d__b_a_l_a_n_c_e__a_f_t_e_r`,`a_v_a_i_l_a_b_l_e__b_a_l_a_n_c_e__a_f_t_e_r`,`p_r_e_v_i_o_u_s__b_a_l_a_n_c_e`,`p_r_e_v_i_o_u_s__l_e_d_g_e_r__b_a_l_a_n_c_e`,`p_r_e_v_i_o_u_s__c_l_e_a_r_e_d__b_a_l_a_n_c_e`,`p_r_e_v_i_o_u_s__a_v_a_i_l_a_b_l_e__b_a_l_a_n_c_e`,`i_n_w_d__f_u_n_d_s__x_f_e_r__i_d`,`x_f_e_r__r_e_f`,`n_a_r_r_a_t_i_o_n`,`i_s__r_e_v_e_r_s_a_l`,`b_a_l_a_n_c_e__i_m_p_a_c_t`,`created_at`,`updated_at`) VALUES (DEFAULT,?,?,?,?,?,?,?,?,?,?,?,?,?,?,?,?,?,?,?,?,?,?,?,?,?,?,?,?,?,?,?);","sqlMessage":"Table 'core_banking.pending_gl_transactions' doesn't exist","sqlState":"42S02"},"sql":"INSERT INTO `pending_gl_transactions` (`id`,`j_o_u_r_n_a_l__i_d`,`t_r_a_n_s_a_c_t_i_o_n__i_d`,`g_l__a_c_c_t__n_o`,`t_r_a_n_s_a_c_t_i_o_n__t_y_p_e`,`a_m_o_u_n_t`,`c_r_e_a_t_e_d__b_y`,`s_u_b__l_e_d_g_e_r__n_o`,`s_e_g__n_o`,`a_c_c_t__d_e_s_c`,`b_a_l__c_d`,`g_l__a_c_c_t__c_a_t`,`c_u_r_r_e_n_c_y__c_o_d_e`,`e_x_c_h_a_n_g_e__r_a_t_e`,`r_e_f_e_r_e_n_c_e__i_d`,`s_t_a_t_u_s`,`t_r_a_n_s_a_c_t_i_o_n__d_a_t_e`,`b_a_l_a_n_c_e__a_f_t_e_r`,`l_e_d_g_e_r__b_a_l_a_n_c_e__a_f_t_e_r`,`c_l_e_a_r_e_d__b_a_l_a_n_c_e__a_f_t_e_r`,`a_v_a_i_l_a_b_l_e__b_a_l_a_n_c_e__a_f_t_e_r`,`p_r_e_v_i_o_u_s__b_a_l_a_n_c_e`,`p_r_e_v_i_o_u_s__l_e_d_g_e_r__b_a_l_a_n_c_e`,`p_r_e_v_i_o_u_s__c_l_e_a_r_e_d__b_a_l_a_n_c_e`,`p_r_e_v_i_o_u_s__a_v_a_i_l_a_b_l_e__b_a_l_a_n_c_e`,`i_n_w_d__f_u_n_d_s__x_f_e_r__i_d`,`x_f_e_r__r_e_f`,`n_a_r_r_a_t_i_o_n`,`i_s__r_e_v_e_r_s_a_l`,`b_a_l_a_n_c_e__i_m_p_a_c_t`,`created_at`,`updated_at`) VALUES (DEFAULT,?,?,?,?,?,?,?,?,?,?,?,?,?,?,?,?,?,?,?,?,?,?,?,?,?,?,?,?,?,?,?);","stack":"Error\n    at Query.run (F:\\WORKON\\CODE\\PCO_BANKING\\EVOLUTION BANKING BACKEND\\node_modules\\sequelize\\lib\\dialects\\mysql\\query.js:52:25)\n    at F:\\WORKON\\CODE\\PCO_BANKING\\EVOLUTION BANKING BACKEND\\node_modules\\sequelize\\lib\\sequelize.js:315:28\n    at process.processTicksAndRejections (node:internal/process/task_queues:103:5)\n    at async MySQLQueryInterface.insert (F:\\WORKON\\CODE\\PCO_BANKING\\EVOLUTION BANKING BACKEND\\node_modules\\sequelize\\lib\\dialects\\abstract\\query-interface.js:308:21)\n    at async PendingGLTransaction.save (F:\\WORKON\\CODE\\PCO_BANKING\\EVOLUTION BANKING BACKEND\\node_modules\\sequelize\\lib\\model.js:2490:35)\n    at async PendingGLTransaction.create (F:\\WORKON\\CODE\\PCO_BANKING\\EVOLUTION BANKING BACKEND\\node_modules\\sequelize\\lib\\model.js:1362:12)\n    at async file:///F:/WORKON/CODE/PCO_BANKING/EVOLUTION%20BANKING%20BACKEND/src/routes/InwardFundsTransferRoutes.js:88:36","timestamp":"2026-02-28 23:16:24"}
{"BENEFICIARY_ACCT":"2867582897","BENEFICIARY_BANK_CNTRY_ID":1,"BENEFICIARY_BANK_NM":"Test Bank","BENEFICIARY_NM":"Paul Matthew","PAYMENT_MTD_CD":"GENERIC","PAY_CRNCY_ID":1,"PRIORITY_LEVEL_CD":"NORMAL","RECIEVING_BANK_CHRG":15,"REMITTER_NM":"Jane Smith","SENDING_BANK_CHRG":25,"VALUE_DT":"2026-02-28","XFER_AMT":5000,"XFER_CRNCY_ID":1,"XFER_REF":"TRF_123456678899","level":"info","message":"📥 Received inward funds webhook:","timestamp":"2026-02-28 23:21:53"}
{"level":"info","message":"✅ Created inward transfer: 7 (Status: ACTIVE)","timestamp":"2026-02-28 23:21:53"}
{"level":"info","message":"✅ Updated customer account: 2867582897","timestamp":"2026-02-28 23:21:53"}
{"level":"error","message":"❌ Error processing inward funds webhook: Unknown column 'j_o_u_r_n_a_l__i_d' in 'field list'","name":"SequelizeDatabaseError","original":{"code":"ER_BAD_FIELD_ERROR","errno":1054,"parameters":["JNL-7-1772349713359","GL-7-1772349713359","2867582897","CR",5000,"WEBHOOK","000",1,"Inward Transfer: Jane Smith - TRF_123456678899","01","LIABILITY","NGN",1,"TRF_123456678899","PENDING","2026-03-01 07:21:53",305000,315000,315000,315000,300000,310000,310000,310000,7,"TRF_123456678899","Credit from Jane Smith",false,"\"{\\\"previous\\\":{\\\"current\\\":300000,\\\"ledger\\\":310000,\\\"cleared\\\":310000,\\\"available\\\":310000},\\\"after\\\":{\\\"current\\\":305000,\\\"ledger\\\":315000,\\\"cleared\\\":315000,\\\"available\\\":315000},\\\"change\\\":{\\\"current\\\":5000,\\\"ledger\\\":5000,\\\"cleared\\\":5000,\\\"available\\\":5000},\\\"transaction_type\\\":\\\"CR\\\",\\\"source\\\":\\\"INWARD_WEBHOOK\\\"}\"","2026-03-01 07:21:53","2026-03-01 07:21:53"],"sql":"INSERT INTO `pending_gl_transactions` (`id`,`j_o_u_r_n_a_l__i_d`,`t_r_a_n_s_a_c_t_i_o_n__i_d`,`g_l__a_c_c_t__n_o`,`t_r_a_n_s_a_c_t_i_o_n__t_y_p_e`,`a_m_o_u_n_t`,`c_r_e_a_t_e_d__b_y`,`s_u_b__l_e_d_g_e_r__n_o`,`s_e_g__n_o`,`a_c_c_t__d_e_s_c`,`b_a_l__c_d`,`g_l__a_c_c_t__c_a_t`,`c_u_r_r_e_n_c_y__c_o_d_e`,`e_x_c_h_a_n_g_e__r_a_t_e`,`r_e_f_e_r_e_n_c_e__i_d`,`s_t_a_t_u_s`,`t_r_a_n_s_a_c_t_i_o_n__d_a_t_e`,`b_a_l_a_n_c_e__a_f_t_e_r`,`l_e_d_g_e_r__b_a_l_a_n_c_e__a_f_t_e_r`,`c_l_e_a_r_e_d__b_a_l_a_n_c_e__a_f_t_e_r`,`a_v_a_i_l_a_b_l_e__b_a_l_a_n_c_e__a_f_t_e_r`,`p_r_e_v_i_o_u_s__b_a_l_a_n_c_e`,`p_r_e_v_i_o_u_s__l_e_d_g_e_r__b_a_l_a_n_c_e`,`p_r_e_v_i_o_u_s__c_l_e_a_r_e_d__b_a_l_a_n_c_e`,`p_r_e_v_i_o_u_s__a_v_a_i_l_a_b_l_e__b_a_l_a_n_c_e`,`i_n_w_d__f_u_n_d_s__x_f_e_r__i_d`,`x_f_e_r__r_e_f`,`n_a_r_r_a_t_i_o_n`,`i_s__r_e_v_e_r_s_a_l`,`b_a_l_a_n_c_e__i_m_p_a_c_t`,`created_at`,`updated_at`) VALUES (DEFAULT,?,?,?,?,?,?,?,?,?,?,?,?,?,?,?,?,?,?,?,?,?,?,?,?,?,?,?,?,?,?,?);","sqlMessage":"Unknown column 'j_o_u_r_n_a_l__i_d' in 'field list'","sqlState":"42S22"},"parameters":["JNL-7-1772349713359","GL-7-1772349713359","2867582897","CR",5000,"WEBHOOK","000",1,"Inward Transfer: Jane Smith - TRF_123456678899","01","LIABILITY","NGN",1,"TRF_123456678899","PENDING","2026-03-01 07:21:53",305000,315000,315000,315000,300000,310000,310000,310000,7,"TRF_123456678899","Credit from Jane Smith",false,"\"{\\\"previous\\\":{\\\"current\\\":300000,\\\"ledger\\\":310000,\\\"cleared\\\":310000,\\\"available\\\":310000},\\\"after\\\":{\\\"current\\\":305000,\\\"ledger\\\":315000,\\\"cleared\\\":315000,\\\"available\\\":315000},\\\"change\\\":{\\\"current\\\":5000,\\\"ledger\\\":5000,\\\"cleared\\\":5000,\\\"available\\\":5000},\\\"transaction_type\\\":\\\"CR\\\",\\\"source\\\":\\\"INWARD_WEBHOOK\\\"}\"","2026-03-01 07:21:53","2026-03-01 07:21:53"],"parent":{"code":"ER_BAD_FIELD_ERROR","errno":1054,"parameters":["JNL-7-1772349713359","GL-7-1772349713359","2867582897","CR",5000,"WEBHOOK","000",1,"Inward Transfer: Jane Smith - TRF_123456678899","01","LIABILITY","NGN",1,"TRF_123456678899","PENDING","2026-03-01 07:21:53",305000,315000,315000,315000,300000,310000,310000,310000,7,"TRF_123456678899","Credit from Jane Smith",false,"\"{\\\"previous\\\":{\\\"current\\\":300000,\\\"ledger\\\":310000,\\\"cleared\\\":310000,\\\"available\\\":310000},\\\"after\\\":{\\\"current\\\":305000,\\\"ledger\\\":315000,\\\"cleared\\\":315000,\\\"available\\\":315000},\\\"change\\\":{\\\"current\\\":5000,\\\"ledger\\\":5000,\\\"cleared\\\":5000,\\\"available\\\":5000},\\\"transaction_type\\\":\\\"CR\\\",\\\"source\\\":\\\"INWARD_WEBHOOK\\\"}\"","2026-03-01 07:21:53","2026-03-01 07:21:53"],"sql":"INSERT INTO `pending_gl_transactions` (`id`,`j_o_u_r_n_a_l__i_d`,`t_r_a_n_s_a_c_t_i_o_n__i_d`,`g_l__a_c_c_t__n_o`,`t_r_a_n_s_a_c_t_i_o_n__t_y_p_e`,`a_m_o_u_n_t`,`c_r_e_a_t_e_d__b_y`,`s_u_b__l_e_d_g_e_r__n_o`,`s_e_g__n_o`,`a_c_c_t__d_e_s_c`,`b_a_l__c_d`,`g_l__a_c_c_t__c_a_t`,`c_u_r_r_e_n_c_y__c_o_d_e`,`e_x_c_h_a_n_g_e__r_a_t_e`,`r_e_f_e_r_e_n_c_e__i_d`,`s_t_a_t_u_s`,`t_r_a_n_s_a_c_t_i_o_n__d_a_t_e`,`b_a_l_a_n_c_e__a_f_t_e_r`,`l_e_d_g_e_r__b_a_l_a_n_c_e__a_f_t_e_r`,`c_l_e_a_r_e_d__b_a_l_a_n_c_e__a_f_t_e_r`,`a_v_a_i_l_a_b_l_e__b_a_l_a_n_c_e__a_f_t_e_r`,`p_r_e_v_i_o_u_s__b_a_l_a_n_c_e`,`p_r_e_v_i_o_u_s__l_e_d_g_e_r__b_a_l_a_n_c_e`,`p_r_e_v_i_o_u_s__c_l_e_a_r_e_d__b_a_l_a_n_c_e`,`p_r_e_v_i_o_u_s__a_v_a_i_l_a_b_l_e__b_a_l_a_n_c_e`,`i_n_w_d__f_u_n_d_s__x_f_e_r__i_d`,`x_f_e_r__r_e_f`,`n_a_r_r_a_t_i_o_n`,`i_s__r_e_v_e_r_s_a_l`,`b_a_l_a_n_c_e__i_m_p_a_c_t`,`created_at`,`updated_at`) VALUES (DEFAULT,?,?,?,?,?,?,?,?,?,?,?,?,?,?,?,?,?,?,?,?,?,?,?,?,?,?,?,?,?,?,?);","sqlMessage":"Unknown column 'j_o_u_r_n_a_l__i_d' in 'field list'","sqlState":"42S22"},"sql":"INSERT INTO `pending_gl_transactions` (`id`,`j_o_u_r_n_a_l__i_d`,`t_r_a_n_s_a_c_t_i_o_n__i_d`,`g_l__a_c_c_t__n_o`,`t_r_a_n_s_a_c_t_i_o_n__t_y_p_e`,`a_m_o_u_n_t`,`c_r_e_a_t_e_d__b_y`,`s_u_b__l_e_d_g_e_r__n_o`,`s_e_g__n_o`,`a_c_c_t__d_e_s_c`,`b_a_l__c_d`,`g_l__a_c_c_t__c_a_t`,`c_u_r_r_e_n_c_y__c_o_d_e`,`e_x_c_h_a_n_g_e__r_a_t_e`,`r_e_f_e_r_e_n_c_e__i_d`,`s_t_a_t_u_s`,`t_r_a_n_s_a_c_t_i_o_n__d_a_t_e`,`b_a_l_a_n_c_e__a_f_t_e_r`,`l_e_d_g_e_r__b_a_l_a_n_c_e__a_f_t_e_r`,`c_l_e_a_r_e_d__b_a_l_a_n_c_e__a_f_t_e_r`,`a_v_a_i_l_a_b_l_e__b_a_l_a_n_c_e__a_f_t_e_r`,`p_r_e_v_i_o_u_s__b_a_l_a_n_c_e`,`p_r_e_v_i_o_u_s__l_e_d_g_e_r__b_a_l_a_n_c_e`,`p_r_e_v_i_o_u_s__c_l_e_a_r_e_d__b_a_l_a_n_c_e`,`p_r_e_v_i_o_u_s__a_v_a_i_l_a_b_l_e__b_a_l_a_n_c_e`,`i_n_w_d__f_u_n_d_s__x_f_e_r__i_d`,`x_f_e_r__r_e_f`,`n_a_r_r_a_t_i_o_n`,`i_s__r_e_v_e_r_s_a_l`,`b_a_l_a_n_c_e__i_m_p_a_c_t`,`created_at`,`updated_at`) VALUES (DEFAULT,?,?,?,?,?,?,?,?,?,?,?,?,?,?,?,?,?,?,?,?,?,?,?,?,?,?,?,?,?,?,?);","stack":"Error\n    at Query.run (F:\\WORKON\\CODE\\PCO_BANKING\\EVOLUTION BANKING BACKEND\\node_modules\\sequelize\\lib\\dialects\\mysql\\query.js:52:25)\n    at F:\\WORKON\\CODE\\PCO_BANKING\\EVOLUTION BANKING BACKEND\\node_modules\\sequelize\\lib\\sequelize.js:315:28\n    at process.processTicksAndRejections (node:internal/process/task_queues:103:5)\n    at async MySQLQueryInterface.insert (F:\\WORKON\\CODE\\PCO_BANKING\\EVOLUTION BANKING BACKEND\\node_modules\\sequelize\\lib\\dialects\\abstract\\query-interface.js:308:21)\n    at async PendingGLTransaction.save (F:\\WORKON\\CODE\\PCO_BANKING\\EVOLUTION BANKING BACKEND\\node_modules\\sequelize\\lib\\model.js:2490:35)\n    at async PendingGLTransaction.create (F:\\WORKON\\CODE\\PCO_BANKING\\EVOLUTION BANKING BACKEND\\node_modules\\sequelize\\lib\\model.js:1362:12)\n    at async file:///F:/WORKON/CODE/PCO_BANKING/EVOLUTION%20BANKING%20BACKEND/src/routes/InwardFundsTransferRoutes.js:88:36","timestamp":"2026-02-28 23:21:53"}
{"level":"info","logDir":"logs","message":"🚀 Winston logger initialized","nodeVersion":"v24.13.0","platform":"win32","timestamp":"2026-02-28 23:25:19"}
{"BENEFICIARY_ACCT":"2867582897","BENEFICIARY_BANK_CNTRY_ID":1,"BENEFICIARY_BANK_NM":"Test Bank","BENEFICIARY_NM":"Paul Matthew","PAYMENT_MTD_CD":"GENERIC","PAY_CRNCY_ID":1,"PRIORITY_LEVEL_CD":"NORMAL","RECIEVING_BANK_CHRG":15,"REMITTER_NM":"Jane Smith","SENDING_BANK_CHRG":25,"VALUE_DT":"2026-02-28","XFER_AMT":5000,"XFER_CRNCY_ID":1,"XFER_REF":"TRF_123456678899","level":"info","message":"📥 Received inward funds webhook:","timestamp":"2026-02-28 23:25:19"}
{"level":"info","message":"✅ Created inward transfer: 8 (Status: ACTIVE)","timestamp":"2026-02-28 23:25:19"}
{"level":"info","message":"✅ Updated customer account: 2867582897","timestamp":"2026-02-28 23:25:19"}
{"level":"info","message":"✅ Created Pending GL Transaction: GL-8-1772349919233 (Status: PENDING)","timestamp":"2026-02-28 23:25:19"}
{"level":"info","message":"Server time initialized (WAT): 2026-03-01T08:28:55.241Z","timestamp":"2026-02-28 23:28:55"}
{"error":"auditLogger.info(...).catch is not a function","level":"warn","message":"Could not log startup audit","timestamp":"2026-02-28 23:28:55"}
{"level":"info","message":"Starting End of Day process","runServices":[],"skipServices":[],"timestamp":"2026-02-28 23:28:55","userId":"system"}
{"level":"info","message":"Skipping EOD services","skippedServices":[],"timestamp":"2026-02-28 23:28:55"}
{"businessDate":"2026-03-01T07:28:55.621Z","level":"info","message":"Starting loanProcessing service","timestamp":"2026-02-28 23:28:55"}
{"businessDate":null,"level":"info","message":"Starting loanProcessing service","timestamp":"2026-02-28 23:28:55"}
{"level":"info","message":"⏰ Processing overdue loans...","timestamp":"2026-02-28 23:28:55"}
{"level":"info","message":"🔄 Processing loan overdue status...","timestamp":"2026-02-28 23:28:55"}
{"findAllExists":"NO","getLoanAccountIsFunction":true,"getLoanAccountType":"function","level":"error","loanAccountExists":false,"loanAccountType":"undefined","message":"LoanAccount model not available or findAll not a function","timestamp":"2026-02-28 23:28:55"}
{"executionTime":4,"level":"info","message":"loanProcessing service completed","overdueCount":0,"statusUpdateCount":0,"timestamp":"2026-02-28 23:28:55"}
{"executionTime":4,"level":"info","message":"loanProcessing completed in 4ms","timestamp":"2026-02-28 23:28:55"}
{"businessDate":"2026-03-01T07:28:55.621Z","level":"info","message":"Starting overdueLoans service","timestamp":"2026-02-28 23:28:55"}
{"businessDate":null,"level":"info","message":"Starting overdueLoans service","timestamp":"2026-02-28 23:28:55"}
{"level":"info","message":"⏰ Processing overdue loans...","timestamp":"2026-02-28 23:28:55"}
{"level":"info","message":"🔄 Processing loan overdue status...","timestamp":"2026-02-28 23:28:55"}
{"findAllExists":"NO","getLoanAccountIsFunction":true,"getLoanAccountType":"function","level":"error","loanAccountExists":false,"loanAccountType":"undefined","message":"LoanAccount model not available or findAll not a function","timestamp":"2026-02-28 23:28:55"}
{"executionTime":4,"level":"info","message":"overdueLoans service completed","overdueCount":0,"statusUpdateCount":0,"timestamp":"2026-02-28 23:28:55"}
{"executionTime":4,"level":"info","message":"overdueLoans completed in 4ms","timestamp":"2026-02-28 23:28:55"}
{"businessDate":"2026-03-01T07:28:55.621Z","level":"info","message":"Starting processAutoCollections service","timestamp":"2026-02-28 23:28:55"}
{"businessDate":null,"level":"info","message":"Starting processAutoCollections service","timestamp":"2026-02-28 23:28:55"}
{"level":"info","message":"⚡ Auto-initializing models on demand...","timestamp":"2026-02-28 23:28:55"}
{"level":"info","message":"🚀 Initializing model loader...","timestamp":"2026-02-28 23:28:55"}
{"level":"info","message":"✅ Models loaded via index.js","timestamp":"2026-02-28 23:28:55"}
{"level":"info","message":"🔍 Loading critical model User on demand...","timestamp":"2026-02-28 23:28:55"}
{"level":"info","message":"✅ Loaded critical model User on demand","timestamp":"2026-02-28 23:28:55"}
{"level":"info","message":"🔍 Loading critical model Customer on demand...","timestamp":"2026-02-28 23:28:55"}
{"level":"info","message":"✅ Loaded critical model Customer on demand","timestamp":"2026-02-28 23:28:55"}
{"level":"info","message":"🔍 Loading critical model CustomerAccount on demand...","timestamp":"2026-02-28 23:28:55"}
{"level":"info","message":"✅ Loaded critical model CustomerAccount on demand","timestamp":"2026-02-28 23:28:55"}
{"level":"info","message":"🔍 Loading critical model LoanAccount on demand...","timestamp":"2026-02-28 23:28:55"}
{"level":"info","message":"✅ Loaded critical model LoanAccount on demand","timestamp":"2026-02-28 23:28:55"}
{"level":"info","message":"🔍 Loading critical model LoanRepayment on demand...","timestamp":"2026-02-28 23:28:55"}
{"level":"info","message":"✅ Loaded critical model LoanRepayment on demand","timestamp":"2026-02-28 23:28:55"}
{"level":"info","message":"🔍 Loading critical model Deposit on demand...","timestamp":"2026-02-28 23:28:55"}
{"level":"info","message":"✅ Loaded critical model Deposit on demand","timestamp":"2026-02-28 23:28:55"}
{"level":"info","message":"🔍 Loading critical model Transaction on demand...","timestamp":"2026-02-28 23:28:55"}
{"level":"info","message":"✅ Loaded critical model Transaction on demand","timestamp":"2026-02-28 23:28:55"}
{"level":"info","message":"🔍 Loading critical model GLAccount on demand...","timestamp":"2026-02-28 23:28:55"}
{"level":"info","message":"✅ Loaded critical model GLAccount on demand","timestamp":"2026-02-28 23:28:55"}
{"level":"info","message":"🔍 Loading critical model AuditTrail on demand...","timestamp":"2026-02-28 23:28:55"}
{"level":"info","message":"✅ Loaded critical model AuditTrail on demand","timestamp":"2026-02-28 23:28:55"}
{"level":"info","message":"🔍 Loading critical model Thrift on demand...","timestamp":"2026-02-28 23:28:55"}
{"level":"info","message":"✅ Loaded critical model Thrift on demand","timestamp":"2026-02-28 23:28:55"}
{"level":"info","message":"✅ Model loader initialized successfully","timestamp":"2026-02-28 23:28:55"}
{"level":"info","message":"📊 Loaded models: sequelize, Op, DataTypes, QueryTypes, User, Customer, CustomerAccount, LoanAccount, LoanRepayment, Deposit, Transaction, GLAccount, AuditTrail, Thrift","timestamp":"2026-02-28 23:28:55"}
{"level":"error","message":"processAutoCollections failed Model DirectDebit not found. Available: sequelize, Op, DataTypes, QueryTypes, User, Customer, CustomerAccount, LoanAccount, LoanRepayment, Deposit, Transaction, GLAccount, AuditTrail, Thrift","stack":"Error: Model DirectDebit not found. Available: sequelize, Op, DataTypes, QueryTypes, User, Customer, CustomerAccount, LoanAccount, LoanRepayment, Deposit, Transaction, GLAccount, AuditTrail, Thrift\n    at ModelLoader.getModel (file:///F:/WORKON/CODE/PCO_BANKING/EVOLUTION%20BANKING%20BACKEND/src/utils/modelLoader.js:275:13)\n    at getDirectDebit (file:///F:/WORKON/CODE/PCO_BANKING/EVOLUTION%20BANKING%20BACKEND/src/utils/modelLoader.js:549:22)\n    at process.processTicksAndRejections (node:internal/process/task_queues:103:5)\n    at async processAutoCollections (file:///F:/WORKON/CODE/PCO_BANKING/EVOLUTION%20BANKING%20BACKEND/src/Services/autoCollectionService.js:27:23)\n    at async executeService (file:///F:/WORKON/CODE/PCO_BANKING/EVOLUTION%20BANKING%20BACKEND/src/controllers/OsController.js:1464:20)\n    at async triggerEndOfDayProcess (file:///F:/WORKON/CODE/PCO_BANKING/EVOLUTION%20BANKING%20BACKEND/src/controllers/OsController.js:1752:43)","timestamp":"2026-02-28 23:28:55"}
{"businessDate":"2026-03-01T07:28:55.621Z","level":"info","message":"Starting loanStatusUpdates service","timestamp":"2026-02-28 23:28:55"}
{"businessDate":null,"level":"info","message":"Starting loanStatusUpdates service","timestamp":"2026-02-28 23:28:55"}
{"level":"info","message":"🔄 Processing loan status updates...","timestamp":"2026-02-28 23:28:55"}
{"executionTime":1,"level":"info","message":"loanStatusUpdates service completed","timestamp":"2026-02-28 23:28:55","updateCount":0}
{"executionTime":1,"level":"info","message":"loanStatusUpdates completed in 1ms","timestamp":"2026-02-28 23:28:55"}
{"businessDate":"2026-03-01T07:28:55.621Z","level":"info","message":"Starting interestPosting service","timestamp":"2026-02-28 23:28:55"}
{"businessDate":null,"level":"info","message":"Starting interestPosting service","timestamp":"2026-02-28 23:28:55"}
{"level":"info","message":"💰 Processing interest posting...","timestamp":"2026-02-28 23:28:55"}
{"executionTime":2,"level":"info","message":"interestPosting completed in 2ms","timestamp":"2026-02-28 23:28:55"}
{"businessDate":"2026-03-01T07:28:55.621Z","level":"info","message":"Starting glTransactions service","timestamp":"2026-02-28 23:28:55"}
{"businessDate":null,"level":"info","message":"Starting glTransactions service","timestamp":"2026-02-28 23:28:55"}
{"level":"info","message":"📊 Processing GL transactions...","timestamp":"2026-02-28 23:28:55"}
{"executionTime":9,"failed":0,"level":"info","message":"glTransactions service completed","processed":0,"skipped":0,"timestamp":"2026-02-28 23:28:55"}
{"executionTime":9,"level":"info","message":"glTransactions completed in 9ms","timestamp":"2026-02-28 23:28:55"}
{"businessDate":"2026-03-01T07:28:55.621Z","level":"info","message":"Starting termDepositInterest service","timestamp":"2026-02-28 23:28:55"}
{"businessDate":null,"level":"info","message":"Starting termDepositInterest service","timestamp":"2026-02-28 23:28:55"}
{"level":"info","message":"🏦 Processing term deposit interest...","timestamp":"2026-02-28 23:28:55"}
{"executionTime":4,"level":"info","message":"termDepositInterest completed in 4ms","timestamp":"2026-02-28 23:28:55"}
{"businessDate":"2026-03-01T07:28:55.621Z","level":"info","message":"Starting reconciliation service","timestamp":"2026-02-28 23:28:55"}
{"businessDate":null,"level":"info","message":"Starting reconciliation service","timestamp":"2026-02-28 23:28:55"}
{"level":"info","message":"🔍 Performing reconciliation...","timestamp":"2026-02-28 23:28:55"}
{"discrepancies":0,"executionTime":9,"level":"info","message":"reconciliation service completed","reconciled":0,"skipped":0,"timestamp":"2026-02-28 23:28:55","updated":0}
{"executionTime":9,"level":"info","message":"reconciliation completed in 9ms","timestamp":"2026-02-28 23:28:55"}
{"businessDate":"2026-03-01T07:28:55.621Z","level":"info","message":"Starting pendingRepayments service","timestamp":"2026-02-28 23:28:55"}
{"businessDate":null,"level":"info","message":"Starting pendingRepayments service","timestamp":"2026-02-28 23:28:55"}
{"level":"info","message":"🔄 Processing pending loan repayments...","timestamp":"2026-02-28 23:28:55"}
{"error":"Unknown column 'LoanRepayment.date' in 'where clause'","level":"error","message":"❌ Failed to process pending repayments","timestamp":"2026-02-28 23:28:55"}
{"level":"error","message":"pendingRepayments failed Unknown column 'LoanRepayment.date' in 'where clause'","stack":"Error\n    at Query.run (F:\\WORKON\\CODE\\PCO_BANKING\\EVOLUTION BANKING BACKEND\\node_modules\\sequelize\\lib\\dialects\\mysql\\query.js:52:25)\n    at F:\\WORKON\\CODE\\PCO_BANKING\\EVOLUTION BANKING BACKEND\\node_modules\\sequelize\\lib\\sequelize.js:315:28\n    at process.processTicksAndRejections (node:internal/process/task_queues:103:5)\n    at async MySQLQueryInterface.select (F:\\WORKON\\CODE\\PCO_BANKING\\EVOLUTION BANKING BACKEND\\node_modules\\sequelize\\lib\\dialects\\abstract\\query-interface.js:407:12)\n    at async LoanRepayment.findAll (F:\\WORKON\\CODE\\PCO_BANKING\\EVOLUTION BANKING BACKEND\\node_modules\\sequelize\\lib\\model.js:1140:21)\n    at async processPendingRepayments (file:///F:/WORKON/CODE/PCO_BANKING/EVOLUTION%20BANKING%20BACKEND/src/Services/repaymentHandler.js:22:31)\n    at async executeService (file:///F:/WORKON/CODE/PCO_BANKING/EVOLUTION%20BANKING%20BACKEND/src/controllers/OsController.js:1464:20)\n    at async triggerEndOfDayProcess (file:///F:/WORKON/CODE/PCO_BANKING/EVOLUTION%20BANKING%20BACKEND/src/controllers/OsController.js:1752:43)","timestamp":"2026-02-28 23:28:55"}
{"businessDate":"2026-03-01T07:28:55.621Z","level":"info","message":"Starting dormantAccounts service","timestamp":"2026-02-28 23:28:55"}
{"businessDate":null,"level":"info","message":"Starting dormantAccounts service","timestamp":"2026-02-28 23:28:55"}
{"level":"info","message":"💤 Processing dormant accounts...","timestamp":"2026-02-28 23:28:55"}
{"executionTime":3,"level":"info","message":"dormantAccounts service completed","timestamp":"2026-02-28 23:28:55","updateCount":0}
{"level":"warn","message":"User model import commented out, using provided userId","timestamp":"2026-02-28 23:28:55"}
{"level":"info","message":"Calling SystemDateController.processEOD with userId:","timestamp":"2026-02-28 23:28:55","userId":"system"}
{"level":"info","message":"Using system user for EOD processing","timestamp":"2026-02-28 23:28:55"}
{"current_business_date":"2026-02-04T08:00:00.000Z","eod_status":"IN_PROGRESS","level":"info","message":"System date updated:","timestamp":"2026-02-28 23:28:55"}
{"level":"error","message":"Error checking if date should be skipped: Op is not defined","stack":"ReferenceError: Op is not defined\n    at Holiday.isHoliday (file:///F:/WORKON/CODE/PCO_BANKING/EVOLUTION%20BANKING%20BACKEND/src/models/Holiday.js:102:12)\n    at shouldSkipDate (file:///F:/WORKON/CODE/PCO_BANKING/EVOLUTION%20BANKING%20BACKEND/src/utils/dateUtils.js:120:43)\n    at calculateNextBusinessDate (file:///F:/WORKON/CODE/PCO_BANKING/EVOLUTION%20BANKING%20BACKEND/src/utils/dateUtils.js:94:18)\n    at Object.processEOD (file:///F:/WORKON/CODE/PCO_BANKING/EVOLUTION%20BANKING%20BACKEND/src/controllers/SystemDateController.js:777:45)\n    at async triggerEndOfDayProcess (file:///F:/WORKON/CODE/PCO_BANKING/EVOLUTION%20BANKING%20BACKEND/src/controllers/OsController.js:1801:9)","timestamp":"2026-02-28 23:28:56"}
{"level":"error","message":"Error checking if date should be skipped: Op is not defined","stack":"ReferenceError: Op is not defined\n    at Holiday.isHoliday (file:///F:/WORKON/CODE/PCO_BANKING/EVOLUTION%20BANKING%20BACKEND/src/models/Holiday.js:102:12)\n    at shouldSkipDate (file:///F:/WORKON/CODE/PCO_BANKING/EVOLUTION%20BANKING%20BACKEND/src/utils/dateUtils.js:120:43)\n    at calculateNextBusinessDate (file:///F:/WORKON/CODE/PCO_BANKING/EVOLUTION%20BANKING%20BACKEND/src/utils/dateUtils.js:94:18)\n    at SystemDate.beforeSave (file:///F:/WORKON/CODE/PCO_BANKING/EVOLUTION%20BANKING%20BACKEND/src/models/SystemDate.js:91:49)\n    at SystemDate.runHooks (F:\\WORKON\\CODE\\PCO_BANKING\\EVOLUTION BANKING BACKEND\\node_modules\\sequelize\\lib\\hooks.js:96:18)\n    at model.save (F:\\WORKON\\CODE\\PCO_BANKING\\EVOLUTION BANKING BACKEND\\node_modules\\sequelize\\lib\\model.js:2436:30)\n    at async Object.processEOD (file:///F:/WORKON/CODE/PCO_BANKING/EVOLUTION%20BANKING%20BACKEND/src/controllers/SystemDateController.js:808:7)\n    at async triggerEndOfDayProcess (file:///F:/WORKON/CODE/PCO_BANKING/EVOLUTION%20BANKING%20BACKEND/src/controllers/OsController.js:1801:9)","timestamp":"2026-02-28 23:28:56"}
{"current_business_date":"2026-02-05T08:00:00.000Z","eod_status":"COMPLETED","level":"info","message":"System date updated:","timestamp":"2026-02-28 23:28:56"}
{"duration":1.038,"level":"info","message":"EOD processed for 2026-02-04 by system","newDate":"2026-02-05T08:00:00.000Z","previousDate":"2026-02-04T08:00:00.000Z","timestamp":"2026-02-28 23:28:56","userId":0}
{"level":"info","message":"EOD processing completed successfully via SystemDateController","timestamp":"2026-02-28 23:28:56"}
{"level":"info","message":"End of Day processing completed successfully","servicesExecuted":["loanProcessing","overdueLoans","processAutoCollections","loanStatusUpdates","interestPosting","glTransactions","termDepositInterest","reconciliation","pendingRepayments","dormantAccounts"],"timestamp":"2026-02-28 23:28:56","totalServices":10}
{"level":"info","message":"🔧 Auto-initializing models in development mode...","timestamp":"2026-02-28 23:28:57"}
{"level":"info","message":"📊 Model Statistics:","timestamp":"2026-02-28 23:28:57"}
{"level":"info","message":"   Total models loaded: 14","timestamp":"2026-02-28 23:28:57"}
{"level":"info","message":"   CUSTOMER: 2 models","timestamp":"2026-02-28 23:28:57"}
{"level":"info","message":"   LOAN: 2 models","timestamp":"2026-02-28 23:28:57"}
{"level":"info","message":"   DEPOSIT: 1 models","timestamp":"2026-02-28 23:28:57"}
{"level":"info","message":"   TRANSACTION: 1 models","timestamp":"2026-02-28 23:28:57"}
{"level":"info","message":"   USER: 1 models","timestamp":"2026-02-28 23:28:57"}
{"level":"info","message":"   ACCOUNTING: 1 models","timestamp":"2026-02-28 23:28:57"}
{"level":"info","message":"   AUDIT: 1 models","timestamp":"2026-02-28 23:28:57"}
{"level":"info","message":"   THRIFT: 1 models","timestamp":"2026-02-28 23:28:57"}
{"level":"info","message":"✅ Thrift model successfully loaded and available","timestamp":"2026-02-28 23:28:57"}
